data;nome;escopo;local;vale_para_empresa;situacao;fonte;observacao
2025-01-01;Confraternização Universal;nacional;BR;;lei;Lei federal;
2025-03-03;Segunda-feira de Carnaval;facultativo;BR;;previsto;Regra de cálculo (Páscoa/data fixa);Ponto facultativo - só vale se a empresa ou a convenção coletiva conceder
2025-03-04;Terça-feira de Carnaval;facultativo;BR;;previsto;Regra de cálculo (Páscoa/data fixa);Ponto facultativo - só vale se a empresa ou a convenção coletiva conceder
2025-04-18;Sexta-feira Santa;nacional;BR;;lei;Lei federal (Páscoa calculada);
2025-04-21;Tiradentes;nacional;BR;;lei;Lei federal;
2025-05-01;Dia do Trabalho;nacional;BR;;lei;Lei federal;
2025-05-13;Dia da Padroeira do Município;municipal;Cianorte-PR;;confirmado;TJPR Decreto 645/2024;
2025-06-19;Corpus Christi;facultativo;BR;;previsto;Regra de cálculo (Páscoa/data fixa);Ponto facultativo - só vale se a empresa ou a convenção coletiva conceder
2025-07-26;Aniversário do Município;municipal;Cianorte-PR;;confirmado;TJPR Decretos 645/2024 e 350/2025;Em 2025 a comemoração foi transferida para 28/07 (Folha de Cianorte) mas o TJPR ainda lista o dia 26
2025-07-28;Aniversário do Município (transferido do dia 26/07);municipal;Cianorte-PR;;confirmado;TJPR Decreto 350/2025 e Folha de Cianorte;Transferência válida só em 2025 (LC Municipal 180/2022)
2025-09-07;Independência do Brasil;nacional;BR;;lei;Lei federal;
2025-10-12;Nossa Senhora Aparecida;nacional;BR;;lei;Lei federal;
2025-11-02;Finados;nacional;BR;;lei;Lei federal;
2025-11-15;Proclamação da República;nacional;BR;;lei;Lei federal;
2025-11-20;Dia Nacional de Zumbi e da Consciência Negra;nacional;BR;;lei;Lei 14.759/2023;
2025-12-19;Emancipação Política do Paraná;estadual;PR;;previsto;Bem Paraná (decisão da Justiça do Trabalho);Segundo a Justiça do Trabalho não é feriado civil (só servidores) - confirmar na convenção coletiva
2025-12-24;Véspera de Natal;facultativo;BR;;previsto;Regra de cálculo (Páscoa/data fixa);Ponto facultativo - só vale se a empresa ou a convenção coletiva conceder
2025-12-25;Natal;nacional;BR;;lei;Lei federal;
2025-12-31;Véspera de Ano Novo;facultativo;BR;;previsto;Regra de cálculo (Páscoa/data fixa);Ponto facultativo - só vale se a empresa ou a convenção coletiva conceder
2026-01-01;Confraternização Universal;nacional;BR;;lei;Lei federal;
2026-02-16;Segunda-feira de Carnaval;facultativo;BR;;previsto;Regra de cálculo (Páscoa/data fixa);Ponto facultativo - só vale se a empresa ou a convenção coletiva conceder
2026-02-17;Terça-feira de Carnaval;facultativo;BR;;previsto;Regra de cálculo (Páscoa/data fixa);Ponto facultativo - só vale se a empresa ou a convenção coletiva conceder
2026-04-03;Sexta-feira Santa;nacional;BR;;lei;Lei federal (Páscoa calculada);
2026-04-21;Tiradentes;nacional;BR;;lei;Lei federal;
2026-05-01;Dia do Trabalho;nacional;BR;;lei;Lei federal;
2026-05-13;Dia da Padroeira do Município;municipal;Cianorte-PR;;confirmado;TJPR Decreto 621/2025;
2026-06-04;Corpus Christi;facultativo;BR;;previsto;Regra de cálculo (Páscoa/data fixa);Ponto facultativo - só vale se a empresa ou a convenção coletiva conceder
2026-07-26;Emancipação Política do Município;municipal;Cianorte-PR;;confirmado;TJPR Decreto 621/2025;Caiu num domingo - confirmar se a prefeitura transferiu por decreto
2026-09-07;Independência do Brasil;nacional;BR;;lei;Lei federal;
2026-10-12;Nossa Senhora Aparecida;nacional;BR;;lei;Lei federal;
2026-11-02;Finados;nacional;BR;;lei;Lei federal;
2026-11-15;Proclamação da República;nacional;BR;;lei;Lei federal;
2026-11-20;Dia Nacional de Zumbi e da Consciência Negra;nacional;BR;;lei;Lei 14.759/2023;
2026-12-19;Emancipação Política do Paraná;estadual;PR;;previsto;Bem Paraná (decisão da Justiça do Trabalho);Segundo a Justiça do Trabalho não é feriado civil (só servidores) - confirmar na convenção coletiva
2026-12-24;Véspera de Natal;facultativo;BR;;previsto;Regra de cálculo (Páscoa/data fixa);Ponto facultativo - só vale se a empresa ou a convenção coletiva conceder
2026-12-25;Natal;nacional;BR;;lei;Lei federal;
2026-12-31;Véspera de Ano Novo;facultativo;BR;;previsto;Regra de cálculo (Páscoa/data fixa);Ponto facultativo - só vale se a empresa ou a convenção coletiva conceder
2027-01-01;Confraternização Universal;nacional;BR;;lei;Lei federal;
2027-02-08;Segunda-feira de Carnaval;facultativo;BR;;previsto;Regra de cálculo (Páscoa/data fixa);Ponto facultativo - só vale se a empresa ou a convenção coletiva conceder
2027-02-09;Terça-feira de Carnaval;facultativo;BR;;previsto;Regra de cálculo (Páscoa/data fixa);Ponto facultativo - só vale se a empresa ou a convenção coletiva conceder
2027-03-26;Sexta-feira Santa;nacional;BR;;lei;Lei federal (Páscoa calculada);
2027-04-21;Tiradentes;nacional;BR;;lei;Lei federal;
2027-05-01;Dia do Trabalho;nacional;BR;;lei;Lei federal;
2027-05-13;Dia da Padroeira do Município;municipal;Cianorte-PR;;previsto;Padrão dos anos confirmados (TJPR 2025 e 2026);Previsão pela data fixa - confirmar o decreto do ano (pode haver transferência)
2027-05-27;Corpus Christi;facultativo;BR;;previsto;Regra de cálculo (Páscoa/data fixa);Ponto facultativo - só vale se a empresa ou a convenção coletiva conceder
2027-07-26;Aniversário / Emancipação Política do Município;municipal;Cianorte-PR;;previsto;Padrão dos anos confirmados (TJPR 2025 e 2026);Previsão pela data fixa - confirmar o decreto do ano (pode haver transferência)
2027-09-07;Independência do Brasil;nacional;BR;;lei;Lei federal;
2027-10-12;Nossa Senhora Aparecida;nacional;BR;;lei;Lei federal;
2027-11-02;Finados;nacional;BR;;lei;Lei federal;
2027-11-15;Proclamação da República;nacional;BR;;lei;Lei federal;
2027-11-20;Dia Nacional de Zumbi e da Consciência Negra;nacional;BR;;lei;Lei 14.759/2023;
2027-12-19;Emancipação Política do Paraná;estadual;PR;;previsto;Bem Paraná (decisão da Justiça do Trabalho);Segundo a Justiça do Trabalho não é feriado civil (só servidores) - confirmar na convenção coletiva
2027-12-24;Véspera de Natal;facultativo;BR;;previsto;Regra de cálculo (Páscoa/data fixa);Ponto facultativo - só vale se a empresa ou a convenção coletiva conceder
2027-12-25;Natal;nacional;BR;;lei;Lei federal;
2027-12-31;Véspera de Ano Novo;facultativo;BR;;previsto;Regra de cálculo (Páscoa/data fixa);Ponto facultativo - só vale se a empresa ou a convenção coletiva conceder
2028-01-01;Confraternização Universal;nacional;BR;;lei;Lei federal;
2028-02-28;Segunda-feira de Carnaval;facultativo;BR;;previsto;Regra de cálculo (Páscoa/data fixa);Ponto facultativo - só vale se a empresa ou a convenção coletiva conceder
2028-02-29;Terça-feira de Carnaval;facultativo;BR;;previsto;Regra de cálculo (Páscoa/data fixa);Ponto facultativo - só vale se a empresa ou a convenção coletiva conceder
2028-04-14;Sexta-feira Santa;nacional;BR;;lei;Lei federal (Páscoa calculada);
2028-04-21;Tiradentes;nacional;BR;;lei;Lei federal;
2028-05-01;Dia do Trabalho;nacional;BR;;lei;Lei federal;
2028-05-13;Dia da Padroeira do Município;municipal;Cianorte-PR;;previsto;Padrão dos anos confirmados (TJPR 2025 e 2026);Previsão pela data fixa - confirmar o decreto do ano (pode haver transferência)
2028-06-15;Corpus Christi;facultativo;BR;;previsto;Regra de cálculo (Páscoa/data fixa);Ponto facultativo - só vale se a empresa ou a convenção coletiva conceder
2028-07-26;Aniversário / Emancipação Política do Município;municipal;Cianorte-PR;;previsto;Padrão dos anos confirmados (TJPR 2025 e 2026);Previsão pela data fixa - confirmar o decreto do ano (pode haver transferência)
2028-09-07;Independência do Brasil;nacional;BR;;lei;Lei federal;
2028-10-12;Nossa Senhora Aparecida;nacional;BR;;lei;Lei federal;
2028-11-02;Finados;nacional;BR;;lei;Lei federal;
2028-11-15;Proclamação da República;nacional;BR;;lei;Lei federal;
2028-11-20;Dia Nacional de Zumbi e da Consciência Negra;nacional;BR;;lei;Lei 14.759/2023;
2028-12-19;Emancipação Política do Paraná;estadual;PR;;previsto;Bem Paraná (decisão da Justiça do Trabalho);Segundo a Justiça do Trabalho não é feriado civil (só servidores) - confirmar na convenção coletiva
2028-12-24;Véspera de Natal;facultativo;BR;;previsto;Regra de cálculo (Páscoa/data fixa);Ponto facultativo - só vale se a empresa ou a convenção coletiva conceder
2028-12-25;Natal;nacional;BR;;lei;Lei federal;
2028-12-31;Véspera de Ano Novo;facultativo;BR;;previsto;Regra de cálculo (Páscoa/data fixa);Ponto facultativo - só vale se a empresa ou a convenção coletiva conceder
2029-01-01;Confraternização Universal;nacional;BR;;lei;Lei federal;
2029-02-12;Segunda-feira de Carnaval;facultativo;BR;;previsto;Regra de cálculo (Páscoa/data fixa);Ponto facultativo - só vale se a empresa ou a convenção coletiva conceder
2029-02-13;Terça-feira de Carnaval;facultativo;BR;;previsto;Regra de cálculo (Páscoa/data fixa);Ponto facultativo - só vale se a empresa ou a convenção coletiva conceder
2029-03-30;Sexta-feira Santa;nacional;BR;;lei;Lei federal (Páscoa calculada);
2029-04-21;Tiradentes;nacional;BR;;lei;Lei federal;
2029-05-01;Dia do Trabalho;nacional;BR;;lei;Lei federal;
2029-05-13;Dia da Padroeira do Município;municipal;Cianorte-PR;;previsto;Padrão dos anos confirmados (TJPR 2025 e 2026);Previsão pela data fixa - confirmar o decreto do ano (pode haver transferência)
2029-05-31;Corpus Christi;facultativo;BR;;previsto;Regra de cálculo (Páscoa/data fixa);Ponto facultativo - só vale se a empresa ou a convenção coletiva conceder
2029-07-26;Aniversário / Emancipação Política do Município;municipal;Cianorte-PR;;previsto;Padrão dos anos confirmados (TJPR 2025 e 2026);Previsão pela data fixa - confirmar o decreto do ano (pode haver transferência)
2029-09-07;Independência do Brasil;nacional;BR;;lei;Lei federal;
2029-10-12;Nossa Senhora Aparecida;nacional;BR;;lei;Lei federal;
2029-11-02;Finados;nacional;BR;;lei;Lei federal;
2029-11-15;Proclamação da República;nacional;BR;;lei;Lei federal;
2029-11-20;Dia Nacional de Zumbi e da Consciência Negra;nacional;BR;;lei;Lei 14.759/2023;
2029-12-19;Emancipação Política do Paraná;estadual;PR;;previsto;Bem Paraná (decisão da Justiça do Trabalho);Segundo a Justiça do Trabalho não é feriado civil (só servidores) - confirmar na convenção coletiva
2029-12-24;Véspera de Natal;facultativo;BR;;previsto;Regra de cálculo (Páscoa/data fixa);Ponto facultativo - só vale se a empresa ou a convenção coletiva conceder
2029-12-25;Natal;nacional;BR;;lei;Lei federal;
2029-12-31;Véspera de Ano Novo;facultativo;BR;;previsto;Regra de cálculo (Páscoa/data fixa);Ponto facultativo - só vale se a empresa ou a convenção coletiva conceder
2030-01-01;Confraternização Universal;nacional;BR;;lei;Lei federal;
2030-03-04;Segunda-feira de Carnaval;facultativo;BR;;previsto;Regra de cálculo (Páscoa/data fixa);Ponto facultativo - só vale se a empresa ou a convenção coletiva conceder
2030-03-05;Terça-feira de Carnaval;facultativo;BR;;previsto;Regra de cálculo (Páscoa/data fixa);Ponto facultativo - só vale se a empresa ou a convenção coletiva conceder
2030-04-19;Sexta-feira Santa;nacional;BR;;lei;Lei federal (Páscoa calculada);
2030-04-21;Tiradentes;nacional;BR;;lei;Lei federal;
2030-05-01;Dia do Trabalho;nacional;BR;;lei;Lei federal;
2030-05-13;Dia da Padroeira do Município;municipal;Cianorte-PR;;previsto;Padrão dos anos confirmados (TJPR 2025 e 2026);Previsão pela data fixa - confirmar o decreto do ano (pode haver transferência)
2030-06-20;Corpus Christi;facultativo;BR;;previsto;Regra de cálculo (Páscoa/data fixa);Ponto facultativo - só vale se a empresa ou a convenção coletiva conceder
2030-07-26;Aniversário / Emancipação Política do Município;municipal;Cianorte-PR;;previsto;Padrão dos anos confirmados (TJPR 2025 e 2026);Previsão pela data fixa - confirmar o decreto do ano (pode haver transferência)
2030-09-07;Independência do Brasil;nacional;BR;;lei;Lei federal;
2030-10-12;Nossa Senhora Aparecida;nacional;BR;;lei;Lei federal;
2030-11-02;Finados;nacional;BR;;lei;Lei federal;
2030-11-15;Proclamação da República;nacional;BR;;lei;Lei federal;
2030-11-20;Dia Nacional de Zumbi e da Consciência Negra;nacional;BR;;lei;Lei 14.759/2023;
2030-12-19;Emancipação Política do Paraná;estadual;PR;;previsto;Bem Paraná (decisão da Justiça do Trabalho);Segundo a Justiça do Trabalho não é feriado civil (só servidores) - confirmar na convenção coletiva
2030-12-24;Véspera de Natal;facultativo;BR;;previsto;Regra de cálculo (Páscoa/data fixa);Ponto facultativo - só vale se a empresa ou a convenção coletiva conceder
2030-12-25;Natal;nacional;BR;;lei;Lei federal;
2030-12-31;Véspera de Ano Novo;facultativo;BR;;previsto;Regra de cálculo (Páscoa/data fixa);Ponto facultativo - só vale se a empresa ou a convenção coletiva conceder
2031-01-01;Confraternização Universal;nacional;BR;;lei;Lei federal;
2031-02-24;Segunda-feira de Carnaval;facultativo;BR;;previsto;Regra de cálculo (Páscoa/data fixa);Ponto facultativo - só vale se a empresa ou a convenção coletiva conceder
2031-02-25;Terça-feira de Carnaval;facultativo;BR;;previsto;Regra de cálculo (Páscoa/data fixa);Ponto facultativo - só vale se a empresa ou a convenção coletiva conceder
2031-04-11;Sexta-feira Santa;nacional;BR;;lei;Lei federal (Páscoa calculada);
2031-04-21;Tiradentes;nacional;BR;;lei;Lei federal;
2031-05-01;Dia do Trabalho;nacional;BR;;lei;Lei federal;
2031-05-13;Dia da Padroeira do Município;municipal;Cianorte-PR;;previsto;Padrão dos anos confirmados (TJPR 2025 e 2026);Previsão pela data fixa - confirmar o decreto do ano (pode haver transferência)
2031-06-12;Corpus Christi;facultativo;BR;;previsto;Regra de cálculo (Páscoa/data fixa);Ponto facultativo - só vale se a empresa ou a convenção coletiva conceder
2031-07-26;Aniversário / Emancipação Política do Município;municipal;Cianorte-PR;;previsto;Padrão dos anos confirmados (TJPR 2025 e 2026);Previsão pela data fixa - confirmar o decreto do ano (pode haver transferência)
2031-09-07;Independência do Brasil;nacional;BR;;lei;Lei federal;
2031-10-12;Nossa Senhora Aparecida;nacional;BR;;lei;Lei federal;
2031-11-02;Finados;nacional;BR;;lei;Lei federal;
2031-11-15;Proclamação da República;nacional;BR;;lei;Lei federal;
2031-11-20;Dia Nacional de Zumbi e da Consciência Negra;nacional;BR;;lei;Lei 14.759/2023;
2031-12-19;Emancipação Política do Paraná;estadual;PR;;previsto;Bem Paraná (decisão da Justiça do Trabalho);Segundo a Justiça do Trabalho não é feriado civil (só servidores) - confirmar na convenção coletiva
2031-12-24;Véspera de Natal;facultativo;BR;;previsto;Regra de cálculo (Páscoa/data fixa);Ponto facultativo - só vale se a empresa ou a convenção coletiva conceder
2031-12-25;Natal;nacional;BR;;lei;Lei federal;
2031-12-31;Véspera de Ano Novo;facultativo;BR;;previsto;Regra de cálculo (Páscoa/data fixa);Ponto facultativo - só vale se a empresa ou a convenção coletiva conceder
2032-01-01;Confraternização Universal;nacional;BR;;lei;Lei federal;
2032-02-09;Segunda-feira de Carnaval;facultativo;BR;;previsto;Regra de cálculo (Páscoa/data fixa);Ponto facultativo - só vale se a empresa ou a convenção coletiva conceder
2032-02-10;Terça-feira de Carnaval;facultativo;BR;;previsto;Regra de cálculo (Páscoa/data fixa);Ponto facultativo - só vale se a empresa ou a convenção coletiva conceder
2032-03-26;Sexta-feira Santa;nacional;BR;;lei;Lei federal (Páscoa calculada);
2032-04-21;Tiradentes;nacional;BR;;lei;Lei federal;
2032-05-01;Dia do Trabalho;nacional;BR;;lei;Lei federal;
2032-05-13;Dia da Padroeira do Município;municipal;Cianorte-PR;;previsto;Padrão dos anos confirmados (TJPR 2025 e 2026);Previsão pela data fixa - confirmar o decreto do ano (pode haver transferência)
2032-05-27;Corpus Christi;facultativo;BR;;previsto;Regra de cálculo (Páscoa/data fixa);Ponto facultativo - só vale se a empresa ou a convenção coletiva conceder
2032-07-26;Aniversário / Emancipação Política do Município;municipal;Cianorte-PR;;previsto;Padrão dos anos confirmados (TJPR 2025 e 2026);Previsão pela data fixa - confirmar o decreto do ano (pode haver transferência)
2032-09-07;Independência do Brasil;nacional;BR;;lei;Lei federal;
2032-10-12;Nossa Senhora Aparecida;nacional;BR;;lei;Lei federal;
2032-11-02;Finados;nacional;BR;;lei;Lei federal;
2032-11-15;Proclamação da República;nacional;BR;;lei;Lei federal;
2032-11-20;Dia Nacional de Zumbi e da Consciência Negra;nacional;BR;;lei;Lei 14.759/2023;
2032-12-19;Emancipação Política do Paraná;estadual;PR;;previsto;Bem Paraná (decisão da Justiça do Trabalho);Segundo a Justiça do Trabalho não é feriado civil (só servidores) - confirmar na convenção coletiva
2032-12-24;Véspera de Natal;facultativo;BR;;previsto;Regra de cálculo (Páscoa/data fixa);Ponto facultativo - só vale se a empresa ou a convenção coletiva conceder
2032-12-25;Natal;nacional;BR;;lei;Lei federal;
2032-12-31;Véspera de Ano Novo;facultativo;BR;;previsto;Regra de cálculo (Páscoa/data fixa);Ponto facultativo - só vale se a empresa ou a convenção coletiva conceder
2033-01-01;Confraternização Universal;nacional;BR;;lei;Lei federal;
2033-02-28;Segunda-feira de Carnaval;facultativo;BR;;previsto;Regra de cálculo (Páscoa/data fixa);Ponto facultativo - só vale se a empresa ou a convenção coletiva conceder
2033-03-01;Terça-feira de Carnaval;facultativo;BR;;previsto;Regra de cálculo (Páscoa/data fixa);Ponto facultativo - só vale se a empresa ou a convenção coletiva conceder
2033-04-15;Sexta-feira Santa;nacional;BR;;lei;Lei federal (Páscoa calculada);
2033-04-21;Tiradentes;nacional;BR;;lei;Lei federal;
2033-05-01;Dia do Trabalho;nacional;BR;;lei;Lei federal;
2033-05-13;Dia da Padroeira do Município;municipal;Cianorte-PR;;previsto;Padrão dos anos confirmados (TJPR 2025 e 2026);Previsão pela data fixa - confirmar o decreto do ano (pode haver transferência)
2033-06-16;Corpus Christi;facultativo;BR;;previsto;Regra de cálculo (Páscoa/data fixa);Ponto facultativo - só vale se a empresa ou a convenção coletiva conceder
2033-07-26;Aniversário / Emancipação Política do Município;municipal;Cianorte-PR;;previsto;Padrão dos anos confirmados (TJPR 2025 e 2026);Previsão pela data fixa - confirmar o decreto do ano (pode haver transferência)
2033-09-07;Independência do Brasil;nacional;BR;;lei;Lei federal;
2033-10-12;Nossa Senhora Aparecida;nacional;BR;;lei;Lei federal;
2033-11-02;Finados;nacional;BR;;lei;Lei federal;
2033-11-15;Proclamação da República;nacional;BR;;lei;Lei federal;
2033-11-20;Dia Nacional de Zumbi e da Consciência Negra;nacional;BR;;lei;Lei 14.759/2023;
2033-12-19;Emancipação Política do Paraná;estadual;PR;;previsto;Bem Paraná (decisão da Justiça do Trabalho);Segundo a Justiça do Trabalho não é feriado civil (só servidores) - confirmar na convenção coletiva
2033-12-24;Véspera de Natal;facultativo;BR;;previsto;Regra de cálculo (Páscoa/data fixa);Ponto facultativo - só vale se a empresa ou a convenção coletiva conceder
2033-12-25;Natal;nacional;BR;;lei;Lei federal;
2033-12-31;Véspera de Ano Novo;facultativo;BR;;previsto;Regra de cálculo (Páscoa/data fixa);Ponto facultativo - só vale se a empresa ou a convenção coletiva conceder
2034-01-01;Confraternização Universal;nacional;BR;;lei;Lei federal;
2034-02-20;Segunda-feira de Carnaval;facultativo;BR;;previsto;Regra de cálculo (Páscoa/data fixa);Ponto facultativo - só vale se a empresa ou a convenção coletiva conceder
2034-02-21;Terça-feira de Carnaval;facultativo;BR;;previsto;Regra de cálculo (Páscoa/data fixa);Ponto facultativo - só vale se a empresa ou a convenção coletiva conceder
2034-04-07;Sexta-feira Santa;nacional;BR;;lei;Lei federal (Páscoa calculada);
2034-04-21;Tiradentes;nacional;BR;;lei;Lei federal;
2034-05-01;Dia do Trabalho;nacional;BR;;lei;Lei federal;
2034-05-13;Dia da Padroeira do Município;municipal;Cianorte-PR;;previsto;Padrão dos anos confirmados (TJPR 2025 e 2026);Previsão pela data fixa - confirmar o decreto do ano (pode haver transferência)
2034-06-08;Corpus Christi;facultativo;BR;;previsto;Regra de cálculo (Páscoa/data fixa);Ponto facultativo - só vale se a empresa ou a convenção coletiva conceder
2034-07-26;Aniversário / Emancipação Política do Município;municipal;Cianorte-PR;;previsto;Padrão dos anos confirmados (TJPR 2025 e 2026);Previsão pela data fixa - confirmar o decreto do ano (pode haver transferência)
2034-09-07;Independência do Brasil;nacional;BR;;lei;Lei federal;
2034-10-12;Nossa Senhora Aparecida;nacional;BR;;lei;Lei federal;
2034-11-02;Finados;nacional;BR;;lei;Lei federal;
2034-11-15;Proclamação da República;nacional;BR;;lei;Lei federal;
2034-11-20;Dia Nacional de Zumbi e da Consciência Negra;nacional;BR;;lei;Lei 14.759/2023;
2034-12-19;Emancipação Política do Paraná;estadual;PR;;previsto;Bem Paraná (decisão da Justiça do Trabalho);Segundo a Justiça do Trabalho não é feriado civil (só servidores) - confirmar na convenção coletiva
2034-12-24;Véspera de Natal;facultativo;BR;;previsto;Regra de cálculo (Páscoa/data fixa);Ponto facultativo - só vale se a empresa ou a convenção coletiva conceder
2034-12-25;Natal;nacional;BR;;lei;Lei federal;
2034-12-31;Véspera de Ano Novo;facultativo;BR;;previsto;Regra de cálculo (Páscoa/data fixa);Ponto facultativo - só vale se a empresa ou a convenção coletiva conceder
2035-01-01;Confraternização Universal;nacional;BR;;lei;Lei federal;
2035-02-05;Segunda-feira de Carnaval;facultativo;BR;;previsto;Regra de cálculo (Páscoa/data fixa);Ponto facultativo - só vale se a empresa ou a convenção coletiva conceder
2035-02-06;Terça-feira de Carnaval;facultativo;BR;;previsto;Regra de cálculo (Páscoa/data fixa);Ponto facultativo - só vale se a empresa ou a convenção coletiva conceder
2035-03-23;Sexta-feira Santa;nacional;BR;;lei;Lei federal (Páscoa calculada);
2035-04-21;Tiradentes;nacional;BR;;lei;Lei federal;
2035-05-01;Dia do Trabalho;nacional;BR;;lei;Lei federal;
2035-05-13;Dia da Padroeira do Município;municipal;Cianorte-PR;;previsto;Padrão dos anos confirmados (TJPR 2025 e 2026);Previsão pela data fixa - confirmar o decreto do ano (pode haver transferência)
2035-05-24;Corpus Christi;facultativo;BR;;previsto;Regra de cálculo (Páscoa/data fixa);Ponto facultativo - só vale se a empresa ou a convenção coletiva conceder
2035-07-26;Aniversário / Emancipação Política do Município;municipal;Cianorte-PR;;previsto;Padrão dos anos confirmados (TJPR 2025 e 2026);Previsão pela data fixa - confirmar o decreto do ano (pode haver transferência)
2035-09-07;Independência do Brasil;nacional;BR;;lei;Lei federal;
2035-10-12;Nossa Senhora Aparecida;nacional;BR;;lei;Lei federal;
2035-11-02;Finados;nacional;BR;;lei;Lei federal;
2035-11-15;Proclamação da República;nacional;BR;;lei;Lei federal;
2035-11-20;Dia Nacional de Zumbi e da Consciência Negra;nacional;BR;;lei;Lei 14.759/2023;
2035-12-19;Emancipação Política do Paraná;estadual;PR;;previsto;Bem Paraná (decisão da Justiça do Trabalho);Segundo a Justiça do Trabalho não é feriado civil (só servidores) - confirmar na convenção coletiva
2035-12-24;Véspera de Natal;facultativo;BR;;previsto;Regra de cálculo (Páscoa/data fixa);Ponto facultativo - só vale se a empresa ou a convenção coletiva conceder
2035-12-25;Natal;nacional;BR;;lei;Lei federal;
2035-12-31;Véspera de Ano Novo;facultativo;BR;;previsto;Regra de cálculo (Páscoa/data fixa);Ponto facultativo - só vale se a empresa ou a convenção coletiva conceder
2036-01-01;Confraternização Universal;nacional;BR;;lei;Lei federal;
2036-02-25;Segunda-feira de Carnaval;facultativo;BR;;previsto;Regra de cálculo (Páscoa/data fixa);Ponto facultativo - só vale se a empresa ou a convenção coletiva conceder
2036-02-26;Terça-feira de Carnaval;facultativo;BR;;previsto;Regra de cálculo (Páscoa/data fixa);Ponto facultativo - só vale se a empresa ou a convenção coletiva conceder
2036-04-11;Sexta-feira Santa;nacional;BR;;lei;Lei federal (Páscoa calculada);
2036-04-21;Tiradentes;nacional;BR;;lei;Lei federal;
2036-05-01;Dia do Trabalho;nacional;BR;;lei;Lei federal;
2036-05-13;Dia da Padroeira do Município;municipal;Cianorte-PR;;previsto;Padrão dos anos confirmados (TJPR 2025 e 2026);Previsão pela data fixa - confirmar o decreto do ano (pode haver transferência)
2036-06-12;Corpus Christi;facultativo;BR;;previsto;Regra de cálculo (Páscoa/data fixa);Ponto facultativo - só vale se a empresa ou a convenção coletiva conceder
2036-07-26;Aniversário / Emancipação Política do Município;municipal;Cianorte-PR;;previsto;Padrão dos anos confirmados (TJPR 2025 e 2026);Previsão pela data fixa - confirmar o decreto do ano (pode haver transferência)
2036-09-07;Independência do Brasil;nacional;BR;;lei;Lei federal;
2036-10-12;Nossa Senhora Aparecida;nacional;BR;;lei;Lei federal;
2036-11-02;Finados;nacional;BR;;lei;Lei federal;
2036-11-15;Proclamação da República;nacional;BR;;lei;Lei federal;
2036-11-20;Dia Nacional de Zumbi e da Consciência Negra;nacional;BR;;lei;Lei 14.759/2023;
2036-12-19;Emancipação Política do Paraná;estadual;PR;;previsto;Bem Paraná (decisão da Justiça do Trabalho);Segundo a Justiça do Trabalho não é feriado civil (só servidores) - confirmar na convenção coletiva
2036-12-24;Véspera de Natal;facultativo;BR;;previsto;Regra de cálculo (Páscoa/data fixa);Ponto facultativo - só vale se a empresa ou a convenção coletiva conceder
2036-12-25;Natal;nacional;BR;;lei;Lei federal;
2036-12-31;Véspera de Ano Novo;facultativo;BR;;previsto;Regra de cálculo (Páscoa/data fixa);Ponto facultativo - só vale se a empresa ou a convenção coletiva conceder
2037-01-01;Confraternização Universal;nacional;BR;;lei;Lei federal;
2037-02-16;Segunda-feira de Carnaval;facultativo;BR;;previsto;Regra de cálculo (Páscoa/data fixa);Ponto facultativo - só vale se a empresa ou a convenção coletiva conceder
2037-02-17;Terça-feira de Carnaval;facultativo;BR;;previsto;Regra de cálculo (Páscoa/data fixa);Ponto facultativo - só vale se a empresa ou a convenção coletiva conceder
2037-04-03;Sexta-feira Santa;nacional;BR;;lei;Lei federal (Páscoa calculada);
2037-04-21;Tiradentes;nacional;BR;;lei;Lei federal;
2037-05-01;Dia do Trabalho;nacional;BR;;lei;Lei federal;
2037-05-13;Dia da Padroeira do Município;municipal;Cianorte-PR;;previsto;Padrão dos anos confirmados (TJPR 2025 e 2026);Previsão pela data fixa - confirmar o decreto do ano (pode haver transferência)
2037-06-04;Corpus Christi;facultativo;BR;;previsto;Regra de cálculo (Páscoa/data fixa);Ponto facultativo - só vale se a empresa ou a convenção coletiva conceder
2037-07-26;Aniversário / Emancipação Política do Município;municipal;Cianorte-PR;;previsto;Padrão dos anos confirmados (TJPR 2025 e 2026);Previsão pela data fixa - confirmar o decreto do ano (pode haver transferência)
2037-09-07;Independência do Brasil;nacional;BR;;lei;Lei federal;
2037-10-12;Nossa Senhora Aparecida;nacional;BR;;lei;Lei federal;
2037-11-02;Finados;nacional;BR;;lei;Lei federal;
2037-11-15;Proclamação da República;nacional;BR;;lei;Lei federal;
2037-11-20;Dia Nacional de Zumbi e da Consciência Negra;nacional;BR;;lei;Lei 14.759/2023;
2037-12-19;Emancipação Política do Paraná;estadual;PR;;previsto;Bem Paraná (decisão da Justiça do Trabalho);Segundo a Justiça do Trabalho não é feriado civil (só servidores) - confirmar na convenção coletiva
2037-12-24;Véspera de Natal;facultativo;BR;;previsto;Regra de cálculo (Páscoa/data fixa);Ponto facultativo - só vale se a empresa ou a convenção coletiva conceder
2037-12-25;Natal;nacional;BR;;lei;Lei federal;
2037-12-31;Véspera de Ano Novo;facultativo;BR;;previsto;Regra de cálculo (Páscoa/data fixa);Ponto facultativo - só vale se a empresa ou a convenção coletiva conceder
2038-01-01;Confraternização Universal;nacional;BR;;lei;Lei federal;
2038-03-08;Segunda-feira de Carnaval;facultativo;BR;;previsto;Regra de cálculo (Páscoa/data fixa);Ponto facultativo - só vale se a empresa ou a convenção coletiva conceder
2038-03-09;Terça-feira de Carnaval;facultativo;BR;;previsto;Regra de cálculo (Páscoa/data fixa);Ponto facultativo - só vale se a empresa ou a convenção coletiva conceder
2038-04-21;Tiradentes;nacional;BR;;lei;Lei federal;
2038-04-23;Sexta-feira Santa;nacional;BR;;lei;Lei federal (Páscoa calculada);
2038-05-01;Dia do Trabalho;nacional;BR;;lei;Lei federal;
2038-05-13;Dia da Padroeira do Município;municipal;Cianorte-PR;;previsto;Padrão dos anos confirmados (TJPR 2025 e 2026);Previsão pela data fixa - confirmar o decreto do ano (pode haver transferência)
2038-06-24;Corpus Christi;facultativo;BR;;previsto;Regra de cálculo (Páscoa/data fixa);Ponto facultativo - só vale se a empresa ou a convenção coletiva conceder
2038-07-26;Aniversário / Emancipação Política do Município;municipal;Cianorte-PR;;previsto;Padrão dos anos confirmados (TJPR 2025 e 2026);Previsão pela data fixa - confirmar o decreto do ano (pode haver transferência)
2038-09-07;Independência do Brasil;nacional;BR;;lei;Lei federal;
2038-10-12;Nossa Senhora Aparecida;nacional;BR;;lei;Lei federal;
2038-11-02;Finados;nacional;BR;;lei;Lei federal;
2038-11-15;Proclamação da República;nacional;BR;;lei;Lei federal;
2038-11-20;Dia Nacional de Zumbi e da Consciência Negra;nacional;BR;;lei;Lei 14.759/2023;
2038-12-19;Emancipação Política do Paraná;estadual;PR;;previsto;Bem Paraná (decisão da Justiça do Trabalho);Segundo a Justiça do Trabalho não é feriado civil (só servidores) - confirmar na convenção coletiva
2038-12-24;Véspera de Natal;facultativo;BR;;previsto;Regra de cálculo (Páscoa/data fixa);Ponto facultativo - só vale se a empresa ou a convenção coletiva conceder
2038-12-25;Natal;nacional;BR;;lei;Lei federal;
2038-12-31;Véspera de Ano Novo;facultativo;BR;;previsto;Regra de cálculo (Páscoa/data fixa);Ponto facultativo - só vale se a empresa ou a convenção coletiva conceder
2039-01-01;Confraternização Universal;nacional;BR;;lei;Lei federal;
2039-02-21;Segunda-feira de Carnaval;facultativo;BR;;previsto;Regra de cálculo (Páscoa/data fixa);Ponto facultativo - só vale se a empresa ou a convenção coletiva conceder
2039-02-22;Terça-feira de Carnaval;facultativo;BR;;previsto;Regra de cálculo (Páscoa/data fixa);Ponto facultativo - só vale se a empresa ou a convenção coletiva conceder
2039-04-08;Sexta-feira Santa;nacional;BR;;lei;Lei federal (Páscoa calculada);
2039-04-21;Tiradentes;nacional;BR;;lei;Lei federal;
2039-05-01;Dia do Trabalho;nacional;BR;;lei;Lei federal;
2039-05-13;Dia da Padroeira do Município;municipal;Cianorte-PR;;previsto;Padrão dos anos confirmados (TJPR 2025 e 2026);Previsão pela data fixa - confirmar o decreto do ano (pode haver transferência)
2039-06-09;Corpus Christi;facultativo;BR;;previsto;Regra de cálculo (Páscoa/data fixa);Ponto facultativo - só vale se a empresa ou a convenção coletiva conceder
2039-07-26;Aniversário / Emancipação Política do Município;municipal;Cianorte-PR;;previsto;Padrão dos anos confirmados (TJPR 2025 e 2026);Previsão pela data fixa - confirmar o decreto do ano (pode haver transferência)
2039-09-07;Independência do Brasil;nacional;BR;;lei;Lei federal;
2039-10-12;Nossa Senhora Aparecida;nacional;BR;;lei;Lei federal;
2039-11-02;Finados;nacional;BR;;lei;Lei federal;
2039-11-15;Proclamação da República;nacional;BR;;lei;Lei federal;
2039-11-20;Dia Nacional de Zumbi e da Consciência Negra;nacional;BR;;lei;Lei 14.759/2023;
2039-12-19;Emancipação Política do Paraná;estadual;PR;;previsto;Bem Paraná (decisão da Justiça do Trabalho);Segundo a Justiça do Trabalho não é feriado civil (só servidores) - confirmar na convenção coletiva
2039-12-24;Véspera de Natal;facultativo;BR;;previsto;Regra de cálculo (Páscoa/data fixa);Ponto facultativo - só vale se a empresa ou a convenção coletiva conceder
2039-12-25;Natal;nacional;BR;;lei;Lei federal;
2039-12-31;Véspera de Ano Novo;facultativo;BR;;previsto;Regra de cálculo (Páscoa/data fixa);Ponto facultativo - só vale se a empresa ou a convenção coletiva conceder
2040-01-01;Confraternização Universal;nacional;BR;;lei;Lei federal;
2040-02-13;Segunda-feira de Carnaval;facultativo;BR;;previsto;Regra de cálculo (Páscoa/data fixa);Ponto facultativo - só vale se a empresa ou a convenção coletiva conceder
2040-02-14;Terça-feira de Carnaval;facultativo;BR;;previsto;Regra de cálculo (Páscoa/data fixa);Ponto facultativo - só vale se a empresa ou a convenção coletiva conceder
2040-03-30;Sexta-feira Santa;nacional;BR;;lei;Lei federal (Páscoa calculada);
2040-04-21;Tiradentes;nacional;BR;;lei;Lei federal;
2040-05-01;Dia do Trabalho;nacional;BR;;lei;Lei federal;
2040-05-13;Dia da Padroeira do Município;municipal;Cianorte-PR;;previsto;Padrão dos anos confirmados (TJPR 2025 e 2026);Previsão pela data fixa - confirmar o decreto do ano (pode haver transferência)
2040-05-31;Corpus Christi;facultativo;BR;;previsto;Regra de cálculo (Páscoa/data fixa);Ponto facultativo - só vale se a empresa ou a convenção coletiva conceder
2040-07-26;Aniversário / Emancipação Política do Município;municipal;Cianorte-PR;;previsto;Padrão dos anos confirmados (TJPR 2025 e 2026);Previsão pela data fixa - confirmar o decreto do ano (pode haver transferência)
2040-09-07;Independência do Brasil;nacional;BR;;lei;Lei federal;
2040-10-12;Nossa Senhora Aparecida;nacional;BR;;lei;Lei federal;
2040-11-02;Finados;nacional;BR;;lei;Lei federal;
2040-11-15;Proclamação da República;nacional;BR;;lei;Lei federal;
2040-11-20;Dia Nacional de Zumbi e da Consciência Negra;nacional;BR;;lei;Lei 14.759/2023;
2040-12-19;Emancipação Política do Paraná;estadual;PR;;previsto;Bem Paraná (decisão da Justiça do Trabalho);Segundo a Justiça do Trabalho não é feriado civil (só servidores) - confirmar na convenção coletiva
2040-12-24;Véspera de Natal;facultativo;BR;;previsto;Regra de cálculo (Páscoa/data fixa);Ponto facultativo - só vale se a empresa ou a convenção coletiva conceder
2040-12-25;Natal;nacional;BR;;lei;Lei federal;
2040-12-31;Véspera de Ano Novo;facultativo;BR;;previsto;Regra de cálculo (Páscoa/data fixa);Ponto facultativo - só vale se a empresa ou a convenção coletiva conceder
2041-01-01;Confraternização Universal;nacional;BR;;lei;Lei federal;
2041-03-04;Segunda-feira de Carnaval;facultativo;BR;;previsto;Regra de cálculo (Páscoa/data fixa);Ponto facultativo - só vale se a empresa ou a convenção coletiva conceder
2041-03-05;Terça-feira de Carnaval;facultativo;BR;;previsto;Regra de cálculo (Páscoa/data fixa);Ponto facultativo - só vale se a empresa ou a convenção coletiva conceder
2041-04-19;Sexta-feira Santa;nacional;BR;;lei;Lei federal (Páscoa calculada);
2041-04-21;Tiradentes;nacional;BR;;lei;Lei federal;
2041-05-01;Dia do Trabalho;nacional;BR;;lei;Lei federal;
2041-05-13;Dia da Padroeira do Município;municipal;Cianorte-PR;;previsto;Padrão dos anos confirmados (TJPR 2025 e 2026);Previsão pela data fixa - confirmar o decreto do ano (pode haver transferência)
2041-06-20;Corpus Christi;facultativo;BR;;previsto;Regra de cálculo (Páscoa/data fixa);Ponto facultativo - só vale se a empresa ou a convenção coletiva conceder
2041-07-26;Aniversário / Emancipação Política do Município;municipal;Cianorte-PR;;previsto;Padrão dos anos confirmados (TJPR 2025 e 2026);Previsão pela data fixa - confirmar o decreto do ano (pode haver transferência)
2041-09-07;Independência do Brasil;nacional;BR;;lei;Lei federal;
2041-10-12;Nossa Senhora Aparecida;nacional;BR;;lei;Lei federal;
2041-11-02;Finados;nacional;BR;;lei;Lei federal;
2041-11-15;Proclamação da República;nacional;BR;;lei;Lei federal;
2041-11-20;Dia Nacional de Zumbi e da Consciência Negra;nacional;BR;;lei;Lei 14.759/2023;
2041-12-19;Emancipação Política do Paraná;estadual;PR;;previsto;Bem Paraná (decisão da Justiça do Trabalho);Segundo a Justiça do Trabalho não é feriado civil (só servidores) - confirmar na convenção coletiva
2041-12-24;Véspera de Natal;facultativo;BR;;previsto;Regra de cálculo (Páscoa/data fixa);Ponto facultativo - só vale se a empresa ou a convenção coletiva conceder
2041-12-25;Natal;nacional;BR;;lei;Lei federal;
2041-12-31;Véspera de Ano Novo;facultativo;BR;;previsto;Regra de cálculo (Páscoa/data fixa);Ponto facultativo - só vale se a empresa ou a convenção coletiva conceder
2042-01-01;Confraternização Universal;nacional;BR;;lei;Lei federal;
2042-02-17;Segunda-feira de Carnaval;facultativo;BR;;previsto;Regra de cálculo (Páscoa/data fixa);Ponto facultativo - só vale se a empresa ou a convenção coletiva conceder
2042-02-18;Terça-feira de Carnaval;facultativo;BR;;previsto;Regra de cálculo (Páscoa/data fixa);Ponto facultativo - só vale se a empresa ou a convenção coletiva conceder
2042-04-04;Sexta-feira Santa;nacional;BR;;lei;Lei federal (Páscoa calculada);
2042-04-21;Tiradentes;nacional;BR;;lei;Lei federal;
2042-05-01;Dia do Trabalho;nacional;BR;;lei;Lei federal;
2042-05-13;Dia da Padroeira do Município;municipal;Cianorte-PR;;previsto;Padrão dos anos confirmados (TJPR 2025 e 2026);Previsão pela data fixa - confirmar o decreto do ano (pode haver transferência)
2042-06-05;Corpus Christi;facultativo;BR;;previsto;Regra de cálculo (Páscoa/data fixa);Ponto facultativo - só vale se a empresa ou a convenção coletiva conceder
2042-07-26;Aniversário / Emancipação Política do Município;municipal;Cianorte-PR;;previsto;Padrão dos anos confirmados (TJPR 2025 e 2026);Previsão pela data fixa - confirmar o decreto do ano (pode haver transferência)
2042-09-07;Independência do Brasil;nacional;BR;;lei;Lei federal;
2042-10-12;Nossa Senhora Aparecida;nacional;BR;;lei;Lei federal;
2042-11-02;Finados;nacional;BR;;lei;Lei federal;
2042-11-15;Proclamação da República;nacional;BR;;lei;Lei federal;
2042-11-20;Dia Nacional de Zumbi e da Consciência Negra;nacional;BR;;lei;Lei 14.759/2023;
2042-12-19;Emancipação Política do Paraná;estadual;PR;;previsto;Bem Paraná (decisão da Justiça do Trabalho);Segundo a Justiça do Trabalho não é feriado civil (só servidores) - confirmar na convenção coletiva
2042-12-24;Véspera de Natal;facultativo;BR;;previsto;Regra de cálculo (Páscoa/data fixa);Ponto facultativo - só vale se a empresa ou a convenção coletiva conceder
2042-12-25;Natal;nacional;BR;;lei;Lei federal;
2042-12-31;Véspera de Ano Novo;facultativo;BR;;previsto;Regra de cálculo (Páscoa/data fixa);Ponto facultativo - só vale se a empresa ou a convenção coletiva conceder
2043-01-01;Confraternização Universal;nacional;BR;;lei;Lei federal;
2043-02-09;Segunda-feira de Carnaval;facultativo;BR;;previsto;Regra de cálculo (Páscoa/data fixa);Ponto facultativo - só vale se a empresa ou a convenção coletiva conceder
2043-02-10;Terça-feira de Carnaval;facultativo;BR;;previsto;Regra de cálculo (Páscoa/data fixa);Ponto facultativo - só vale se a empresa ou a convenção coletiva conceder
2043-03-27;Sexta-feira Santa;nacional;BR;;lei;Lei federal (Páscoa calculada);
2043-04-21;Tiradentes;nacional;BR;;lei;Lei federal;
2043-05-01;Dia do Trabalho;nacional;BR;;lei;Lei federal;
2043-05-13;Dia da Padroeira do Município;municipal;Cianorte-PR;;previsto;Padrão dos anos confirmados (TJPR 2025 e 2026);Previsão pela data fixa - confirmar o decreto do ano (pode haver transferência)
2043-05-28;Corpus Christi;facultativo;BR;;previsto;Regra de cálculo (Páscoa/data fixa);Ponto facultativo - só vale se a empresa ou a convenção coletiva conceder
2043-07-26;Aniversário / Emancipação Política do Município;municipal;Cianorte-PR;;previsto;Padrão dos anos confirmados (TJPR 2025 e 2026);Previsão pela data fixa - confirmar o decreto do ano (pode haver transferência)
2043-09-07;Independência do Brasil;nacional;BR;;lei;Lei federal;
2043-10-12;Nossa Senhora Aparecida;nacional;BR;;lei;Lei federal;
2043-11-02;Finados;nacional;BR;;lei;Lei federal;
2043-11-15;Proclamação da República;nacional;BR;;lei;Lei federal;
2043-11-20;Dia Nacional de Zumbi e da Consciência Negra;nacional;BR;;lei;Lei 14.759/2023;
2043-12-19;Emancipação Política do Paraná;estadual;PR;;previsto;Bem Paraná (decisão da Justiça do Trabalho);Segundo a Justiça do Trabalho não é feriado civil (só servidores) - confirmar na convenção coletiva
2043-12-24;Véspera de Natal;facultativo;BR;;previsto;Regra de cálculo (Páscoa/data fixa);Ponto facultativo - só vale se a empresa ou a convenção coletiva conceder
2043-12-25;Natal;nacional;BR;;lei;Lei federal;
2043-12-31;Véspera de Ano Novo;facultativo;BR;;previsto;Regra de cálculo (Páscoa/data fixa);Ponto facultativo - só vale se a empresa ou a convenção coletiva conceder
2044-01-01;Confraternização Universal;nacional;BR;;lei;Lei federal;
2044-02-29;Segunda-feira de Carnaval;facultativo;BR;;previsto;Regra de cálculo (Páscoa/data fixa);Ponto facultativo - só vale se a empresa ou a convenção coletiva conceder
2044-03-01;Terça-feira de Carnaval;facultativo;BR;;previsto;Regra de cálculo (Páscoa/data fixa);Ponto facultativo - só vale se a empresa ou a convenção coletiva conceder
2044-04-15;Sexta-feira Santa;nacional;BR;;lei;Lei federal (Páscoa calculada);
2044-04-21;Tiradentes;nacional;BR;;lei;Lei federal;
2044-05-01;Dia do Trabalho;nacional;BR;;lei;Lei federal;
2044-05-13;Dia da Padroeira do Município;municipal;Cianorte-PR;;previsto;Padrão dos anos confirmados (TJPR 2025 e 2026);Previsão pela data fixa - confirmar o decreto do ano (pode haver transferência)
2044-06-16;Corpus Christi;facultativo;BR;;previsto;Regra de cálculo (Páscoa/data fixa);Ponto facultativo - só vale se a empresa ou a convenção coletiva conceder
2044-07-26;Aniversário / Emancipação Política do Município;municipal;Cianorte-PR;;previsto;Padrão dos anos confirmados (TJPR 2025 e 2026);Previsão pela data fixa - confirmar o decreto do ano (pode haver transferência)
2044-09-07;Independência do Brasil;nacional;BR;;lei;Lei federal;
2044-10-12;Nossa Senhora Aparecida;nacional;BR;;lei;Lei federal;
2044-11-02;Finados;nacional;BR;;lei;Lei federal;
2044-11-15;Proclamação da República;nacional;BR;;lei;Lei federal;
2044-11-20;Dia Nacional de Zumbi e da Consciência Negra;nacional;BR;;lei;Lei 14.759/2023;
2044-12-19;Emancipação Política do Paraná;estadual;PR;;previsto;Bem Paraná (decisão da Justiça do Trabalho);Segundo a Justiça do Trabalho não é feriado civil (só servidores) - confirmar na convenção coletiva
2044-12-24;Véspera de Natal;facultativo;BR;;previsto;Regra de cálculo (Páscoa/data fixa);Ponto facultativo - só vale se a empresa ou a convenção coletiva conceder
2044-12-25;Natal;nacional;BR;;lei;Lei federal;
2044-12-31;Véspera de Ano Novo;facultativo;BR;;previsto;Regra de cálculo (Páscoa/data fixa);Ponto facultativo - só vale se a empresa ou a convenção coletiva conceder
2045-01-01;Confraternização Universal;nacional;BR;;lei;Lei federal;
2045-02-20;Segunda-feira de Carnaval;facultativo;BR;;previsto;Regra de cálculo (Páscoa/data fixa);Ponto facultativo - só vale se a empresa ou a convenção coletiva conceder
2045-02-21;Terça-feira de Carnaval;facultativo;BR;;previsto;Regra de cálculo (Páscoa/data fixa);Ponto facultativo - só vale se a empresa ou a convenção coletiva conceder
2045-04-07;Sexta-feira Santa;nacional;BR;;lei;Lei federal (Páscoa calculada);
2045-04-21;Tiradentes;nacional;BR;;lei;Lei federal;
2045-05-01;Dia do Trabalho;nacional;BR;;lei;Lei federal;
2045-05-13;Dia da Padroeira do Município;municipal;Cianorte-PR;;previsto;Padrão dos anos confirmados (TJPR 2025 e 2026);Previsão pela data fixa - confirmar o decreto do ano (pode haver transferência)
2045-06-08;Corpus Christi;facultativo;BR;;previsto;Regra de cálculo (Páscoa/data fixa);Ponto facultativo - só vale se a empresa ou a convenção coletiva conceder
2045-07-26;Aniversário / Emancipação Política do Município;municipal;Cianorte-PR;;previsto;Padrão dos anos confirmados (TJPR 2025 e 2026);Previsão pela data fixa - confirmar o decreto do ano (pode haver transferência)
2045-09-07;Independência do Brasil;nacional;BR;;lei;Lei federal;
2045-10-12;Nossa Senhora Aparecida;nacional;BR;;lei;Lei federal;
2045-11-02;Finados;nacional;BR;;lei;Lei federal;
2045-11-15;Proclamação da República;nacional;BR;;lei;Lei federal;
2045-11-20;Dia Nacional de Zumbi e da Consciência Negra;nacional;BR;;lei;Lei 14.759/2023;
2045-12-19;Emancipação Política do Paraná;estadual;PR;;previsto;Bem Paraná (decisão da Justiça do Trabalho);Segundo a Justiça do Trabalho não é feriado civil (só servidores) - confirmar na convenção coletiva
2045-12-24;Véspera de Natal;facultativo;BR;;previsto;Regra de cálculo (Páscoa/data fixa);Ponto facultativo - só vale se a empresa ou a convenção coletiva conceder
2045-12-25;Natal;nacional;BR;;lei;Lei federal;
2045-12-31;Véspera de Ano Novo;facultativo;BR;;previsto;Regra de cálculo (Páscoa/data fixa);Ponto facultativo - só vale se a empresa ou a convenção coletiva conceder
2046-01-01;Confraternização Universal;nacional;BR;;lei;Lei federal;
2046-02-05;Segunda-feira de Carnaval;facultativo;BR;;previsto;Regra de cálculo (Páscoa/data fixa);Ponto facultativo - só vale se a empresa ou a convenção coletiva conceder
2046-02-06;Terça-feira de Carnaval;facultativo;BR;;previsto;Regra de cálculo (Páscoa/data fixa);Ponto facultativo - só vale se a empresa ou a convenção coletiva conceder
2046-03-23;Sexta-feira Santa;nacional;BR;;lei;Lei federal (Páscoa calculada);
2046-04-21;Tiradentes;nacional;BR;;lei;Lei federal;
2046-05-01;Dia do Trabalho;nacional;BR;;lei;Lei federal;
2046-05-13;Dia da Padroeira do Município;municipal;Cianorte-PR;;previsto;Padrão dos anos confirmados (TJPR 2025 e 2026);Previsão pela data fixa - confirmar o decreto do ano (pode haver transferência)
2046-05-24;Corpus Christi;facultativo;BR;;previsto;Regra de cálculo (Páscoa/data fixa);Ponto facultativo - só vale se a empresa ou a convenção coletiva conceder
2046-07-26;Aniversário / Emancipação Política do Município;municipal;Cianorte-PR;;previsto;Padrão dos anos confirmados (TJPR 2025 e 2026);Previsão pela data fixa - confirmar o decreto do ano (pode haver transferência)
2046-09-07;Independência do Brasil;nacional;BR;;lei;Lei federal;
2046-10-12;Nossa Senhora Aparecida;nacional;BR;;lei;Lei federal;
2046-11-02;Finados;nacional;BR;;lei;Lei federal;
2046-11-15;Proclamação da República;nacional;BR;;lei;Lei federal;
2046-11-20;Dia Nacional de Zumbi e da Consciência Negra;nacional;BR;;lei;Lei 14.759/2023;
2046-12-19;Emancipação Política do Paraná;estadual;PR;;previsto;Bem Paraná (decisão da Justiça do Trabalho);Segundo a Justiça do Trabalho não é feriado civil (só servidores) - confirmar na convenção coletiva
2046-12-24;Véspera de Natal;facultativo;BR;;previsto;Regra de cálculo (Páscoa/data fixa);Ponto facultativo - só vale se a empresa ou a convenção coletiva conceder
2046-12-25;Natal;nacional;BR;;lei;Lei federal;
2046-12-31;Véspera de Ano Novo;facultativo;BR;;previsto;Regra de cálculo (Páscoa/data fixa);Ponto facultativo - só vale se a empresa ou a convenção coletiva conceder
2047-01-01;Confraternização Universal;nacional;BR;;lei;Lei federal;
2047-02-25;Segunda-feira de Carnaval;facultativo;BR;;previsto;Regra de cálculo (Páscoa/data fixa);Ponto facultativo - só vale se a empresa ou a convenção coletiva conceder
2047-02-26;Terça-feira de Carnaval;facultativo;BR;;previsto;Regra de cálculo (Páscoa/data fixa);Ponto facultativo - só vale se a empresa ou a convenção coletiva conceder
2047-04-12;Sexta-feira Santa;nacional;BR;;lei;Lei federal (Páscoa calculada);
2047-04-21;Tiradentes;nacional;BR;;lei;Lei federal;
2047-05-01;Dia do Trabalho;nacional;BR;;lei;Lei federal;
2047-05-13;Dia da Padroeira do Município;municipal;Cianorte-PR;;previsto;Padrão dos anos confirmados (TJPR 2025 e 2026);Previsão pela data fixa - confirmar o decreto do ano (pode haver transferência)
2047-06-13;Corpus Christi;facultativo;BR;;previsto;Regra de cálculo (Páscoa/data fixa);Ponto facultativo - só vale se a empresa ou a convenção coletiva conceder
2047-07-26;Aniversário / Emancipação Política do Município;municipal;Cianorte-PR;;previsto;Padrão dos anos confirmados (TJPR 2025 e 2026);Previsão pela data fixa - confirmar o decreto do ano (pode haver transferência)
2047-09-07;Independência do Brasil;nacional;BR;;lei;Lei federal;
2047-10-12;Nossa Senhora Aparecida;nacional;BR;;lei;Lei federal;
2047-11-02;Finados;nacional;BR;;lei;Lei federal;
2047-11-15;Proclamação da República;nacional;BR;;lei;Lei federal;
2047-11-20;Dia Nacional de Zumbi e da Consciência Negra;nacional;BR;;lei;Lei 14.759/2023;
2047-12-19;Emancipação Política do Paraná;estadual;PR;;previsto;Bem Paraná (decisão da Justiça do Trabalho);Segundo a Justiça do Trabalho não é feriado civil (só servidores) - confirmar na convenção coletiva
2047-12-24;Véspera de Natal;facultativo;BR;;previsto;Regra de cálculo (Páscoa/data fixa);Ponto facultativo - só vale se a empresa ou a convenção coletiva conceder
2047-12-25;Natal;nacional;BR;;lei;Lei federal;
2047-12-31;Véspera de Ano Novo;facultativo;BR;;previsto;Regra de cálculo (Páscoa/data fixa);Ponto facultativo - só vale se a empresa ou a convenção coletiva conceder
2048-01-01;Confraternização Universal;nacional;BR;;lei;Lei federal;
2048-02-17;Segunda-feira de Carnaval;facultativo;BR;;previsto;Regra de cálculo (Páscoa/data fixa);Ponto facultativo - só vale se a empresa ou a convenção coletiva conceder
2048-02-18;Terça-feira de Carnaval;facultativo;BR;;previsto;Regra de cálculo (Páscoa/data fixa);Ponto facultativo - só vale se a empresa ou a convenção coletiva conceder
2048-04-03;Sexta-feira Santa;nacional;BR;;lei;Lei federal (Páscoa calculada);
2048-04-21;Tiradentes;nacional;BR;;lei;Lei federal;
2048-05-01;Dia do Trabalho;nacional;BR;;lei;Lei federal;
2048-05-13;Dia da Padroeira do Município;municipal;Cianorte-PR;;previsto;Padrão dos anos confirmados (TJPR 2025 e 2026);Previsão pela data fixa - confirmar o decreto do ano (pode haver transferência)
2048-06-04;Corpus Christi;facultativo;BR;;previsto;Regra de cálculo (Páscoa/data fixa);Ponto facultativo - só vale se a empresa ou a convenção coletiva conceder
2048-07-26;Aniversário / Emancipação Política do Município;municipal;Cianorte-PR;;previsto;Padrão dos anos confirmados (TJPR 2025 e 2026);Previsão pela data fixa - confirmar o decreto do ano (pode haver transferência)
2048-09-07;Independência do Brasil;nacional;BR;;lei;Lei federal;
2048-10-12;Nossa Senhora Aparecida;nacional;BR;;lei;Lei federal;
2048-11-02;Finados;nacional;BR;;lei;Lei federal;
2048-11-15;Proclamação da República;nacional;BR;;lei;Lei federal;
2048-11-20;Dia Nacional de Zumbi e da Consciência Negra;nacional;BR;;lei;Lei 14.759/2023;
2048-12-19;Emancipação Política do Paraná;estadual;PR;;previsto;Bem Paraná (decisão da Justiça do Trabalho);Segundo a Justiça do Trabalho não é feriado civil (só servidores) - confirmar na convenção coletiva
2048-12-24;Véspera de Natal;facultativo;BR;;previsto;Regra de cálculo (Páscoa/data fixa);Ponto facultativo - só vale se a empresa ou a convenção coletiva conceder
2048-12-25;Natal;nacional;BR;;lei;Lei federal;
2048-12-31;Véspera de Ano Novo;facultativo;BR;;previsto;Regra de cálculo (Páscoa/data fixa);Ponto facultativo - só vale se a empresa ou a convenção coletiva conceder
2049-01-01;Confraternização Universal;nacional;BR;;lei;Lei federal;
2049-03-01;Segunda-feira de Carnaval;facultativo;BR;;previsto;Regra de cálculo (Páscoa/data fixa);Ponto facultativo - só vale se a empresa ou a convenção coletiva conceder
2049-03-02;Terça-feira de Carnaval;facultativo;BR;;previsto;Regra de cálculo (Páscoa/data fixa);Ponto facultativo - só vale se a empresa ou a convenção coletiva conceder
2049-04-16;Sexta-feira Santa;nacional;BR;;lei;Lei federal (Páscoa calculada);
2049-04-21;Tiradentes;nacional;BR;;lei;Lei federal;
2049-05-01;Dia do Trabalho;nacional;BR;;lei;Lei federal;
2049-05-13;Dia da Padroeira do Município;municipal;Cianorte-PR;;previsto;Padrão dos anos confirmados (TJPR 2025 e 2026);Previsão pela data fixa - confirmar o decreto do ano (pode haver transferência)
2049-06-17;Corpus Christi;facultativo;BR;;previsto;Regra de cálculo (Páscoa/data fixa);Ponto facultativo - só vale se a empresa ou a convenção coletiva conceder
2049-07-26;Aniversário / Emancipação Política do Município;municipal;Cianorte-PR;;previsto;Padrão dos anos confirmados (TJPR 2025 e 2026);Previsão pela data fixa - confirmar o decreto do ano (pode haver transferência)
2049-09-07;Independência do Brasil;nacional;BR;;lei;Lei federal;
2049-10-12;Nossa Senhora Aparecida;nacional;BR;;lei;Lei federal;
2049-11-02;Finados;nacional;BR;;lei;Lei federal;
2049-11-15;Proclamação da República;nacional;BR;;lei;Lei federal;
2049-11-20;Dia Nacional de Zumbi e da Consciência Negra;nacional;BR;;lei;Lei 14.759/2023;
2049-12-19;Emancipação Política do Paraná;estadual;PR;;previsto;Bem Paraná (decisão da Justiça do Trabalho);Segundo a Justiça do Trabalho não é feriado civil (só servidores) - confirmar na convenção coletiva
2049-12-24;Véspera de Natal;facultativo;BR;;previsto;Regra de cálculo (Páscoa/data fixa);Ponto facultativo - só vale se a empresa ou a convenção coletiva conceder
2049-12-25;Natal;nacional;BR;;lei;Lei federal;
2049-12-31;Véspera de Ano Novo;facultativo;BR;;previsto;Regra de cálculo (Páscoa/data fixa);Ponto facultativo - só vale se a empresa ou a convenção coletiva conceder
2050-01-01;Confraternização Universal;nacional;BR;;lei;Lei federal;
2050-02-21;Segunda-feira de Carnaval;facultativo;BR;;previsto;Regra de cálculo (Páscoa/data fixa);Ponto facultativo - só vale se a empresa ou a convenção coletiva conceder
2050-02-22;Terça-feira de Carnaval;facultativo;BR;;previsto;Regra de cálculo (Páscoa/data fixa);Ponto facultativo - só vale se a empresa ou a convenção coletiva conceder
2050-04-08;Sexta-feira Santa;nacional;BR;;lei;Lei federal (Páscoa calculada);
2050-04-21;Tiradentes;nacional;BR;;lei;Lei federal;
2050-05-01;Dia do Trabalho;nacional;BR;;lei;Lei federal;
2050-05-13;Dia da Padroeira do Município;municipal;Cianorte-PR;;previsto;Padrão dos anos confirmados (TJPR 2025 e 2026);Previsão pela data fixa - confirmar o decreto do ano (pode haver transferência)
2050-06-09;Corpus Christi;facultativo;BR;;previsto;Regra de cálculo (Páscoa/data fixa);Ponto facultativo - só vale se a empresa ou a convenção coletiva conceder
2050-07-26;Aniversário / Emancipação Política do Município;municipal;Cianorte-PR;;previsto;Padrão dos anos confirmados (TJPR 2025 e 2026);Previsão pela data fixa - confirmar o decreto do ano (pode haver transferência)
2050-09-07;Independência do Brasil;nacional;BR;;lei;Lei federal;
2050-10-12;Nossa Senhora Aparecida;nacional;BR;;lei;Lei federal;
2050-11-02;Finados;nacional;BR;;lei;Lei federal;
2050-11-15;Proclamação da República;nacional;BR;;lei;Lei federal;
2050-11-20;Dia Nacional de Zumbi e da Consciência Negra;nacional;BR;;lei;Lei 14.759/2023;
2050-12-19;Emancipação Política do Paraná;estadual;PR;;previsto;Bem Paraná (decisão da Justiça do Trabalho);Segundo a Justiça do Trabalho não é feriado civil (só servidores) - confirmar na convenção coletiva
2050-12-24;Véspera de Natal;facultativo;BR;;previsto;Regra de cálculo (Páscoa/data fixa);Ponto facultativo - só vale se a empresa ou a convenção coletiva conceder
2050-12-25;Natal;nacional;BR;;lei;Lei federal;
2050-12-31;Véspera de Ano Novo;facultativo;BR;;previsto;Regra de cálculo (Páscoa/data fixa);Ponto facultativo - só vale se a empresa ou a convenção coletiva conceder
2051-01-01;Confraternização Universal;nacional;BR;;lei;Lei federal;
2051-02-13;Segunda-feira de Carnaval;facultativo;BR;;previsto;Regra de cálculo (Páscoa/data fixa);Ponto facultativo - só vale se a empresa ou a convenção coletiva conceder
2051-02-14;Terça-feira de Carnaval;facultativo;BR;;previsto;Regra de cálculo (Páscoa/data fixa);Ponto facultativo - só vale se a empresa ou a convenção coletiva conceder
2051-03-31;Sexta-feira Santa;nacional;BR;;lei;Lei federal (Páscoa calculada);
2051-04-21;Tiradentes;nacional;BR;;lei;Lei federal;
2051-05-01;Dia do Trabalho;nacional;BR;;lei;Lei federal;
2051-05-13;Dia da Padroeira do Município;municipal;Cianorte-PR;;previsto;Padrão dos anos confirmados (TJPR 2025 e 2026);Previsão pela data fixa - confirmar o decreto do ano (pode haver transferência)
2051-06-01;Corpus Christi;facultativo;BR;;previsto;Regra de cálculo (Páscoa/data fixa);Ponto facultativo - só vale se a empresa ou a convenção coletiva conceder
2051-07-26;Aniversário / Emancipação Política do Município;municipal;Cianorte-PR;;previsto;Padrão dos anos confirmados (TJPR 2025 e 2026);Previsão pela data fixa - confirmar o decreto do ano (pode haver transferência)
2051-09-07;Independência do Brasil;nacional;BR;;lei;Lei federal;
2051-10-12;Nossa Senhora Aparecida;nacional;BR;;lei;Lei federal;
2051-11-02;Finados;nacional;BR;;lei;Lei federal;
2051-11-15;Proclamação da República;nacional;BR;;lei;Lei federal;
2051-11-20;Dia Nacional de Zumbi e da Consciência Negra;nacional;BR;;lei;Lei 14.759/2023;
2051-12-19;Emancipação Política do Paraná;estadual;PR;;previsto;Bem Paraná (decisão da Justiça do Trabalho);Segundo a Justiça do Trabalho não é feriado civil (só servidores) - confirmar na convenção coletiva
2051-12-24;Véspera de Natal;facultativo;BR;;previsto;Regra de cálculo (Páscoa/data fixa);Ponto facultativo - só vale se a empresa ou a convenção coletiva conceder
2051-12-25;Natal;nacional;BR;;lei;Lei federal;
2051-12-31;Véspera de Ano Novo;facultativo;BR;;previsto;Regra de cálculo (Páscoa/data fixa);Ponto facultativo - só vale se a empresa ou a convenção coletiva conceder
2052-01-01;Confraternização Universal;nacional;BR;;lei;Lei federal;
2052-03-04;Segunda-feira de Carnaval;facultativo;BR;;previsto;Regra de cálculo (Páscoa/data fixa);Ponto facultativo - só vale se a empresa ou a convenção coletiva conceder
2052-03-05;Terça-feira de Carnaval;facultativo;BR;;previsto;Regra de cálculo (Páscoa/data fixa);Ponto facultativo - só vale se a empresa ou a convenção coletiva conceder
2052-04-19;Sexta-feira Santa;nacional;BR;;lei;Lei federal (Páscoa calculada);
2052-04-21;Tiradentes;nacional;BR;;lei;Lei federal;
2052-05-01;Dia do Trabalho;nacional;BR;;lei;Lei federal;
2052-05-13;Dia da Padroeira do Município;municipal;Cianorte-PR;;previsto;Padrão dos anos confirmados (TJPR 2025 e 2026);Previsão pela data fixa - confirmar o decreto do ano (pode haver transferência)
2052-06-20;Corpus Christi;facultativo;BR;;previsto;Regra de cálculo (Páscoa/data fixa);Ponto facultativo - só vale se a empresa ou a convenção coletiva conceder
2052-07-26;Aniversário / Emancipação Política do Município;municipal;Cianorte-PR;;previsto;Padrão dos anos confirmados (TJPR 2025 e 2026);Previsão pela data fixa - confirmar o decreto do ano (pode haver transferência)
2052-09-07;Independência do Brasil;nacional;BR;;lei;Lei federal;
2052-10-12;Nossa Senhora Aparecida;nacional;BR;;lei;Lei federal;
2052-11-02;Finados;nacional;BR;;lei;Lei federal;
2052-11-15;Proclamação da República;nacional;BR;;lei;Lei federal;
2052-11-20;Dia Nacional de Zumbi e da Consciência Negra;nacional;BR;;lei;Lei 14.759/2023;
2052-12-19;Emancipação Política do Paraná;estadual;PR;;previsto;Bem Paraná (decisão da Justiça do Trabalho);Segundo a Justiça do Trabalho não é feriado civil (só servidores) - confirmar na convenção coletiva
2052-12-24;Véspera de Natal;facultativo;BR;;previsto;Regra de cálculo (Páscoa/data fixa);Ponto facultativo - só vale se a empresa ou a convenção coletiva conceder
2052-12-25;Natal;nacional;BR;;lei;Lei federal;
2052-12-31;Véspera de Ano Novo;facultativo;BR;;previsto;Regra de cálculo (Páscoa/data fixa);Ponto facultativo - só vale se a empresa ou a convenção coletiva conceder
2053-01-01;Confraternização Universal;nacional;BR;;lei;Lei federal;
2053-02-17;Segunda-feira de Carnaval;facultativo;BR;;previsto;Regra de cálculo (Páscoa/data fixa);Ponto facultativo - só vale se a empresa ou a convenção coletiva conceder
2053-02-18;Terça-feira de Carnaval;facultativo;BR;;previsto;Regra de cálculo (Páscoa/data fixa);Ponto facultativo - só vale se a empresa ou a convenção coletiva conceder
2053-04-04;Sexta-feira Santa;nacional;BR;;lei;Lei federal (Páscoa calculada);
2053-04-21;Tiradentes;nacional;BR;;lei;Lei federal;
2053-05-01;Dia do Trabalho;nacional;BR;;lei;Lei federal;
2053-05-13;Dia da Padroeira do Município;municipal;Cianorte-PR;;previsto;Padrão dos anos confirmados (TJPR 2025 e 2026);Previsão pela data fixa - confirmar o decreto do ano (pode haver transferência)
2053-06-05;Corpus Christi;facultativo;BR;;previsto;Regra de cálculo (Páscoa/data fixa);Ponto facultativo - só vale se a empresa ou a convenção coletiva conceder
2053-07-26;Aniversário / Emancipação Política do Município;municipal;Cianorte-PR;;previsto;Padrão dos anos confirmados (TJPR 2025 e 2026);Previsão pela data fixa - confirmar o decreto do ano (pode haver transferência)
2053-09-07;Independência do Brasil;nacional;BR;;lei;Lei federal;
2053-10-12;Nossa Senhora Aparecida;nacional;BR;;lei;Lei federal;
2053-11-02;Finados;nacional;BR;;lei;Lei federal;
2053-11-15;Proclamação da República;nacional;BR;;lei;Lei federal;
2053-11-20;Dia Nacional de Zumbi e da Consciência Negra;nacional;BR;;lei;Lei 14.759/2023;
2053-12-19;Emancipação Política do Paraná;estadual;PR;;previsto;Bem Paraná (decisão da Justiça do Trabalho);Segundo a Justiça do Trabalho não é feriado civil (só servidores) - confirmar na convenção coletiva
2053-12-24;Véspera de Natal;facultativo;BR;;previsto;Regra de cálculo (Páscoa/data fixa);Ponto facultativo - só vale se a empresa ou a convenção coletiva conceder
2053-12-25;Natal;nacional;BR;;lei;Lei federal;
2053-12-31;Véspera de Ano Novo;facultativo;BR;;previsto;Regra de cálculo (Páscoa/data fixa);Ponto facultativo - só vale se a empresa ou a convenção coletiva conceder
2054-01-01;Confraternização Universal;nacional;BR;;lei;Lei federal;
2054-02-09;Segunda-feira de Carnaval;facultativo;BR;;previsto;Regra de cálculo (Páscoa/data fixa);Ponto facultativo - só vale se a empresa ou a convenção coletiva conceder
2054-02-10;Terça-feira de Carnaval;facultativo;BR;;previsto;Regra de cálculo (Páscoa/data fixa);Ponto facultativo - só vale se a empresa ou a convenção coletiva conceder
2054-03-27;Sexta-feira Santa;nacional;BR;;lei;Lei federal (Páscoa calculada);
2054-04-21;Tiradentes;nacional;BR;;lei;Lei federal;
2054-05-01;Dia do Trabalho;nacional;BR;;lei;Lei federal;
2054-05-13;Dia da Padroeira do Município;municipal;Cianorte-PR;;previsto;Padrão dos anos confirmados (TJPR 2025 e 2026);Previsão pela data fixa - confirmar o decreto do ano (pode haver transferência)
2054-05-28;Corpus Christi;facultativo;BR;;previsto;Regra de cálculo (Páscoa/data fixa);Ponto facultativo - só vale se a empresa ou a convenção coletiva conceder
2054-07-26;Aniversário / Emancipação Política do Município;municipal;Cianorte-PR;;previsto;Padrão dos anos confirmados (TJPR 2025 e 2026);Previsão pela data fixa - confirmar o decreto do ano (pode haver transferência)
2054-09-07;Independência do Brasil;nacional;BR;;lei;Lei federal;
2054-10-12;Nossa Senhora Aparecida;nacional;BR;;lei;Lei federal;
2054-11-02;Finados;nacional;BR;;lei;Lei federal;
2054-11-15;Proclamação da República;nacional;BR;;lei;Lei federal;
2054-11-20;Dia Nacional de Zumbi e da Consciência Negra;nacional;BR;;lei;Lei 14.759/2023;
2054-12-19;Emancipação Política do Paraná;estadual;PR;;previsto;Bem Paraná (decisão da Justiça do Trabalho);Segundo a Justiça do Trabalho não é feriado civil (só servidores) - confirmar na convenção coletiva
2054-12-24;Véspera de Natal;facultativo;BR;;previsto;Regra de cálculo (Páscoa/data fixa);Ponto facultativo - só vale se a empresa ou a convenção coletiva conceder
2054-12-25;Natal;nacional;BR;;lei;Lei federal;
2054-12-31;Véspera de Ano Novo;facultativo;BR;;previsto;Regra de cálculo (Páscoa/data fixa);Ponto facultativo - só vale se a empresa ou a convenção coletiva conceder
2055-01-01;Confraternização Universal;nacional;BR;;lei;Lei federal;
2055-03-01;Segunda-feira de Carnaval;facultativo;BR;;previsto;Regra de cálculo (Páscoa/data fixa);Ponto facultativo - só vale se a empresa ou a convenção coletiva conceder
2055-03-02;Terça-feira de Carnaval;facultativo;BR;;previsto;Regra de cálculo (Páscoa/data fixa);Ponto facultativo - só vale se a empresa ou a convenção coletiva conceder
2055-04-16;Sexta-feira Santa;nacional;BR;;lei;Lei federal (Páscoa calculada);
2055-04-21;Tiradentes;nacional;BR;;lei;Lei federal;
2055-05-01;Dia do Trabalho;nacional;BR;;lei;Lei federal;
2055-05-13;Dia da Padroeira do Município;municipal;Cianorte-PR;;previsto;Padrão dos anos confirmados (TJPR 2025 e 2026);Previsão pela data fixa - confirmar o decreto do ano (pode haver transferência)
2055-06-17;Corpus Christi;facultativo;BR;;previsto;Regra de cálculo (Páscoa/data fixa);Ponto facultativo - só vale se a empresa ou a convenção coletiva conceder
2055-07-26;Aniversário / Emancipação Política do Município;municipal;Cianorte-PR;;previsto;Padrão dos anos confirmados (TJPR 2025 e 2026);Previsão pela data fixa - confirmar o decreto do ano (pode haver transferência)
2055-09-07;Independência do Brasil;nacional;BR;;lei;Lei federal;
2055-10-12;Nossa Senhora Aparecida;nacional;BR;;lei;Lei federal;
2055-11-02;Finados;nacional;BR;;lei;Lei federal;
2055-11-15;Proclamação da República;nacional;BR;;lei;Lei federal;
2055-11-20;Dia Nacional de Zumbi e da Consciência Negra;nacional;BR;;lei;Lei 14.759/2023;
2055-12-19;Emancipação Política do Paraná;estadual;PR;;previsto;Bem Paraná (decisão da Justiça do Trabalho);Segundo a Justiça do Trabalho não é feriado civil (só servidores) - confirmar na convenção coletiva
2055-12-24;Véspera de Natal;facultativo;BR;;previsto;Regra de cálculo (Páscoa/data fixa);Ponto facultativo - só vale se a empresa ou a convenção coletiva conceder
2055-12-25;Natal;nacional;BR;;lei;Lei federal;
2055-12-31;Véspera de Ano Novo;facultativo;BR;;previsto;Regra de cálculo (Páscoa/data fixa);Ponto facultativo - só vale se a empresa ou a convenção coletiva conceder
2056-01-01;Confraternização Universal;nacional;BR;;lei;Lei federal;
2056-02-14;Segunda-feira de Carnaval;facultativo;BR;;previsto;Regra de cálculo (Páscoa/data fixa);Ponto facultativo - só vale se a empresa ou a convenção coletiva conceder
2056-02-15;Terça-feira de Carnaval;facultativo;BR;;previsto;Regra de cálculo (Páscoa/data fixa);Ponto facultativo - só vale se a empresa ou a convenção coletiva conceder
2056-03-31;Sexta-feira Santa;nacional;BR;;lei;Lei federal (Páscoa calculada);
2056-04-21;Tiradentes;nacional;BR;;lei;Lei federal;
2056-05-01;Dia do Trabalho;nacional;BR;;lei;Lei federal;
2056-05-13;Dia da Padroeira do Município;municipal;Cianorte-PR;;previsto;Padrão dos anos confirmados (TJPR 2025 e 2026);Previsão pela data fixa - confirmar o decreto do ano (pode haver transferência)
2056-06-01;Corpus Christi;facultativo;BR;;previsto;Regra de cálculo (Páscoa/data fixa);Ponto facultativo - só vale se a empresa ou a convenção coletiva conceder
2056-07-26;Aniversário / Emancipação Política do Município;municipal;Cianorte-PR;;previsto;Padrão dos anos confirmados (TJPR 2025 e 2026);Previsão pela data fixa - confirmar o decreto do ano (pode haver transferência)
2056-09-07;Independência do Brasil;nacional;BR;;lei;Lei federal;
2056-10-12;Nossa Senhora Aparecida;nacional;BR;;lei;Lei federal;
2056-11-02;Finados;nacional;BR;;lei;Lei federal;
2056-11-15;Proclamação da República;nacional;BR;;lei;Lei federal;
2056-11-20;Dia Nacional de Zumbi e da Consciência Negra;nacional;BR;;lei;Lei 14.759/2023;
2056-12-19;Emancipação Política do Paraná;estadual;PR;;previsto;Bem Paraná (decisão da Justiça do Trabalho);Segundo a Justiça do Trabalho não é feriado civil (só servidores) - confirmar na convenção coletiva
2056-12-24;Véspera de Natal;facultativo;BR;;previsto;Regra de cálculo (Páscoa/data fixa);Ponto facultativo - só vale se a empresa ou a convenção coletiva conceder
2056-12-25;Natal;nacional;BR;;lei;Lei federal;
2056-12-31;Véspera de Ano Novo;facultativo;BR;;previsto;Regra de cálculo (Páscoa/data fixa);Ponto facultativo - só vale se a empresa ou a convenção coletiva conceder
2057-01-01;Confraternização Universal;nacional;BR;;lei;Lei federal;
2057-03-05;Segunda-feira de Carnaval;facultativo;BR;;previsto;Regra de cálculo (Páscoa/data fixa);Ponto facultativo - só vale se a empresa ou a convenção coletiva conceder
2057-03-06;Terça-feira de Carnaval;facultativo;BR;;previsto;Regra de cálculo (Páscoa/data fixa);Ponto facultativo - só vale se a empresa ou a convenção coletiva conceder
2057-04-20;Sexta-feira Santa;nacional;BR;;lei;Lei federal (Páscoa calculada);
2057-04-21;Tiradentes;nacional;BR;;lei;Lei federal;
2057-05-01;Dia do Trabalho;nacional;BR;;lei;Lei federal;
2057-05-13;Dia da Padroeira do Município;municipal;Cianorte-PR;;previsto;Padrão dos anos confirmados (TJPR 2025 e 2026);Previsão pela data fixa - confirmar o decreto do ano (pode haver transferência)
2057-06-21;Corpus Christi;facultativo;BR;;previsto;Regra de cálculo (Páscoa/data fixa);Ponto facultativo - só vale se a empresa ou a convenção coletiva conceder
2057-07-26;Aniversário / Emancipação Política do Município;municipal;Cianorte-PR;;previsto;Padrão dos anos confirmados (TJPR 2025 e 2026);Previsão pela data fixa - confirmar o decreto do ano (pode haver transferência)
2057-09-07;Independência do Brasil;nacional;BR;;lei;Lei federal;
2057-10-12;Nossa Senhora Aparecida;nacional;BR;;lei;Lei federal;
2057-11-02;Finados;nacional;BR;;lei;Lei federal;
2057-11-15;Proclamação da República;nacional;BR;;lei;Lei federal;
2057-11-20;Dia Nacional de Zumbi e da Consciência Negra;nacional;BR;;lei;Lei 14.759/2023;
2057-12-19;Emancipação Política do Paraná;estadual;PR;;previsto;Bem Paraná (decisão da Justiça do Trabalho);Segundo a Justiça do Trabalho não é feriado civil (só servidores) - confirmar na convenção coletiva
2057-12-24;Véspera de Natal;facultativo;BR;;previsto;Regra de cálculo (Páscoa/data fixa);Ponto facultativo - só vale se a empresa ou a convenção coletiva conceder
2057-12-25;Natal;nacional;BR;;lei;Lei federal;
2057-12-31;Véspera de Ano Novo;facultativo;BR;;previsto;Regra de cálculo (Páscoa/data fixa);Ponto facultativo - só vale se a empresa ou a convenção coletiva conceder
2058-01-01;Confraternização Universal;nacional;BR;;lei;Lei federal;
2058-02-25;Segunda-feira de Carnaval;facultativo;BR;;previsto;Regra de cálculo (Páscoa/data fixa);Ponto facultativo - só vale se a empresa ou a convenção coletiva conceder
2058-02-26;Terça-feira de Carnaval;facultativo;BR;;previsto;Regra de cálculo (Páscoa/data fixa);Ponto facultativo - só vale se a empresa ou a convenção coletiva conceder
2058-04-12;Sexta-feira Santa;nacional;BR;;lei;Lei federal (Páscoa calculada);
2058-04-21;Tiradentes;nacional;BR;;lei;Lei federal;
2058-05-01;Dia do Trabalho;nacional;BR;;lei;Lei federal;
2058-05-13;Dia da Padroeira do Município;municipal;Cianorte-PR;;previsto;Padrão dos anos confirmados (TJPR 2025 e 2026);Previsão pela data fixa - confirmar o decreto do ano (pode haver transferência)
2058-06-13;Corpus Christi;facultativo;BR;;previsto;Regra de cálculo (Páscoa/data fixa);Ponto facultativo - só vale se a empresa ou a convenção coletiva conceder
2058-07-26;Aniversário / Emancipação Política do Município;municipal;Cianorte-PR;;previsto;Padrão dos anos confirmados (TJPR 2025 e 2026);Previsão pela data fixa - confirmar o decreto do ano (pode haver transferência)
2058-09-07;Independência do Brasil;nacional;BR;;lei;Lei federal;
2058-10-12;Nossa Senhora Aparecida;nacional;BR;;lei;Lei federal;
2058-11-02;Finados;nacional;BR;;lei;Lei federal;
2058-11-15;Proclamação da República;nacional;BR;;lei;Lei federal;
2058-11-20;Dia Nacional de Zumbi e da Consciência Negra;nacional;BR;;lei;Lei 14.759/2023;
2058-12-19;Emancipação Política do Paraná;estadual;PR;;previsto;Bem Paraná (decisão da Justiça do Trabalho);Segundo a Justiça do Trabalho não é feriado civil (só servidores) - confirmar na convenção coletiva
2058-12-24;Véspera de Natal;facultativo;BR;;previsto;Regra de cálculo (Páscoa/data fixa);Ponto facultativo - só vale se a empresa ou a convenção coletiva conceder
2058-12-25;Natal;nacional;BR;;lei;Lei federal;
2058-12-31;Véspera de Ano Novo;facultativo;BR;;previsto;Regra de cálculo (Páscoa/data fixa);Ponto facultativo - só vale se a empresa ou a convenção coletiva conceder
2059-01-01;Confraternização Universal;nacional;BR;;lei;Lei federal;
2059-02-10;Segunda-feira de Carnaval;facultativo;BR;;previsto;Regra de cálculo (Páscoa/data fixa);Ponto facultativo - só vale se a empresa ou a convenção coletiva conceder
2059-02-11;Terça-feira de Carnaval;facultativo;BR;;previsto;Regra de cálculo (Páscoa/data fixa);Ponto facultativo - só vale se a empresa ou a convenção coletiva conceder
2059-03-28;Sexta-feira Santa;nacional;BR;;lei;Lei federal (Páscoa calculada);
2059-04-21;Tiradentes;nacional;BR;;lei;Lei federal;
2059-05-01;Dia do Trabalho;nacional;BR;;lei;Lei federal;
2059-05-13;Dia da Padroeira do Município;municipal;Cianorte-PR;;previsto;Padrão dos anos confirmados (TJPR 2025 e 2026);Previsão pela data fixa - confirmar o decreto do ano (pode haver transferência)
2059-05-29;Corpus Christi;facultativo;BR;;previsto;Regra de cálculo (Páscoa/data fixa);Ponto facultativo - só vale se a empresa ou a convenção coletiva conceder
2059-07-26;Aniversário / Emancipação Política do Município;municipal;Cianorte-PR;;previsto;Padrão dos anos confirmados (TJPR 2025 e 2026);Previsão pela data fixa - confirmar o decreto do ano (pode haver transferência)
2059-09-07;Independência do Brasil;nacional;BR;;lei;Lei federal;
2059-10-12;Nossa Senhora Aparecida;nacional;BR;;lei;Lei federal;
2059-11-02;Finados;nacional;BR;;lei;Lei federal;
2059-11-15;Proclamação da República;nacional;BR;;lei;Lei federal;
2059-11-20;Dia Nacional de Zumbi e da Consciência Negra;nacional;BR;;lei;Lei 14.759/2023;
2059-12-19;Emancipação Política do Paraná;estadual;PR;;previsto;Bem Paraná (decisão da Justiça do Trabalho);Segundo a Justiça do Trabalho não é feriado civil (só servidores) - confirmar na convenção coletiva
2059-12-24;Véspera de Natal;facultativo;BR;;previsto;Regra de cálculo (Páscoa/data fixa);Ponto facultativo - só vale se a empresa ou a convenção coletiva conceder
2059-12-25;Natal;nacional;BR;;lei;Lei federal;
2059-12-31;Véspera de Ano Novo;facultativo;BR;;previsto;Regra de cálculo (Páscoa/data fixa);Ponto facultativo - só vale se a empresa ou a convenção coletiva conceder
2060-01-01;Confraternização Universal;nacional;BR;;lei;Lei federal;
2060-03-01;Segunda-feira de Carnaval;facultativo;BR;;previsto;Regra de cálculo (Páscoa/data fixa);Ponto facultativo - só vale se a empresa ou a convenção coletiva conceder
2060-03-02;Terça-feira de Carnaval;facultativo;BR;;previsto;Regra de cálculo (Páscoa/data fixa);Ponto facultativo - só vale se a empresa ou a convenção coletiva conceder
2060-04-16;Sexta-feira Santa;nacional;BR;;lei;Lei federal (Páscoa calculada);
2060-04-21;Tiradentes;nacional;BR;;lei;Lei federal;
2060-05-01;Dia do Trabalho;nacional;BR;;lei;Lei federal;
2060-05-13;Dia da Padroeira do Município;municipal;Cianorte-PR;;previsto;Padrão dos anos confirmados (TJPR 2025 e 2026);Previsão pela data fixa - confirmar o decreto do ano (pode haver transferência)
2060-06-17;Corpus Christi;facultativo;BR;;previsto;Regra de cálculo (Páscoa/data fixa);Ponto facultativo - só vale se a empresa ou a convenção coletiva conceder
2060-07-26;Aniversário / Emancipação Política do Município;municipal;Cianorte-PR;;previsto;Padrão dos anos confirmados (TJPR 2025 e 2026);Previsão pela data fixa - confirmar o decreto do ano (pode haver transferência)
2060-09-07;Independência do Brasil;nacional;BR;;lei;Lei federal;
2060-10-12;Nossa Senhora Aparecida;nacional;BR;;lei;Lei federal;
2060-11-02;Finados;nacional;BR;;lei;Lei federal;
2060-11-15;Proclamação da República;nacional;BR;;lei;Lei federal;
2060-11-20;Dia Nacional de Zumbi e da Consciência Negra;nacional;BR;;lei;Lei 14.759/2023;
2060-12-19;Emancipação Política do Paraná;estadual;PR;;previsto;Bem Paraná (decisão da Justiça do Trabalho);Segundo a Justiça do Trabalho não é feriado civil (só servidores) - confirmar na convenção coletiva
2060-12-24;Véspera de Natal;facultativo;BR;;previsto;Regra de cálculo (Páscoa/data fixa);Ponto facultativo - só vale se a empresa ou a convenção coletiva conceder
2060-12-25;Natal;nacional;BR;;lei;Lei federal;
2060-12-31;Véspera de Ano Novo;facultativo;BR;;previsto;Regra de cálculo (Páscoa/data fixa);Ponto facultativo - só vale se a empresa ou a convenção coletiva conceder
2061-01-01;Confraternização Universal;nacional;BR;;lei;Lei federal;
2061-02-21;Segunda-feira de Carnaval;facultativo;BR;;previsto;Regra de cálculo (Páscoa/data fixa);Ponto facultativo - só vale se a empresa ou a convenção coletiva conceder
2061-02-22;Terça-feira de Carnaval;facultativo;BR;;previsto;Regra de cálculo (Páscoa/data fixa);Ponto facultativo - só vale se a empresa ou a convenção coletiva conceder
2061-04-08;Sexta-feira Santa;nacional;BR;;lei;Lei federal (Páscoa calculada);
2061-04-21;Tiradentes;nacional;BR;;lei;Lei federal;
2061-05-01;Dia do Trabalho;nacional;BR;;lei;Lei federal;
2061-05-13;Dia da Padroeira do Município;municipal;Cianorte-PR;;previsto;Padrão dos anos confirmados (TJPR 2025 e 2026);Previsão pela data fixa - confirmar o decreto do ano (pode haver transferência)
2061-06-09;Corpus Christi;facultativo;BR;;previsto;Regra de cálculo (Páscoa/data fixa);Ponto facultativo - só vale se a empresa ou a convenção coletiva conceder
2061-07-26;Aniversário / Emancipação Política do Município;municipal;Cianorte-PR;;previsto;Padrão dos anos confirmados (TJPR 2025 e 2026);Previsão pela data fixa - confirmar o decreto do ano (pode haver transferência)
2061-09-07;Independência do Brasil;nacional;BR;;lei;Lei federal;
2061-10-12;Nossa Senhora Aparecida;nacional;BR;;lei;Lei federal;
2061-11-02;Finados;nacional;BR;;lei;Lei federal;
2061-11-15;Proclamação da República;nacional;BR;;lei;Lei federal;
2061-11-20;Dia Nacional de Zumbi e da Consciência Negra;nacional;BR;;lei;Lei 14.759/2023;
2061-12-19;Emancipação Política do Paraná;estadual;PR;;previsto;Bem Paraná (decisão da Justiça do Trabalho);Segundo a Justiça do Trabalho não é feriado civil (só servidores) - confirmar na convenção coletiva
2061-12-24;Véspera de Natal;facultativo;BR;;previsto;Regra de cálculo (Páscoa/data fixa);Ponto facultativo - só vale se a empresa ou a convenção coletiva conceder
2061-12-25;Natal;nacional;BR;;lei;Lei federal;
2061-12-31;Véspera de Ano Novo;facultativo;BR;;previsto;Regra de cálculo (Páscoa/data fixa);Ponto facultativo - só vale se a empresa ou a convenção coletiva conceder
2062-01-01;Confraternização Universal;nacional;BR;;lei;Lei federal;
2062-02-06;Segunda-feira de Carnaval;facultativo;BR;;previsto;Regra de cálculo (Páscoa/data fixa);Ponto facultativo - só vale se a empresa ou a convenção coletiva conceder
2062-02-07;Terça-feira de Carnaval;facultativo;BR;;previsto;Regra de cálculo (Páscoa/data fixa);Ponto facultativo - só vale se a empresa ou a convenção coletiva conceder
2062-03-24;Sexta-feira Santa;nacional;BR;;lei;Lei federal (Páscoa calculada);
2062-04-21;Tiradentes;nacional;BR;;lei;Lei federal;
2062-05-01;Dia do Trabalho;nacional;BR;;lei;Lei federal;
2062-05-13;Dia da Padroeira do Município;municipal;Cianorte-PR;;previsto;Padrão dos anos confirmados (TJPR 2025 e 2026);Previsão pela data fixa - confirmar o decreto do ano (pode haver transferência)
2062-05-25;Corpus Christi;facultativo;BR;;previsto;Regra de cálculo (Páscoa/data fixa);Ponto facultativo - só vale se a empresa ou a convenção coletiva conceder
2062-07-26;Aniversário / Emancipação Política do Município;municipal;Cianorte-PR;;previsto;Padrão dos anos confirmados (TJPR 2025 e 2026);Previsão pela data fixa - confirmar o decreto do ano (pode haver transferência)
2062-09-07;Independência do Brasil;nacional;BR;;lei;Lei federal;
2062-10-12;Nossa Senhora Aparecida;nacional;BR;;lei;Lei federal;
2062-11-02;Finados;nacional;BR;;lei;Lei federal;
2062-11-15;Proclamação da República;nacional;BR;;lei;Lei federal;
2062-11-20;Dia Nacional de Zumbi e da Consciência Negra;nacional;BR;;lei;Lei 14.759/2023;
2062-12-19;Emancipação Política do Paraná;estadual;PR;;previsto;Bem Paraná (decisão da Justiça do Trabalho);Segundo a Justiça do Trabalho não é feriado civil (só servidores) - confirmar na convenção coletiva
2062-12-24;Véspera de Natal;facultativo;BR;;previsto;Regra de cálculo (Páscoa/data fixa);Ponto facultativo - só vale se a empresa ou a convenção coletiva conceder
2062-12-25;Natal;nacional;BR;;lei;Lei federal;
2062-12-31;Véspera de Ano Novo;facultativo;BR;;previsto;Regra de cálculo (Páscoa/data fixa);Ponto facultativo - só vale se a empresa ou a convenção coletiva conceder
2063-01-01;Confraternização Universal;nacional;BR;;lei;Lei federal;
2063-02-26;Segunda-feira de Carnaval;facultativo;BR;;previsto;Regra de cálculo (Páscoa/data fixa);Ponto facultativo - só vale se a empresa ou a convenção coletiva conceder
2063-02-27;Terça-feira de Carnaval;facultativo;BR;;previsto;Regra de cálculo (Páscoa/data fixa);Ponto facultativo - só vale se a empresa ou a convenção coletiva conceder
2063-04-13;Sexta-feira Santa;nacional;BR;;lei;Lei federal (Páscoa calculada);
2063-04-21;Tiradentes;nacional;BR;;lei;Lei federal;
2063-05-01;Dia do Trabalho;nacional;BR;;lei;Lei federal;
2063-05-13;Dia da Padroeira do Município;municipal;Cianorte-PR;;previsto;Padrão dos anos confirmados (TJPR 2025 e 2026);Previsão pela data fixa - confirmar o decreto do ano (pode haver transferência)
2063-06-14;Corpus Christi;facultativo;BR;;previsto;Regra de cálculo (Páscoa/data fixa);Ponto facultativo - só vale se a empresa ou a convenção coletiva conceder
2063-07-26;Aniversário / Emancipação Política do Município;municipal;Cianorte-PR;;previsto;Padrão dos anos confirmados (TJPR 2025 e 2026);Previsão pela data fixa - confirmar o decreto do ano (pode haver transferência)
2063-09-07;Independência do Brasil;nacional;BR;;lei;Lei federal;
2063-10-12;Nossa Senhora Aparecida;nacional;BR;;lei;Lei federal;
2063-11-02;Finados;nacional;BR;;lei;Lei federal;
2063-11-15;Proclamação da República;nacional;BR;;lei;Lei federal;
2063-11-20;Dia Nacional de Zumbi e da Consciência Negra;nacional;BR;;lei;Lei 14.759/2023;
2063-12-19;Emancipação Política do Paraná;estadual;PR;;previsto;Bem Paraná (decisão da Justiça do Trabalho);Segundo a Justiça do Trabalho não é feriado civil (só servidores) - confirmar na convenção coletiva
2063-12-24;Véspera de Natal;facultativo;BR;;previsto;Regra de cálculo (Páscoa/data fixa);Ponto facultativo - só vale se a empresa ou a convenção coletiva conceder
2063-12-25;Natal;nacional;BR;;lei;Lei federal;
2063-12-31;Véspera de Ano Novo;facultativo;BR;;previsto;Regra de cálculo (Páscoa/data fixa);Ponto facultativo - só vale se a empresa ou a convenção coletiva conceder
2064-01-01;Confraternização Universal;nacional;BR;;lei;Lei federal;
2064-02-18;Segunda-feira de Carnaval;facultativo;BR;;previsto;Regra de cálculo (Páscoa/data fixa);Ponto facultativo - só vale se a empresa ou a convenção coletiva conceder
2064-02-19;Terça-feira de Carnaval;facultativo;BR;;previsto;Regra de cálculo (Páscoa/data fixa);Ponto facultativo - só vale se a empresa ou a convenção coletiva conceder
2064-04-04;Sexta-feira Santa;nacional;BR;;lei;Lei federal (Páscoa calculada);
2064-04-21;Tiradentes;nacional;BR;;lei;Lei federal;
2064-05-01;Dia do Trabalho;nacional;BR;;lei;Lei federal;
2064-05-13;Dia da Padroeira do Município;municipal;Cianorte-PR;;previsto;Padrão dos anos confirmados (TJPR 2025 e 2026);Previsão pela data fixa - confirmar o decreto do ano (pode haver transferência)
2064-06-05;Corpus Christi;facultativo;BR;;previsto;Regra de cálculo (Páscoa/data fixa);Ponto facultativo - só vale se a empresa ou a convenção coletiva conceder
2064-07-26;Aniversário / Emancipação Política do Município;municipal;Cianorte-PR;;previsto;Padrão dos anos confirmados (TJPR 2025 e 2026);Previsão pela data fixa - confirmar o decreto do ano (pode haver transferência)
2064-09-07;Independência do Brasil;nacional;BR;;lei;Lei federal;
2064-10-12;Nossa Senhora Aparecida;nacional;BR;;lei;Lei federal;
2064-11-02;Finados;nacional;BR;;lei;Lei federal;
2064-11-15;Proclamação da República;nacional;BR;;lei;Lei federal;
2064-11-20;Dia Nacional de Zumbi e da Consciência Negra;nacional;BR;;lei;Lei 14.759/2023;
2064-12-19;Emancipação Política do Paraná;estadual;PR;;previsto;Bem Paraná (decisão da Justiça do Trabalho);Segundo a Justiça do Trabalho não é feriado civil (só servidores) - confirmar na convenção coletiva
2064-12-24;Véspera de Natal;facultativo;BR;;previsto;Regra de cálculo (Páscoa/data fixa);Ponto facultativo - só vale se a empresa ou a convenção coletiva conceder
2064-12-25;Natal;nacional;BR;;lei;Lei federal;
2064-12-31;Véspera de Ano Novo;facultativo;BR;;previsto;Regra de cálculo (Páscoa/data fixa);Ponto facultativo - só vale se a empresa ou a convenção coletiva conceder
2065-01-01;Confraternização Universal;nacional;BR;;lei;Lei federal;
2065-02-09;Segunda-feira de Carnaval;facultativo;BR;;previsto;Regra de cálculo (Páscoa/data fixa);Ponto facultativo - só vale se a empresa ou a convenção coletiva conceder
2065-02-10;Terça-feira de Carnaval;facultativo;BR;;previsto;Regra de cálculo (Páscoa/data fixa);Ponto facultativo - só vale se a empresa ou a convenção coletiva conceder
2065-03-27;Sexta-feira Santa;nacional;BR;;lei;Lei federal (Páscoa calculada);
2065-04-21;Tiradentes;nacional;BR;;lei;Lei federal;
2065-05-01;Dia do Trabalho;nacional;BR;;lei;Lei federal;
2065-05-13;Dia da Padroeira do Município;municipal;Cianorte-PR;;previsto;Padrão dos anos confirmados (TJPR 2025 e 2026);Previsão pela data fixa - confirmar o decreto do ano (pode haver transferência)
2065-05-28;Corpus Christi;facultativo;BR;;previsto;Regra de cálculo (Páscoa/data fixa);Ponto facultativo - só vale se a empresa ou a convenção coletiva conceder
2065-07-26;Aniversário / Emancipação Política do Município;municipal;Cianorte-PR;;previsto;Padrão dos anos confirmados (TJPR 2025 e 2026);Previsão pela data fixa - confirmar o decreto do ano (pode haver transferência)
2065-09-07;Independência do Brasil;nacional;BR;;lei;Lei federal;
2065-10-12;Nossa Senhora Aparecida;nacional;BR;;lei;Lei federal;
2065-11-02;Finados;nacional;BR;;lei;Lei federal;
2065-11-15;Proclamação da República;nacional;BR;;lei;Lei federal;
2065-11-20;Dia Nacional de Zumbi e da Consciência Negra;nacional;BR;;lei;Lei 14.759/2023;
2065-12-19;Emancipação Política do Paraná;estadual;PR;;previsto;Bem Paraná (decisão da Justiça do Trabalho);Segundo a Justiça do Trabalho não é feriado civil (só servidores) - confirmar na convenção coletiva
2065-12-24;Véspera de Natal;facultativo;BR;;previsto;Regra de cálculo (Páscoa/data fixa);Ponto facultativo - só vale se a empresa ou a convenção coletiva conceder
2065-12-25;Natal;nacional;BR;;lei;Lei federal;
2065-12-31;Véspera de Ano Novo;facultativo;BR;;previsto;Regra de cálculo (Páscoa/data fixa);Ponto facultativo - só vale se a empresa ou a convenção coletiva conceder
2066-01-01;Confraternização Universal;nacional;BR;;lei;Lei federal;
2066-02-22;Segunda-feira de Carnaval;facultativo;BR;;previsto;Regra de cálculo (Páscoa/data fixa);Ponto facultativo - só vale se a empresa ou a convenção coletiva conceder
2066-02-23;Terça-feira de Carnaval;facultativo;BR;;previsto;Regra de cálculo (Páscoa/data fixa);Ponto facultativo - só vale se a empresa ou a convenção coletiva conceder
2066-04-09;Sexta-feira Santa;nacional;BR;;lei;Lei federal (Páscoa calculada);
2066-04-21;Tiradentes;nacional;BR;;lei;Lei federal;
2066-05-01;Dia do Trabalho;nacional;BR;;lei;Lei federal;
2066-05-13;Dia da Padroeira do Município;municipal;Cianorte-PR;;previsto;Padrão dos anos confirmados (TJPR 2025 e 2026);Previsão pela data fixa - confirmar o decreto do ano (pode haver transferência)
2066-06-10;Corpus Christi;facultativo;BR;;previsto;Regra de cálculo (Páscoa/data fixa);Ponto facultativo - só vale se a empresa ou a convenção coletiva conceder
2066-07-26;Aniversário / Emancipação Política do Município;municipal;Cianorte-PR;;previsto;Padrão dos anos confirmados (TJPR 2025 e 2026);Previsão pela data fixa - confirmar o decreto do ano (pode haver transferência)
2066-09-07;Independência do Brasil;nacional;BR;;lei;Lei federal;
2066-10-12;Nossa Senhora Aparecida;nacional;BR;;lei;Lei federal;
2066-11-02;Finados;nacional;BR;;lei;Lei federal;
2066-11-15;Proclamação da República;nacional;BR;;lei;Lei federal;
2066-11-20;Dia Nacional de Zumbi e da Consciência Negra;nacional;BR;;lei;Lei 14.759/2023;
2066-12-19;Emancipação Política do Paraná;estadual;PR;;previsto;Bem Paraná (decisão da Justiça do Trabalho);Segundo a Justiça do Trabalho não é feriado civil (só servidores) - confirmar na convenção coletiva
2066-12-24;Véspera de Natal;facultativo;BR;;previsto;Regra de cálculo (Páscoa/data fixa);Ponto facultativo - só vale se a empresa ou a convenção coletiva conceder
2066-12-25;Natal;nacional;BR;;lei;Lei federal;
2066-12-31;Véspera de Ano Novo;facultativo;BR;;previsto;Regra de cálculo (Páscoa/data fixa);Ponto facultativo - só vale se a empresa ou a convenção coletiva conceder
2067-01-01;Confraternização Universal;nacional;BR;;lei;Lei federal;
2067-02-14;Segunda-feira de Carnaval;facultativo;BR;;previsto;Regra de cálculo (Páscoa/data fixa);Ponto facultativo - só vale se a empresa ou a convenção coletiva conceder
2067-02-15;Terça-feira de Carnaval;facultativo;BR;;previsto;Regra de cálculo (Páscoa/data fixa);Ponto facultativo - só vale se a empresa ou a convenção coletiva conceder
2067-04-01;Sexta-feira Santa;nacional;BR;;lei;Lei federal (Páscoa calculada);
2067-04-21;Tiradentes;nacional;BR;;lei;Lei federal;
2067-05-01;Dia do Trabalho;nacional;BR;;lei;Lei federal;
2067-05-13;Dia da Padroeira do Município;municipal;Cianorte-PR;;previsto;Padrão dos anos confirmados (TJPR 2025 e 2026);Previsão pela data fixa - confirmar o decreto do ano (pode haver transferência)
2067-06-02;Corpus Christi;facultativo;BR;;previsto;Regra de cálculo (Páscoa/data fixa);Ponto facultativo - só vale se a empresa ou a convenção coletiva conceder
2067-07-26;Aniversário / Emancipação Política do Município;municipal;Cianorte-PR;;previsto;Padrão dos anos confirmados (TJPR 2025 e 2026);Previsão pela data fixa - confirmar o decreto do ano (pode haver transferência)
2067-09-07;Independência do Brasil;nacional;BR;;lei;Lei federal;
2067-10-12;Nossa Senhora Aparecida;nacional;BR;;lei;Lei federal;
2067-11-02;Finados;nacional;BR;;lei;Lei federal;
2067-11-15;Proclamação da República;nacional;BR;;lei;Lei federal;
2067-11-20;Dia Nacional de Zumbi e da Consciência Negra;nacional;BR;;lei;Lei 14.759/2023;
2067-12-19;Emancipação Política do Paraná;estadual;PR;;previsto;Bem Paraná (decisão da Justiça do Trabalho);Segundo a Justiça do Trabalho não é feriado civil (só servidores) - confirmar na convenção coletiva
2067-12-24;Véspera de Natal;facultativo;BR;;previsto;Regra de cálculo (Páscoa/data fixa);Ponto facultativo - só vale se a empresa ou a convenção coletiva conceder
2067-12-25;Natal;nacional;BR;;lei;Lei federal;
2067-12-31;Véspera de Ano Novo;facultativo;BR;;previsto;Regra de cálculo (Páscoa/data fixa);Ponto facultativo - só vale se a empresa ou a convenção coletiva conceder
2068-01-01;Confraternização Universal;nacional;BR;;lei;Lei federal;
2068-03-05;Segunda-feira de Carnaval;facultativo;BR;;previsto;Regra de cálculo (Páscoa/data fixa);Ponto facultativo - só vale se a empresa ou a convenção coletiva conceder
2068-03-06;Terça-feira de Carnaval;facultativo;BR;;previsto;Regra de cálculo (Páscoa/data fixa);Ponto facultativo - só vale se a empresa ou a convenção coletiva conceder
2068-04-20;Sexta-feira Santa;nacional;BR;;lei;Lei federal (Páscoa calculada);
2068-04-21;Tiradentes;nacional;BR;;lei;Lei federal;
2068-05-01;Dia do Trabalho;nacional;BR;;lei;Lei federal;
2068-05-13;Dia da Padroeira do Município;municipal;Cianorte-PR;;previsto;Padrão dos anos confirmados (TJPR 2025 e 2026);Previsão pela data fixa - confirmar o decreto do ano (pode haver transferência)
2068-06-21;Corpus Christi;facultativo;BR;;previsto;Regra de cálculo (Páscoa/data fixa);Ponto facultativo - só vale se a empresa ou a convenção coletiva conceder
2068-07-26;Aniversário / Emancipação Política do Município;municipal;Cianorte-PR;;previsto;Padrão dos anos confirmados (TJPR 2025 e 2026);Previsão pela data fixa - confirmar o decreto do ano (pode haver transferência)
2068-09-07;Independência do Brasil;nacional;BR;;lei;Lei federal;
2068-10-12;Nossa Senhora Aparecida;nacional;BR;;lei;Lei federal;
2068-11-02;Finados;nacional;BR;;lei;Lei federal;
2068-11-15;Proclamação da República;nacional;BR;;lei;Lei federal;
2068-11-20;Dia Nacional de Zumbi e da Consciência Negra;nacional;BR;;lei;Lei 14.759/2023;
2068-12-19;Emancipação Política do Paraná;estadual;PR;;previsto;Bem Paraná (decisão da Justiça do Trabalho);Segundo a Justiça do Trabalho não é feriado civil (só servidores) - confirmar na convenção coletiva
2068-12-24;Véspera de Natal;facultativo;BR;;previsto;Regra de cálculo (Páscoa/data fixa);Ponto facultativo - só vale se a empresa ou a convenção coletiva conceder
2068-12-25;Natal;nacional;BR;;lei;Lei federal;
2068-12-31;Véspera de Ano Novo;facultativo;BR;;previsto;Regra de cálculo (Páscoa/data fixa);Ponto facultativo - só vale se a empresa ou a convenção coletiva conceder
2069-01-01;Confraternização Universal;nacional;BR;;lei;Lei federal;
2069-02-25;Segunda-feira de Carnaval;facultativo;BR;;previsto;Regra de cálculo (Páscoa/data fixa);Ponto facultativo - só vale se a empresa ou a convenção coletiva conceder
2069-02-26;Terça-feira de Carnaval;facultativo;BR;;previsto;Regra de cálculo (Páscoa/data fixa);Ponto facultativo - só vale se a empresa ou a convenção coletiva conceder
2069-04-12;Sexta-feira Santa;nacional;BR;;lei;Lei federal (Páscoa calculada);
2069-04-21;Tiradentes;nacional;BR;;lei;Lei federal;
2069-05-01;Dia do Trabalho;nacional;BR;;lei;Lei federal;
2069-05-13;Dia da Padroeira do Município;municipal;Cianorte-PR;;previsto;Padrão dos anos confirmados (TJPR 2025 e 2026);Previsão pela data fixa - confirmar o decreto do ano (pode haver transferência)
2069-06-13;Corpus Christi;facultativo;BR;;previsto;Regra de cálculo (Páscoa/data fixa);Ponto facultativo - só vale se a empresa ou a convenção coletiva conceder
2069-07-26;Aniversário / Emancipação Política do Município;municipal;Cianorte-PR;;previsto;Padrão dos anos confirmados (TJPR 2025 e 2026);Previsão pela data fixa - confirmar o decreto do ano (pode haver transferência)
2069-09-07;Independência do Brasil;nacional;BR;;lei;Lei federal;
2069-10-12;Nossa Senhora Aparecida;nacional;BR;;lei;Lei federal;
2069-11-02;Finados;nacional;BR;;lei;Lei federal;
2069-11-15;Proclamação da República;nacional;BR;;lei;Lei federal;
2069-11-20;Dia Nacional de Zumbi e da Consciência Negra;nacional;BR;;lei;Lei 14.759/2023;
2069-12-19;Emancipação Política do Paraná;estadual;PR;;previsto;Bem Paraná (decisão da Justiça do Trabalho);Segundo a Justiça do Trabalho não é feriado civil (só servidores) - confirmar na convenção coletiva
2069-12-24;Véspera de Natal;facultativo;BR;;previsto;Regra de cálculo (Páscoa/data fixa);Ponto facultativo - só vale se a empresa ou a convenção coletiva conceder
2069-12-25;Natal;nacional;BR;;lei;Lei federal;
2069-12-31;Véspera de Ano Novo;facultativo;BR;;previsto;Regra de cálculo (Páscoa/data fixa);Ponto facultativo - só vale se a empresa ou a convenção coletiva conceder
2070-01-01;Confraternização Universal;nacional;BR;;lei;Lei federal;
2070-02-10;Segunda-feira de Carnaval;facultativo;BR;;previsto;Regra de cálculo (Páscoa/data fixa);Ponto facultativo - só vale se a empresa ou a convenção coletiva conceder
2070-02-11;Terça-feira de Carnaval;facultativo;BR;;previsto;Regra de cálculo (Páscoa/data fixa);Ponto facultativo - só vale se a empresa ou a convenção coletiva conceder
2070-03-28;Sexta-feira Santa;nacional;BR;;lei;Lei federal (Páscoa calculada);
2070-04-21;Tiradentes;nacional;BR;;lei;Lei federal;
2070-05-01;Dia do Trabalho;nacional;BR;;lei;Lei federal;
2070-05-13;Dia da Padroeira do Município;municipal;Cianorte-PR;;previsto;Padrão dos anos confirmados (TJPR 2025 e 2026);Previsão pela data fixa - confirmar o decreto do ano (pode haver transferência)
2070-05-29;Corpus Christi;facultativo;BR;;previsto;Regra de cálculo (Páscoa/data fixa);Ponto facultativo - só vale se a empresa ou a convenção coletiva conceder
2070-07-26;Aniversário / Emancipação Política do Município;municipal;Cianorte-PR;;previsto;Padrão dos anos confirmados (TJPR 2025 e 2026);Previsão pela data fixa - confirmar o decreto do ano (pode haver transferência)
2070-09-07;Independência do Brasil;nacional;BR;;lei;Lei federal;
2070-10-12;Nossa Senhora Aparecida;nacional;BR;;lei;Lei federal;
2070-11-02;Finados;nacional;BR;;lei;Lei federal;
2070-11-15;Proclamação da República;nacional;BR;;lei;Lei federal;
2070-11-20;Dia Nacional de Zumbi e da Consciência Negra;nacional;BR;;lei;Lei 14.759/2023;
2070-12-19;Emancipação Política do Paraná;estadual;PR;;previsto;Bem Paraná (decisão da Justiça do Trabalho);Segundo a Justiça do Trabalho não é feriado civil (só servidores) - confirmar na convenção coletiva
2070-12-24;Véspera de Natal;facultativo;BR;;previsto;Regra de cálculo (Páscoa/data fixa);Ponto facultativo - só vale se a empresa ou a convenção coletiva conceder
2070-12-25;Natal;nacional;BR;;lei;Lei federal;
2070-12-31;Véspera de Ano Novo;facultativo;BR;;previsto;Regra de cálculo (Páscoa/data fixa);Ponto facultativo - só vale se a empresa ou a convenção coletiva conceder
2071-01-01;Confraternização Universal;nacional;BR;;lei;Lei federal;
2071-03-02;Segunda-feira de Carnaval;facultativo;BR;;previsto;Regra de cálculo (Páscoa/data fixa);Ponto facultativo - só vale se a empresa ou a convenção coletiva conceder
2071-03-03;Terça-feira de Carnaval;facultativo;BR;;previsto;Regra de cálculo (Páscoa/data fixa);Ponto facultativo - só vale se a empresa ou a convenção coletiva conceder
2071-04-17;Sexta-feira Santa;nacional;BR;;lei;Lei federal (Páscoa calculada);
2071-04-21;Tiradentes;nacional;BR;;lei;Lei federal;
2071-05-01;Dia do Trabalho;nacional;BR;;lei;Lei federal;
2071-05-13;Dia da Padroeira do Município;municipal;Cianorte-PR;;previsto;Padrão dos anos confirmados (TJPR 2025 e 2026);Previsão pela data fixa - confirmar o decreto do ano (pode haver transferência)
2071-06-18;Corpus Christi;facultativo;BR;;previsto;Regra de cálculo (Páscoa/data fixa);Ponto facultativo - só vale se a empresa ou a convenção coletiva conceder
2071-07-26;Aniversário / Emancipação Política do Município;municipal;Cianorte-PR;;previsto;Padrão dos anos confirmados (TJPR 2025 e 2026);Previsão pela data fixa - confirmar o decreto do ano (pode haver transferência)
2071-09-07;Independência do Brasil;nacional;BR;;lei;Lei federal;
2071-10-12;Nossa Senhora Aparecida;nacional;BR;;lei;Lei federal;
2071-11-02;Finados;nacional;BR;;lei;Lei federal;
2071-11-15;Proclamação da República;nacional;BR;;lei;Lei federal;
2071-11-20;Dia Nacional de Zumbi e da Consciência Negra;nacional;BR;;lei;Lei 14.759/2023;
2071-12-19;Emancipação Política do Paraná;estadual;PR;;previsto;Bem Paraná (decisão da Justiça do Trabalho);Segundo a Justiça do Trabalho não é feriado civil (só servidores) - confirmar na convenção coletiva
2071-12-24;Véspera de Natal;facultativo;BR;;previsto;Regra de cálculo (Páscoa/data fixa);Ponto facultativo - só vale se a empresa ou a convenção coletiva conceder
2071-12-25;Natal;nacional;BR;;lei;Lei federal;
2071-12-31;Véspera de Ano Novo;facultativo;BR;;previsto;Regra de cálculo (Páscoa/data fixa);Ponto facultativo - só vale se a empresa ou a convenção coletiva conceder
2072-01-01;Confraternização Universal;nacional;BR;;lei;Lei federal;
2072-02-22;Segunda-feira de Carnaval;facultativo;BR;;previsto;Regra de cálculo (Páscoa/data fixa);Ponto facultativo - só vale se a empresa ou a convenção coletiva conceder
2072-02-23;Terça-feira de Carnaval;facultativo;BR;;previsto;Regra de cálculo (Páscoa/data fixa);Ponto facultativo - só vale se a empresa ou a convenção coletiva conceder
2072-04-08;Sexta-feira Santa;nacional;BR;;lei;Lei federal (Páscoa calculada);
2072-04-21;Tiradentes;nacional;BR;;lei;Lei federal;
2072-05-01;Dia do Trabalho;nacional;BR;;lei;Lei federal;
2072-05-13;Dia da Padroeira do Município;municipal;Cianorte-PR;;previsto;Padrão dos anos confirmados (TJPR 2025 e 2026);Previsão pela data fixa - confirmar o decreto do ano (pode haver transferência)
2072-06-09;Corpus Christi;facultativo;BR;;previsto;Regra de cálculo (Páscoa/data fixa);Ponto facultativo - só vale se a empresa ou a convenção coletiva conceder
2072-07-26;Aniversário / Emancipação Política do Município;municipal;Cianorte-PR;;previsto;Padrão dos anos confirmados (TJPR 2025 e 2026);Previsão pela data fixa - confirmar o decreto do ano (pode haver transferência)
2072-09-07;Independência do Brasil;nacional;BR;;lei;Lei federal;
2072-10-12;Nossa Senhora Aparecida;nacional;BR;;lei;Lei federal;
2072-11-02;Finados;nacional;BR;;lei;Lei federal;
2072-11-15;Proclamação da República;nacional;BR;;lei;Lei federal;
2072-11-20;Dia Nacional de Zumbi e da Consciência Negra;nacional;BR;;lei;Lei 14.759/2023;
2072-12-19;Emancipação Política do Paraná;estadual;PR;;previsto;Bem Paraná (decisão da Justiça do Trabalho);Segundo a Justiça do Trabalho não é feriado civil (só servidores) - confirmar na convenção coletiva
2072-12-24;Véspera de Natal;facultativo;BR;;previsto;Regra de cálculo (Páscoa/data fixa);Ponto facultativo - só vale se a empresa ou a convenção coletiva conceder
2072-12-25;Natal;nacional;BR;;lei;Lei federal;
2072-12-31;Véspera de Ano Novo;facultativo;BR;;previsto;Regra de cálculo (Páscoa/data fixa);Ponto facultativo - só vale se a empresa ou a convenção coletiva conceder
2073-01-01;Confraternização Universal;nacional;BR;;lei;Lei federal;
2073-02-06;Segunda-feira de Carnaval;facultativo;BR;;previsto;Regra de cálculo (Páscoa/data fixa);Ponto facultativo - só vale se a empresa ou a convenção coletiva conceder
2073-02-07;Terça-feira de Carnaval;facultativo;BR;;previsto;Regra de cálculo (Páscoa/data fixa);Ponto facultativo - só vale se a empresa ou a convenção coletiva conceder
2073-03-24;Sexta-feira Santa;nacional;BR;;lei;Lei federal (Páscoa calculada);
2073-04-21;Tiradentes;nacional;BR;;lei;Lei federal;
2073-05-01;Dia do Trabalho;nacional;BR;;lei;Lei federal;
2073-05-13;Dia da Padroeira do Município;municipal;Cianorte-PR;;previsto;Padrão dos anos confirmados (TJPR 2025 e 2026);Previsão pela data fixa - confirmar o decreto do ano (pode haver transferência)
2073-05-25;Corpus Christi;facultativo;BR;;previsto;Regra de cálculo (Páscoa/data fixa);Ponto facultativo - só vale se a empresa ou a convenção coletiva conceder
2073-07-26;Aniversário / Emancipação Política do Município;municipal;Cianorte-PR;;previsto;Padrão dos anos confirmados (TJPR 2025 e 2026);Previsão pela data fixa - confirmar o decreto do ano (pode haver transferência)
2073-09-07;Independência do Brasil;nacional;BR;;lei;Lei federal;
2073-10-12;Nossa Senhora Aparecida;nacional;BR;;lei;Lei federal;
2073-11-02;Finados;nacional;BR;;lei;Lei federal;
2073-11-15;Proclamação da República;nacional;BR;;lei;Lei federal;
2073-11-20;Dia Nacional de Zumbi e da Consciência Negra;nacional;BR;;lei;Lei 14.759/2023;
2073-12-19;Emancipação Política do Paraná;estadual;PR;;previsto;Bem Paraná (decisão da Justiça do Trabalho);Segundo a Justiça do Trabalho não é feriado civil (só servidores) - confirmar na convenção coletiva
2073-12-24;Véspera de Natal;facultativo;BR;;previsto;Regra de cálculo (Páscoa/data fixa);Ponto facultativo - só vale se a empresa ou a convenção coletiva conceder
2073-12-25;Natal;nacional;BR;;lei;Lei federal;
2073-12-31;Véspera de Ano Novo;facultativo;BR;;previsto;Regra de cálculo (Páscoa/data fixa);Ponto facultativo - só vale se a empresa ou a convenção coletiva conceder
2074-01-01;Confraternização Universal;nacional;BR;;lei;Lei federal;
2074-02-26;Segunda-feira de Carnaval;facultativo;BR;;previsto;Regra de cálculo (Páscoa/data fixa);Ponto facultativo - só vale se a empresa ou a convenção coletiva conceder
2074-02-27;Terça-feira de Carnaval;facultativo;BR;;previsto;Regra de cálculo (Páscoa/data fixa);Ponto facultativo - só vale se a empresa ou a convenção coletiva conceder
2074-04-13;Sexta-feira Santa;nacional;BR;;lei;Lei federal (Páscoa calculada);
2074-04-21;Tiradentes;nacional;BR;;lei;Lei federal;
2074-05-01;Dia do Trabalho;nacional;BR;;lei;Lei federal;
2074-05-13;Dia da Padroeira do Município;municipal;Cianorte-PR;;previsto;Padrão dos anos confirmados (TJPR 2025 e 2026);Previsão pela data fixa - confirmar o decreto do ano (pode haver transferência)
2074-06-14;Corpus Christi;facultativo;BR;;previsto;Regra de cálculo (Páscoa/data fixa);Ponto facultativo - só vale se a empresa ou a convenção coletiva conceder
2074-07-26;Aniversário / Emancipação Política do Município;municipal;Cianorte-PR;;previsto;Padrão dos anos confirmados (TJPR 2025 e 2026);Previsão pela data fixa - confirmar o decreto do ano (pode haver transferência)
2074-09-07;Independência do Brasil;nacional;BR;;lei;Lei federal;
2074-10-12;Nossa Senhora Aparecida;nacional;BR;;lei;Lei federal;
2074-11-02;Finados;nacional;BR;;lei;Lei federal;
2074-11-15;Proclamação da República;nacional;BR;;lei;Lei federal;
2074-11-20;Dia Nacional de Zumbi e da Consciência Negra;nacional;BR;;lei;Lei 14.759/2023;
2074-12-19;Emancipação Política do Paraná;estadual;PR;;previsto;Bem Paraná (decisão da Justiça do Trabalho);Segundo a Justiça do Trabalho não é feriado civil (só servidores) - confirmar na convenção coletiva
2074-12-24;Véspera de Natal;facultativo;BR;;previsto;Regra de cálculo (Páscoa/data fixa);Ponto facultativo - só vale se a empresa ou a convenção coletiva conceder
2074-12-25;Natal;nacional;BR;;lei;Lei federal;
2074-12-31;Véspera de Ano Novo;facultativo;BR;;previsto;Regra de cálculo (Páscoa/data fixa);Ponto facultativo - só vale se a empresa ou a convenção coletiva conceder
2075-01-01;Confraternização Universal;nacional;BR;;lei;Lei federal;
2075-02-18;Segunda-feira de Carnaval;facultativo;BR;;previsto;Regra de cálculo (Páscoa/data fixa);Ponto facultativo - só vale se a empresa ou a convenção coletiva conceder
2075-02-19;Terça-feira de Carnaval;facultativo;BR;;previsto;Regra de cálculo (Páscoa/data fixa);Ponto facultativo - só vale se a empresa ou a convenção coletiva conceder
2075-04-05;Sexta-feira Santa;nacional;BR;;lei;Lei federal (Páscoa calculada);
2075-04-21;Tiradentes;nacional;BR;;lei;Lei federal;
2075-05-01;Dia do Trabalho;nacional;BR;;lei;Lei federal;
2075-05-13;Dia da Padroeira do Município;municipal;Cianorte-PR;;previsto;Padrão dos anos confirmados (TJPR 2025 e 2026);Previsão pela data fixa - confirmar o decreto do ano (pode haver transferência)
2075-06-06;Corpus Christi;facultativo;BR;;previsto;Regra de cálculo (Páscoa/data fixa);Ponto facultativo - só vale se a empresa ou a convenção coletiva conceder
2075-07-26;Aniversário / Emancipação Política do Município;municipal;Cianorte-PR;;previsto;Padrão dos anos confirmados (TJPR 2025 e 2026);Previsão pela data fixa - confirmar o decreto do ano (pode haver transferência)
2075-09-07;Independência do Brasil;nacional;BR;;lei;Lei federal;
2075-10-12;Nossa Senhora Aparecida;nacional;BR;;lei;Lei federal;
2075-11-02;Finados;nacional;BR;;lei;Lei federal;
2075-11-15;Proclamação da República;nacional;BR;;lei;Lei federal;
2075-11-20;Dia Nacional de Zumbi e da Consciência Negra;nacional;BR;;lei;Lei 14.759/2023;
2075-12-19;Emancipação Política do Paraná;estadual;PR;;previsto;Bem Paraná (decisão da Justiça do Trabalho);Segundo a Justiça do Trabalho não é feriado civil (só servidores) - confirmar na convenção coletiva
2075-12-24;Véspera de Natal;facultativo;BR;;previsto;Regra de cálculo (Páscoa/data fixa);Ponto facultativo - só vale se a empresa ou a convenção coletiva conceder
2075-12-25;Natal;nacional;BR;;lei;Lei federal;
2075-12-31;Véspera de Ano Novo;facultativo;BR;;previsto;Regra de cálculo (Páscoa/data fixa);Ponto facultativo - só vale se a empresa ou a convenção coletiva conceder
2076-01-01;Confraternização Universal;nacional;BR;;lei;Lei federal;
2076-03-02;Segunda-feira de Carnaval;facultativo;BR;;previsto;Regra de cálculo (Páscoa/data fixa);Ponto facultativo - só vale se a empresa ou a convenção coletiva conceder
2076-03-03;Terça-feira de Carnaval;facultativo;BR;;previsto;Regra de cálculo (Páscoa/data fixa);Ponto facultativo - só vale se a empresa ou a convenção coletiva conceder
2076-04-17;Sexta-feira Santa;nacional;BR;;lei;Lei federal (Páscoa calculada);
2076-04-21;Tiradentes;nacional;BR;;lei;Lei federal;
2076-05-01;Dia do Trabalho;nacional;BR;;lei;Lei federal;
2076-05-13;Dia da Padroeira do Município;municipal;Cianorte-PR;;previsto;Padrão dos anos confirmados (TJPR 2025 e 2026);Previsão pela data fixa - confirmar o decreto do ano (pode haver transferência)
2076-06-18;Corpus Christi;facultativo;BR;;previsto;Regra de cálculo (Páscoa/data fixa);Ponto facultativo - só vale se a empresa ou a convenção coletiva conceder
2076-07-26;Aniversário / Emancipação Política do Município;municipal;Cianorte-PR;;previsto;Padrão dos anos confirmados (TJPR 2025 e 2026);Previsão pela data fixa - confirmar o decreto do ano (pode haver transferência)
2076-09-07;Independência do Brasil;nacional;BR;;lei;Lei federal;
2076-10-12;Nossa Senhora Aparecida;nacional;BR;;lei;Lei federal;
2076-11-02;Finados;nacional;BR;;lei;Lei federal;
2076-11-15;Proclamação da República;nacional;BR;;lei;Lei federal;
2076-11-20;Dia Nacional de Zumbi e da Consciência Negra;nacional;BR;;lei;Lei 14.759/2023;
2076-12-19;Emancipação Política do Paraná;estadual;PR;;previsto;Bem Paraná (decisão da Justiça do Trabalho);Segundo a Justiça do Trabalho não é feriado civil (só servidores) - confirmar na convenção coletiva
2076-12-24;Véspera de Natal;facultativo;BR;;previsto;Regra de cálculo (Páscoa/data fixa);Ponto facultativo - só vale se a empresa ou a convenção coletiva conceder
2076-12-25;Natal;nacional;BR;;lei;Lei federal;
2076-12-31;Véspera de Ano Novo;facultativo;BR;;previsto;Regra de cálculo (Páscoa/data fixa);Ponto facultativo - só vale se a empresa ou a convenção coletiva conceder
2077-01-01;Confraternização Universal;nacional;BR;;lei;Lei federal;
2077-02-22;Segunda-feira de Carnaval;facultativo;BR;;previsto;Regra de cálculo (Páscoa/data fixa);Ponto facultativo - só vale se a empresa ou a convenção coletiva conceder
2077-02-23;Terça-feira de Carnaval;facultativo;BR;;previsto;Regra de cálculo (Páscoa/data fixa);Ponto facultativo - só vale se a empresa ou a convenção coletiva conceder
2077-04-09;Sexta-feira Santa;nacional;BR;;lei;Lei federal (Páscoa calculada);
2077-04-21;Tiradentes;nacional;BR;;lei;Lei federal;
2077-05-01;Dia do Trabalho;nacional;BR;;lei;Lei federal;
2077-05-13;Dia da Padroeira do Município;municipal;Cianorte-PR;;previsto;Padrão dos anos confirmados (TJPR 2025 e 2026);Previsão pela data fixa - confirmar o decreto do ano (pode haver transferência)
2077-06-10;Corpus Christi;facultativo;BR;;previsto;Regra de cálculo (Páscoa/data fixa);Ponto facultativo - só vale se a empresa ou a convenção coletiva conceder
2077-07-26;Aniversário / Emancipação Política do Município;municipal;Cianorte-PR;;previsto;Padrão dos anos confirmados (TJPR 2025 e 2026);Previsão pela data fixa - confirmar o decreto do ano (pode haver transferência)
2077-09-07;Independência do Brasil;nacional;BR;;lei;Lei federal;
2077-10-12;Nossa Senhora Aparecida;nacional;BR;;lei;Lei federal;
2077-11-02;Finados;nacional;BR;;lei;Lei federal;
2077-11-15;Proclamação da República;nacional;BR;;lei;Lei federal;
2077-11-20;Dia Nacional de Zumbi e da Consciência Negra;nacional;BR;;lei;Lei 14.759/2023;
2077-12-19;Emancipação Política do Paraná;estadual;PR;;previsto;Bem Paraná (decisão da Justiça do Trabalho);Segundo a Justiça do Trabalho não é feriado civil (só servidores) - confirmar na convenção coletiva
2077-12-24;Véspera de Natal;facultativo;BR;;previsto;Regra de cálculo (Páscoa/data fixa);Ponto facultativo - só vale se a empresa ou a convenção coletiva conceder
2077-12-25;Natal;nacional;BR;;lei;Lei federal;
2077-12-31;Véspera de Ano Novo;facultativo;BR;;previsto;Regra de cálculo (Páscoa/data fixa);Ponto facultativo - só vale se a empresa ou a convenção coletiva conceder
2078-01-01;Confraternização Universal;nacional;BR;;lei;Lei federal;
2078-02-14;Segunda-feira de Carnaval;facultativo;BR;;previsto;Regra de cálculo (Páscoa/data fixa);Ponto facultativo - só vale se a empresa ou a convenção coletiva conceder
2078-02-15;Terça-feira de Carnaval;facultativo;BR;;previsto;Regra de cálculo (Páscoa/data fixa);Ponto facultativo - só vale se a empresa ou a convenção coletiva conceder
2078-04-01;Sexta-feira Santa;nacional;BR;;lei;Lei federal (Páscoa calculada);
2078-04-21;Tiradentes;nacional;BR;;lei;Lei federal;
2078-05-01;Dia do Trabalho;nacional;BR;;lei;Lei federal;
2078-05-13;Dia da Padroeira do Município;municipal;Cianorte-PR;;previsto;Padrão dos anos confirmados (TJPR 2025 e 2026);Previsão pela data fixa - confirmar o decreto do ano (pode haver transferência)
2078-06-02;Corpus Christi;facultativo;BR;;previsto;Regra de cálculo (Páscoa/data fixa);Ponto facultativo - só vale se a empresa ou a convenção coletiva conceder
2078-07-26;Aniversário / Emancipação Política do Município;municipal;Cianorte-PR;;previsto;Padrão dos anos confirmados (TJPR 2025 e 2026);Previsão pela data fixa - confirmar o decreto do ano (pode haver transferência)
2078-09-07;Independência do Brasil;nacional;BR;;lei;Lei federal;
2078-10-12;Nossa Senhora Aparecida;nacional;BR;;lei;Lei federal;
2078-11-02;Finados;nacional;BR;;lei;Lei federal;
2078-11-15;Proclamação da República;nacional;BR;;lei;Lei federal;
2078-11-20;Dia Nacional de Zumbi e da Consciência Negra;nacional;BR;;lei;Lei 14.759/2023;
2078-12-19;Emancipação Política do Paraná;estadual;PR;;previsto;Bem Paraná (decisão da Justiça do Trabalho);Segundo a Justiça do Trabalho não é feriado civil (só servidores) - confirmar na convenção coletiva
2078-12-24;Véspera de Natal;facultativo;BR;;previsto;Regra de cálculo (Páscoa/data fixa);Ponto facultativo - só vale se a empresa ou a convenção coletiva conceder
2078-12-25;Natal;nacional;BR;;lei;Lei federal;
2078-12-31;Véspera de Ano Novo;facultativo;BR;;previsto;Regra de cálculo (Páscoa/data fixa);Ponto facultativo - só vale se a empresa ou a convenção coletiva conceder
2079-01-01;Confraternização Universal;nacional;BR;;lei;Lei federal;
2079-03-06;Segunda-feira de Carnaval;facultativo;BR;;previsto;Regra de cálculo (Páscoa/data fixa);Ponto facultativo - só vale se a empresa ou a convenção coletiva conceder
2079-03-07;Terça-feira de Carnaval;facultativo;BR;;previsto;Regra de cálculo (Páscoa/data fixa);Ponto facultativo - só vale se a empresa ou a convenção coletiva conceder
2079-04-21;Sexta-feira Santa;nacional;BR;;lei;Lei federal (Páscoa calculada);
2079-04-21;Tiradentes;nacional;BR;;lei;Lei federal;
2079-05-01;Dia do Trabalho;nacional;BR;;lei;Lei federal;
2079-05-13;Dia da Padroeira do Município;municipal;Cianorte-PR;;previsto;Padrão dos anos confirmados (TJPR 2025 e 2026);Previsão pela data fixa - confirmar o decreto do ano (pode haver transferência)
2079-06-22;Corpus Christi;facultativo;BR;;previsto;Regra de cálculo (Páscoa/data fixa);Ponto facultativo - só vale se a empresa ou a convenção coletiva conceder
2079-07-26;Aniversário / Emancipação Política do Município;municipal;Cianorte-PR;;previsto;Padrão dos anos confirmados (TJPR 2025 e 2026);Previsão pela data fixa - confirmar o decreto do ano (pode haver transferência)
2079-09-07;Independência do Brasil;nacional;BR;;lei;Lei federal;
2079-10-12;Nossa Senhora Aparecida;nacional;BR;;lei;Lei federal;
2079-11-02;Finados;nacional;BR;;lei;Lei federal;
2079-11-15;Proclamação da República;nacional;BR;;lei;Lei federal;
2079-11-20;Dia Nacional de Zumbi e da Consciência Negra;nacional;BR;;lei;Lei 14.759/2023;
2079-12-19;Emancipação Política do Paraná;estadual;PR;;previsto;Bem Paraná (decisão da Justiça do Trabalho);Segundo a Justiça do Trabalho não é feriado civil (só servidores) - confirmar na convenção coletiva
2079-12-24;Véspera de Natal;facultativo;BR;;previsto;Regra de cálculo (Páscoa/data fixa);Ponto facultativo - só vale se a empresa ou a convenção coletiva conceder
2079-12-25;Natal;nacional;BR;;lei;Lei federal;
2079-12-31;Véspera de Ano Novo;facultativo;BR;;previsto;Regra de cálculo (Páscoa/data fixa);Ponto facultativo - só vale se a empresa ou a convenção coletiva conceder
2080-01-01;Confraternização Universal;nacional;BR;;lei;Lei federal;
2080-02-19;Segunda-feira de Carnaval;facultativo;BR;;previsto;Regra de cálculo (Páscoa/data fixa);Ponto facultativo - só vale se a empresa ou a convenção coletiva conceder
2080-02-20;Terça-feira de Carnaval;facultativo;BR;;previsto;Regra de cálculo (Páscoa/data fixa);Ponto facultativo - só vale se a empresa ou a convenção coletiva conceder
2080-04-05;Sexta-feira Santa;nacional;BR;;lei;Lei federal (Páscoa calculada);
2080-04-21;Tiradentes;nacional;BR;;lei;Lei federal;
2080-05-01;Dia do Trabalho;nacional;BR;;lei;Lei federal;
2080-05-13;Dia da Padroeira do Município;municipal;Cianorte-PR;;previsto;Padrão dos anos confirmados (TJPR 2025 e 2026);Previsão pela data fixa - confirmar o decreto do ano (pode haver transferência)
2080-06-06;Corpus Christi;facultativo;BR;;previsto;Regra de cálculo (Páscoa/data fixa);Ponto facultativo - só vale se a empresa ou a convenção coletiva conceder
2080-07-26;Aniversário / Emancipação Política do Município;municipal;Cianorte-PR;;previsto;Padrão dos anos confirmados (TJPR 2025 e 2026);Previsão pela data fixa - confirmar o decreto do ano (pode haver transferência)
2080-09-07;Independência do Brasil;nacional;BR;;lei;Lei federal;
2080-10-12;Nossa Senhora Aparecida;nacional;BR;;lei;Lei federal;
2080-11-02;Finados;nacional;BR;;lei;Lei federal;
2080-11-15;Proclamação da República;nacional;BR;;lei;Lei federal;
2080-11-20;Dia Nacional de Zumbi e da Consciência Negra;nacional;BR;;lei;Lei 14.759/2023;
2080-12-19;Emancipação Política do Paraná;estadual;PR;;previsto;Bem Paraná (decisão da Justiça do Trabalho);Segundo a Justiça do Trabalho não é feriado civil (só servidores) - confirmar na convenção coletiva
2080-12-24;Véspera de Natal;facultativo;BR;;previsto;Regra de cálculo (Páscoa/data fixa);Ponto facultativo - só vale se a empresa ou a convenção coletiva conceder
2080-12-25;Natal;nacional;BR;;lei;Lei federal;
2080-12-31;Véspera de Ano Novo;facultativo;BR;;previsto;Regra de cálculo (Páscoa/data fixa);Ponto facultativo - só vale se a empresa ou a convenção coletiva conceder
2081-01-01;Confraternização Universal;nacional;BR;;lei;Lei federal;
2081-02-10;Segunda-feira de Carnaval;facultativo;BR;;previsto;Regra de cálculo (Páscoa/data fixa);Ponto facultativo - só vale se a empresa ou a convenção coletiva conceder
2081-02-11;Terça-feira de Carnaval;facultativo;BR;;previsto;Regra de cálculo (Páscoa/data fixa);Ponto facultativo - só vale se a empresa ou a convenção coletiva conceder
2081-03-28;Sexta-feira Santa;nacional;BR;;lei;Lei federal (Páscoa calculada);
2081-04-21;Tiradentes;nacional;BR;;lei;Lei federal;
2081-05-01;Dia do Trabalho;nacional;BR;;lei;Lei federal;
2081-05-13;Dia da Padroeira do Município;municipal;Cianorte-PR;;previsto;Padrão dos anos confirmados (TJPR 2025 e 2026);Previsão pela data fixa - confirmar o decreto do ano (pode haver transferência)
2081-05-29;Corpus Christi;facultativo;BR;;previsto;Regra de cálculo (Páscoa/data fixa);Ponto facultativo - só vale se a empresa ou a convenção coletiva conceder
2081-07-26;Aniversário / Emancipação Política do Município;municipal;Cianorte-PR;;previsto;Padrão dos anos confirmados (TJPR 2025 e 2026);Previsão pela data fixa - confirmar o decreto do ano (pode haver transferência)
2081-09-07;Independência do Brasil;nacional;BR;;lei;Lei federal;
2081-10-12;Nossa Senhora Aparecida;nacional;BR;;lei;Lei federal;
2081-11-02;Finados;nacional;BR;;lei;Lei federal;
2081-11-15;Proclamação da República;nacional;BR;;lei;Lei federal;
2081-11-20;Dia Nacional de Zumbi e da Consciência Negra;nacional;BR;;lei;Lei 14.759/2023;
2081-12-19;Emancipação Política do Paraná;estadual;PR;;previsto;Bem Paraná (decisão da Justiça do Trabalho);Segundo a Justiça do Trabalho não é feriado civil (só servidores) - confirmar na convenção coletiva
2081-12-24;Véspera de Natal;facultativo;BR;;previsto;Regra de cálculo (Páscoa/data fixa);Ponto facultativo - só vale se a empresa ou a convenção coletiva conceder
2081-12-25;Natal;nacional;BR;;lei;Lei federal;
2081-12-31;Véspera de Ano Novo;facultativo;BR;;previsto;Regra de cálculo (Páscoa/data fixa);Ponto facultativo - só vale se a empresa ou a convenção coletiva conceder
2082-01-01;Confraternização Universal;nacional;BR;;lei;Lei federal;
2082-03-02;Segunda-feira de Carnaval;facultativo;BR;;previsto;Regra de cálculo (Páscoa/data fixa);Ponto facultativo - só vale se a empresa ou a convenção coletiva conceder
2082-03-03;Terça-feira de Carnaval;facultativo;BR;;previsto;Regra de cálculo (Páscoa/data fixa);Ponto facultativo - só vale se a empresa ou a convenção coletiva conceder
2082-04-17;Sexta-feira Santa;nacional;BR;;lei;Lei federal (Páscoa calculada);
2082-04-21;Tiradentes;nacional;BR;;lei;Lei federal;
2082-05-01;Dia do Trabalho;nacional;BR;;lei;Lei federal;
2082-05-13;Dia da Padroeira do Município;municipal;Cianorte-PR;;previsto;Padrão dos anos confirmados (TJPR 2025 e 2026);Previsão pela data fixa - confirmar o decreto do ano (pode haver transferência)
2082-06-18;Corpus Christi;facultativo;BR;;previsto;Regra de cálculo (Páscoa/data fixa);Ponto facultativo - só vale se a empresa ou a convenção coletiva conceder
2082-07-26;Aniversário / Emancipação Política do Município;municipal;Cianorte-PR;;previsto;Padrão dos anos confirmados (TJPR 2025 e 2026);Previsão pela data fixa - confirmar o decreto do ano (pode haver transferência)
2082-09-07;Independência do Brasil;nacional;BR;;lei;Lei federal;
2082-10-12;Nossa Senhora Aparecida;nacional;BR;;lei;Lei federal;
2082-11-02;Finados;nacional;BR;;lei;Lei federal;
2082-11-15;Proclamação da República;nacional;BR;;lei;Lei federal;
2082-11-20;Dia Nacional de Zumbi e da Consciência Negra;nacional;BR;;lei;Lei 14.759/2023;
2082-12-19;Emancipação Política do Paraná;estadual;PR;;previsto;Bem Paraná (decisão da Justiça do Trabalho);Segundo a Justiça do Trabalho não é feriado civil (só servidores) - confirmar na convenção coletiva
2082-12-24;Véspera de Natal;facultativo;BR;;previsto;Regra de cálculo (Páscoa/data fixa);Ponto facultativo - só vale se a empresa ou a convenção coletiva conceder
2082-12-25;Natal;nacional;BR;;lei;Lei federal;
2082-12-31;Véspera de Ano Novo;facultativo;BR;;previsto;Regra de cálculo (Páscoa/data fixa);Ponto facultativo - só vale se a empresa ou a convenção coletiva conceder
2083-01-01;Confraternização Universal;nacional;BR;;lei;Lei federal;
2083-02-15;Segunda-feira de Carnaval;facultativo;BR;;previsto;Regra de cálculo (Páscoa/data fixa);Ponto facultativo - só vale se a empresa ou a convenção coletiva conceder
2083-02-16;Terça-feira de Carnaval;facultativo;BR;;previsto;Regra de cálculo (Páscoa/data fixa);Ponto facultativo - só vale se a empresa ou a convenção coletiva conceder
2083-04-02;Sexta-feira Santa;nacional;BR;;lei;Lei federal (Páscoa calculada);
2083-04-21;Tiradentes;nacional;BR;;lei;Lei federal;
2083-05-01;Dia do Trabalho;nacional;BR;;lei;Lei federal;
2083-05-13;Dia da Padroeira do Município;municipal;Cianorte-PR;;previsto;Padrão dos anos confirmados (TJPR 2025 e 2026);Previsão pela data fixa - confirmar o decreto do ano (pode haver transferência)
2083-06-03;Corpus Christi;facultativo;BR;;previsto;Regra de cálculo (Páscoa/data fixa);Ponto facultativo - só vale se a empresa ou a convenção coletiva conceder
2083-07-26;Aniversário / Emancipação Política do Município;municipal;Cianorte-PR;;previsto;Padrão dos anos confirmados (TJPR 2025 e 2026);Previsão pela data fixa - confirmar o decreto do ano (pode haver transferência)
2083-09-07;Independência do Brasil;nacional;BR;;lei;Lei federal;
2083-10-12;Nossa Senhora Aparecida;nacional;BR;;lei;Lei federal;
2083-11-02;Finados;nacional;BR;;lei;Lei federal;
2083-11-15;Proclamação da República;nacional;BR;;lei;Lei federal;
2083-11-20;Dia Nacional de Zumbi e da Consciência Negra;nacional;BR;;lei;Lei 14.759/2023;
2083-12-19;Emancipação Política do Paraná;estadual;PR;;previsto;Bem Paraná (decisão da Justiça do Trabalho);Segundo a Justiça do Trabalho não é feriado civil (só servidores) - confirmar na convenção coletiva
2083-12-24;Véspera de Natal;facultativo;BR;;previsto;Regra de cálculo (Páscoa/data fixa);Ponto facultativo - só vale se a empresa ou a convenção coletiva conceder
2083-12-25;Natal;nacional;BR;;lei;Lei federal;
2083-12-31;Véspera de Ano Novo;facultativo;BR;;previsto;Regra de cálculo (Páscoa/data fixa);Ponto facultativo - só vale se a empresa ou a convenção coletiva conceder
2084-01-01;Confraternização Universal;nacional;BR;;lei;Lei federal;
2084-02-07;Segunda-feira de Carnaval;facultativo;BR;;previsto;Regra de cálculo (Páscoa/data fixa);Ponto facultativo - só vale se a empresa ou a convenção coletiva conceder
2084-02-08;Terça-feira de Carnaval;facultativo;BR;;previsto;Regra de cálculo (Páscoa/data fixa);Ponto facultativo - só vale se a empresa ou a convenção coletiva conceder
2084-03-24;Sexta-feira Santa;nacional;BR;;lei;Lei federal (Páscoa calculada);
2084-04-21;Tiradentes;nacional;BR;;lei;Lei federal;
2084-05-01;Dia do Trabalho;nacional;BR;;lei;Lei federal;
2084-05-13;Dia da Padroeira do Município;municipal;Cianorte-PR;;previsto;Padrão dos anos confirmados (TJPR 2025 e 2026);Previsão pela data fixa - confirmar o decreto do ano (pode haver transferência)
2084-05-25;Corpus Christi;facultativo;BR;;previsto;Regra de cálculo (Páscoa/data fixa);Ponto facultativo - só vale se a empresa ou a convenção coletiva conceder
2084-07-26;Aniversário / Emancipação Política do Município;municipal;Cianorte-PR;;previsto;Padrão dos anos confirmados (TJPR 2025 e 2026);Previsão pela data fixa - confirmar o decreto do ano (pode haver transferência)
2084-09-07;Independência do Brasil;nacional;BR;;lei;Lei federal;
2084-10-12;Nossa Senhora Aparecida;nacional;BR;;lei;Lei federal;
2084-11-02;Finados;nacional;BR;;lei;Lei federal;
2084-11-15;Proclamação da República;nacional;BR;;lei;Lei federal;
2084-11-20;Dia Nacional de Zumbi e da Consciência Negra;nacional;BR;;lei;Lei 14.759/2023;
2084-12-19;Emancipação Política do Paraná;estadual;PR;;previsto;Bem Paraná (decisão da Justiça do Trabalho);Segundo a Justiça do Trabalho não é feriado civil (só servidores) - confirmar na convenção coletiva
2084-12-24;Véspera de Natal;facultativo;BR;;previsto;Regra de cálculo (Páscoa/data fixa);Ponto facultativo - só vale se a empresa ou a convenção coletiva conceder
2084-12-25;Natal;nacional;BR;;lei;Lei federal;
2084-12-31;Véspera de Ano Novo;facultativo;BR;;previsto;Regra de cálculo (Páscoa/data fixa);Ponto facultativo - só vale se a empresa ou a convenção coletiva conceder
2085-01-01;Confraternização Universal;nacional;BR;;lei;Lei federal;
2085-02-26;Segunda-feira de Carnaval;facultativo;BR;;previsto;Regra de cálculo (Páscoa/data fixa);Ponto facultativo - só vale se a empresa ou a convenção coletiva conceder
2085-02-27;Terça-feira de Carnaval;facultativo;BR;;previsto;Regra de cálculo (Páscoa/data fixa);Ponto facultativo - só vale se a empresa ou a convenção coletiva conceder
2085-04-13;Sexta-feira Santa;nacional;BR;;lei;Lei federal (Páscoa calculada);
2085-04-21;Tiradentes;nacional;BR;;lei;Lei federal;
2085-05-01;Dia do Trabalho;nacional;BR;;lei;Lei federal;
2085-05-13;Dia da Padroeira do Município;municipal;Cianorte-PR;;previsto;Padrão dos anos confirmados (TJPR 2025 e 2026);Previsão pela data fixa - confirmar o decreto do ano (pode haver transferência)
2085-06-14;Corpus Christi;facultativo;BR;;previsto;Regra de cálculo (Páscoa/data fixa);Ponto facultativo - só vale se a empresa ou a convenção coletiva conceder
2085-07-26;Aniversário / Emancipação Política do Município;municipal;Cianorte-PR;;previsto;Padrão dos anos confirmados (TJPR 2025 e 2026);Previsão pela data fixa - confirmar o decreto do ano (pode haver transferência)
2085-09-07;Independência do Brasil;nacional;BR;;lei;Lei federal;
2085-10-12;Nossa Senhora Aparecida;nacional;BR;;lei;Lei federal;
2085-11-02;Finados;nacional;BR;;lei;Lei federal;
2085-11-15;Proclamação da República;nacional;BR;;lei;Lei federal;
2085-11-20;Dia Nacional de Zumbi e da Consciência Negra;nacional;BR;;lei;Lei 14.759/2023;
2085-12-19;Emancipação Política do Paraná;estadual;PR;;previsto;Bem Paraná (decisão da Justiça do Trabalho);Segundo a Justiça do Trabalho não é feriado civil (só servidores) - confirmar na convenção coletiva
2085-12-24;Véspera de Natal;facultativo;BR;;previsto;Regra de cálculo (Páscoa/data fixa);Ponto facultativo - só vale se a empresa ou a convenção coletiva conceder
2085-12-25;Natal;nacional;BR;;lei;Lei federal;
2085-12-31;Véspera de Ano Novo;facultativo;BR;;previsto;Regra de cálculo (Páscoa/data fixa);Ponto facultativo - só vale se a empresa ou a convenção coletiva conceder
2086-01-01;Confraternização Universal;nacional;BR;;lei;Lei federal;
2086-02-11;Segunda-feira de Carnaval;facultativo;BR;;previsto;Regra de cálculo (Páscoa/data fixa);Ponto facultativo - só vale se a empresa ou a convenção coletiva conceder
2086-02-12;Terça-feira de Carnaval;facultativo;BR;;previsto;Regra de cálculo (Páscoa/data fixa);Ponto facultativo - só vale se a empresa ou a convenção coletiva conceder
2086-03-29;Sexta-feira Santa;nacional;BR;;lei;Lei federal (Páscoa calculada);
2086-04-21;Tiradentes;nacional;BR;;lei;Lei federal;
2086-05-01;Dia do Trabalho;nacional;BR;;lei;Lei federal;
2086-05-13;Dia da Padroeira do Município;municipal;Cianorte-PR;;previsto;Padrão dos anos confirmados (TJPR 2025 e 2026);Previsão pela data fixa - confirmar o decreto do ano (pode haver transferência)
2086-05-30;Corpus Christi;facultativo;BR;;previsto;Regra de cálculo (Páscoa/data fixa);Ponto facultativo - só vale se a empresa ou a convenção coletiva conceder
2086-07-26;Aniversário / Emancipação Política do Município;municipal;Cianorte-PR;;previsto;Padrão dos anos confirmados (TJPR 2025 e 2026);Previsão pela data fixa - confirmar o decreto do ano (pode haver transferência)
2086-09-07;Independência do Brasil;nacional;BR;;lei;Lei federal;
2086-10-12;Nossa Senhora Aparecida;nacional;BR;;lei;Lei federal;
2086-11-02;Finados;nacional;BR;;lei;Lei federal;
2086-11-15;Proclamação da República;nacional;BR;;lei;Lei federal;
2086-11-20;Dia Nacional de Zumbi e da Consciência Negra;nacional;BR;;lei;Lei 14.759/2023;
2086-12-19;Emancipação Política do Paraná;estadual;PR;;previsto;Bem Paraná (decisão da Justiça do Trabalho);Segundo a Justiça do Trabalho não é feriado civil (só servidores) - confirmar na convenção coletiva
2086-12-24;Véspera de Natal;facultativo;BR;;previsto;Regra de cálculo (Páscoa/data fixa);Ponto facultativo - só vale se a empresa ou a convenção coletiva conceder
2086-12-25;Natal;nacional;BR;;lei;Lei federal;
2086-12-31;Véspera de Ano Novo;facultativo;BR;;previsto;Regra de cálculo (Páscoa/data fixa);Ponto facultativo - só vale se a empresa ou a convenção coletiva conceder
2087-01-01;Confraternização Universal;nacional;BR;;lei;Lei federal;
2087-03-03;Segunda-feira de Carnaval;facultativo;BR;;previsto;Regra de cálculo (Páscoa/data fixa);Ponto facultativo - só vale se a empresa ou a convenção coletiva conceder
2087-03-04;Terça-feira de Carnaval;facultativo;BR;;previsto;Regra de cálculo (Páscoa/data fixa);Ponto facultativo - só vale se a empresa ou a convenção coletiva conceder
2087-04-18;Sexta-feira Santa;nacional;BR;;lei;Lei federal (Páscoa calculada);
2087-04-21;Tiradentes;nacional;BR;;lei;Lei federal;
2087-05-01;Dia do Trabalho;nacional;BR;;lei;Lei federal;
2087-05-13;Dia da Padroeira do Município;municipal;Cianorte-PR;;previsto;Padrão dos anos confirmados (TJPR 2025 e 2026);Previsão pela data fixa - confirmar o decreto do ano (pode haver transferência)
2087-06-19;Corpus Christi;facultativo;BR;;previsto;Regra de cálculo (Páscoa/data fixa);Ponto facultativo - só vale se a empresa ou a convenção coletiva conceder
2087-07-26;Aniversário / Emancipação Política do Município;municipal;Cianorte-PR;;previsto;Padrão dos anos confirmados (TJPR 2025 e 2026);Previsão pela data fixa - confirmar o decreto do ano (pode haver transferência)
2087-09-07;Independência do Brasil;nacional;BR;;lei;Lei federal;
2087-10-12;Nossa Senhora Aparecida;nacional;BR;;lei;Lei federal;
2087-11-02;Finados;nacional;BR;;lei;Lei federal;
2087-11-15;Proclamação da República;nacional;BR;;lei;Lei federal;
2087-11-20;Dia Nacional de Zumbi e da Consciência Negra;nacional;BR;;lei;Lei 14.759/2023;
2087-12-19;Emancipação Política do Paraná;estadual;PR;;previsto;Bem Paraná (decisão da Justiça do Trabalho);Segundo a Justiça do Trabalho não é feriado civil (só servidores) - confirmar na convenção coletiva
2087-12-24;Véspera de Natal;facultativo;BR;;previsto;Regra de cálculo (Páscoa/data fixa);Ponto facultativo - só vale se a empresa ou a convenção coletiva conceder
2087-12-25;Natal;nacional;BR;;lei;Lei federal;
2087-12-31;Véspera de Ano Novo;facultativo;BR;;previsto;Regra de cálculo (Páscoa/data fixa);Ponto facultativo - só vale se a empresa ou a convenção coletiva conceder
2088-01-01;Confraternização Universal;nacional;BR;;lei;Lei federal;
2088-02-23;Segunda-feira de Carnaval;facultativo;BR;;previsto;Regra de cálculo (Páscoa/data fixa);Ponto facultativo - só vale se a empresa ou a convenção coletiva conceder
2088-02-24;Terça-feira de Carnaval;facultativo;BR;;previsto;Regra de cálculo (Páscoa/data fixa);Ponto facultativo - só vale se a empresa ou a convenção coletiva conceder
2088-04-09;Sexta-feira Santa;nacional;BR;;lei;Lei federal (Páscoa calculada);
2088-04-21;Tiradentes;nacional;BR;;lei;Lei federal;
2088-05-01;Dia do Trabalho;nacional;BR;;lei;Lei federal;
2088-05-13;Dia da Padroeira do Município;municipal;Cianorte-PR;;previsto;Padrão dos anos confirmados (TJPR 2025 e 2026);Previsão pela data fixa - confirmar o decreto do ano (pode haver transferência)
2088-06-10;Corpus Christi;facultativo;BR;;previsto;Regra de cálculo (Páscoa/data fixa);Ponto facultativo - só vale se a empresa ou a convenção coletiva conceder
2088-07-26;Aniversário / Emancipação Política do Município;municipal;Cianorte-PR;;previsto;Padrão dos anos confirmados (TJPR 2025 e 2026);Previsão pela data fixa - confirmar o decreto do ano (pode haver transferência)
2088-09-07;Independência do Brasil;nacional;BR;;lei;Lei federal;
2088-10-12;Nossa Senhora Aparecida;nacional;BR;;lei;Lei federal;
2088-11-02;Finados;nacional;BR;;lei;Lei federal;
2088-11-15;Proclamação da República;nacional;BR;;lei;Lei federal;
2088-11-20;Dia Nacional de Zumbi e da Consciência Negra;nacional;BR;;lei;Lei 14.759/2023;
2088-12-19;Emancipação Política do Paraná;estadual;PR;;previsto;Bem Paraná (decisão da Justiça do Trabalho);Segundo a Justiça do Trabalho não é feriado civil (só servidores) - confirmar na convenção coletiva
2088-12-24;Véspera de Natal;facultativo;BR;;previsto;Regra de cálculo (Páscoa/data fixa);Ponto facultativo - só vale se a empresa ou a convenção coletiva conceder
2088-12-25;Natal;nacional;BR;;lei;Lei federal;
2088-12-31;Véspera de Ano Novo;facultativo;BR;;previsto;Regra de cálculo (Páscoa/data fixa);Ponto facultativo - só vale se a empresa ou a convenção coletiva conceder
2089-01-01;Confraternização Universal;nacional;BR;;lei;Lei federal;
2089-02-14;Segunda-feira de Carnaval;facultativo;BR;;previsto;Regra de cálculo (Páscoa/data fixa);Ponto facultativo - só vale se a empresa ou a convenção coletiva conceder
2089-02-15;Terça-feira de Carnaval;facultativo;BR;;previsto;Regra de cálculo (Páscoa/data fixa);Ponto facultativo - só vale se a empresa ou a convenção coletiva conceder
2089-04-01;Sexta-feira Santa;nacional;BR;;lei;Lei federal (Páscoa calculada);
2089-04-21;Tiradentes;nacional;BR;;lei;Lei federal;
2089-05-01;Dia do Trabalho;nacional;BR;;lei;Lei federal;
2089-05-13;Dia da Padroeira do Município;municipal;Cianorte-PR;;previsto;Padrão dos anos confirmados (TJPR 2025 e 2026);Previsão pela data fixa - confirmar o decreto do ano (pode haver transferência)
2089-06-02;Corpus Christi;facultativo;BR;;previsto;Regra de cálculo (Páscoa/data fixa);Ponto facultativo - só vale se a empresa ou a convenção coletiva conceder
2089-07-26;Aniversário / Emancipação Política do Município;municipal;Cianorte-PR;;previsto;Padrão dos anos confirmados (TJPR 2025 e 2026);Previsão pela data fixa - confirmar o decreto do ano (pode haver transferência)
2089-09-07;Independência do Brasil;nacional;BR;;lei;Lei federal;
2089-10-12;Nossa Senhora Aparecida;nacional;BR;;lei;Lei federal;
2089-11-02;Finados;nacional;BR;;lei;Lei federal;
2089-11-15;Proclamação da República;nacional;BR;;lei;Lei federal;
2089-11-20;Dia Nacional de Zumbi e da Consciência Negra;nacional;BR;;lei;Lei 14.759/2023;
2089-12-19;Emancipação Política do Paraná;estadual;PR;;previsto;Bem Paraná (decisão da Justiça do Trabalho);Segundo a Justiça do Trabalho não é feriado civil (só servidores) - confirmar na convenção coletiva
2089-12-24;Véspera de Natal;facultativo;BR;;previsto;Regra de cálculo (Páscoa/data fixa);Ponto facultativo - só vale se a empresa ou a convenção coletiva conceder
2089-12-25;Natal;nacional;BR;;lei;Lei federal;
2089-12-31;Véspera de Ano Novo;facultativo;BR;;previsto;Regra de cálculo (Páscoa/data fixa);Ponto facultativo - só vale se a empresa ou a convenção coletiva conceder
2090-01-01;Confraternização Universal;nacional;BR;;lei;Lei federal;
2090-02-27;Segunda-feira de Carnaval;facultativo;BR;;previsto;Regra de cálculo (Páscoa/data fixa);Ponto facultativo - só vale se a empresa ou a convenção coletiva conceder
2090-02-28;Terça-feira de Carnaval;facultativo;BR;;previsto;Regra de cálculo (Páscoa/data fixa);Ponto facultativo - só vale se a empresa ou a convenção coletiva conceder
2090-04-14;Sexta-feira Santa;nacional;BR;;lei;Lei federal (Páscoa calculada);
2090-04-21;Tiradentes;nacional;BR;;lei;Lei federal;
2090-05-01;Dia do Trabalho;nacional;BR;;lei;Lei federal;
2090-05-13;Dia da Padroeira do Município;municipal;Cianorte-PR;;previsto;Padrão dos anos confirmados (TJPR 2025 e 2026);Previsão pela data fixa - confirmar o decreto do ano (pode haver transferência)
2090-06-15;Corpus Christi;facultativo;BR;;previsto;Regra de cálculo (Páscoa/data fixa);Ponto facultativo - só vale se a empresa ou a convenção coletiva conceder
2090-07-26;Aniversário / Emancipação Política do Município;municipal;Cianorte-PR;;previsto;Padrão dos anos confirmados (TJPR 2025 e 2026);Previsão pela data fixa - confirmar o decreto do ano (pode haver transferência)
2090-09-07;Independência do Brasil;nacional;BR;;lei;Lei federal;
2090-10-12;Nossa Senhora Aparecida;nacional;BR;;lei;Lei federal;
2090-11-02;Finados;nacional;BR;;lei;Lei federal;
2090-11-15;Proclamação da República;nacional;BR;;lei;Lei federal;
2090-11-20;Dia Nacional de Zumbi e da Consciência Negra;nacional;BR;;lei;Lei 14.759/2023;
2090-12-19;Emancipação Política do Paraná;estadual;PR;;previsto;Bem Paraná (decisão da Justiça do Trabalho);Segundo a Justiça do Trabalho não é feriado civil (só servidores) - confirmar na convenção coletiva
2090-12-24;Véspera de Natal;facultativo;BR;;previsto;Regra de cálculo (Páscoa/data fixa);Ponto facultativo - só vale se a empresa ou a convenção coletiva conceder
2090-12-25;Natal;nacional;BR;;lei;Lei federal;
2090-12-31;Véspera de Ano Novo;facultativo;BR;;previsto;Regra de cálculo (Páscoa/data fixa);Ponto facultativo - só vale se a empresa ou a convenção coletiva conceder
2091-01-01;Confraternização Universal;nacional;BR;;lei;Lei federal;
2091-02-19;Segunda-feira de Carnaval;facultativo;BR;;previsto;Regra de cálculo (Páscoa/data fixa);Ponto facultativo - só vale se a empresa ou a convenção coletiva conceder
2091-02-20;Terça-feira de Carnaval;facultativo;BR;;previsto;Regra de cálculo (Páscoa/data fixa);Ponto facultativo - só vale se a empresa ou a convenção coletiva conceder
2091-04-06;Sexta-feira Santa;nacional;BR;;lei;Lei federal (Páscoa calculada);
2091-04-21;Tiradentes;nacional;BR;;lei;Lei federal;
2091-05-01;Dia do Trabalho;nacional;BR;;lei;Lei federal;
2091-05-13;Dia da Padroeira do Município;municipal;Cianorte-PR;;previsto;Padrão dos anos confirmados (TJPR 2025 e 2026);Previsão pela data fixa - confirmar o decreto do ano (pode haver transferência)
2091-06-07;Corpus Christi;facultativo;BR;;previsto;Regra de cálculo (Páscoa/data fixa);Ponto facultativo - só vale se a empresa ou a convenção coletiva conceder
2091-07-26;Aniversário / Emancipação Política do Município;municipal;Cianorte-PR;;previsto;Padrão dos anos confirmados (TJPR 2025 e 2026);Previsão pela data fixa - confirmar o decreto do ano (pode haver transferência)
2091-09-07;Independência do Brasil;nacional;BR;;lei;Lei federal;
2091-10-12;Nossa Senhora Aparecida;nacional;BR;;lei;Lei federal;
2091-11-02;Finados;nacional;BR;;lei;Lei federal;
2091-11-15;Proclamação da República;nacional;BR;;lei;Lei federal;
2091-11-20;Dia Nacional de Zumbi e da Consciência Negra;nacional;BR;;lei;Lei 14.759/2023;
2091-12-19;Emancipação Política do Paraná;estadual;PR;;previsto;Bem Paraná (decisão da Justiça do Trabalho);Segundo a Justiça do Trabalho não é feriado civil (só servidores) - confirmar na convenção coletiva
2091-12-24;Véspera de Natal;facultativo;BR;;previsto;Regra de cálculo (Páscoa/data fixa);Ponto facultativo - só vale se a empresa ou a convenção coletiva conceder
2091-12-25;Natal;nacional;BR;;lei;Lei federal;
2091-12-31;Véspera de Ano Novo;facultativo;BR;;previsto;Regra de cálculo (Páscoa/data fixa);Ponto facultativo - só vale se a empresa ou a convenção coletiva conceder
2092-01-01;Confraternização Universal;nacional;BR;;lei;Lei federal;
2092-02-11;Segunda-feira de Carnaval;facultativo;BR;;previsto;Regra de cálculo (Páscoa/data fixa);Ponto facultativo - só vale se a empresa ou a convenção coletiva conceder
2092-02-12;Terça-feira de Carnaval;facultativo;BR;;previsto;Regra de cálculo (Páscoa/data fixa);Ponto facultativo - só vale se a empresa ou a convenção coletiva conceder
2092-03-28;Sexta-feira Santa;nacional;BR;;lei;Lei federal (Páscoa calculada);
2092-04-21;Tiradentes;nacional;BR;;lei;Lei federal;
2092-05-01;Dia do Trabalho;nacional;BR;;lei;Lei federal;
2092-05-13;Dia da Padroeira do Município;municipal;Cianorte-PR;;previsto;Padrão dos anos confirmados (TJPR 2025 e 2026);Previsão pela data fixa - confirmar o decreto do ano (pode haver transferência)
2092-05-29;Corpus Christi;facultativo;BR;;previsto;Regra de cálculo (Páscoa/data fixa);Ponto facultativo - só vale se a empresa ou a convenção coletiva conceder
2092-07-26;Aniversário / Emancipação Política do Município;municipal;Cianorte-PR;;previsto;Padrão dos anos confirmados (TJPR 2025 e 2026);Previsão pela data fixa - confirmar o decreto do ano (pode haver transferência)
2092-09-07;Independência do Brasil;nacional;BR;;lei;Lei federal;
2092-10-12;Nossa Senhora Aparecida;nacional;BR;;lei;Lei federal;
2092-11-02;Finados;nacional;BR;;lei;Lei federal;
2092-11-15;Proclamação da República;nacional;BR;;lei;Lei federal;
2092-11-20;Dia Nacional de Zumbi e da Consciência Negra;nacional;BR;;lei;Lei 14.759/2023;
2092-12-19;Emancipação Política do Paraná;estadual;PR;;previsto;Bem Paraná (decisão da Justiça do Trabalho);Segundo a Justiça do Trabalho não é feriado civil (só servidores) - confirmar na convenção coletiva
2092-12-24;Véspera de Natal;facultativo;BR;;previsto;Regra de cálculo (Páscoa/data fixa);Ponto facultativo - só vale se a empresa ou a convenção coletiva conceder
2092-12-25;Natal;nacional;BR;;lei;Lei federal;
2092-12-31;Véspera de Ano Novo;facultativo;BR;;previsto;Regra de cálculo (Páscoa/data fixa);Ponto facultativo - só vale se a empresa ou a convenção coletiva conceder
2093-01-01;Confraternização Universal;nacional;BR;;lei;Lei federal;
2093-02-23;Segunda-feira de Carnaval;facultativo;BR;;previsto;Regra de cálculo (Páscoa/data fixa);Ponto facultativo - só vale se a empresa ou a convenção coletiva conceder
2093-02-24;Terça-feira de Carnaval;facultativo;BR;;previsto;Regra de cálculo (Páscoa/data fixa);Ponto facultativo - só vale se a empresa ou a convenção coletiva conceder
2093-04-10;Sexta-feira Santa;nacional;BR;;lei;Lei federal (Páscoa calculada);
2093-04-21;Tiradentes;nacional;BR;;lei;Lei federal;
2093-05-01;Dia do Trabalho;nacional;BR;;lei;Lei federal;
2093-05-13;Dia da Padroeira do Município;municipal;Cianorte-PR;;previsto;Padrão dos anos confirmados (TJPR 2025 e 2026);Previsão pela data fixa - confirmar o decreto do ano (pode haver transferência)
2093-06-11;Corpus Christi;facultativo;BR;;previsto;Regra de cálculo (Páscoa/data fixa);Ponto facultativo - só vale se a empresa ou a convenção coletiva conceder
2093-07-26;Aniversário / Emancipação Política do Município;municipal;Cianorte-PR;;previsto;Padrão dos anos confirmados (TJPR 2025 e 2026);Previsão pela data fixa - confirmar o decreto do ano (pode haver transferência)
2093-09-07;Independência do Brasil;nacional;BR;;lei;Lei federal;
2093-10-12;Nossa Senhora Aparecida;nacional;BR;;lei;Lei federal;
2093-11-02;Finados;nacional;BR;;lei;Lei federal;
2093-11-15;Proclamação da República;nacional;BR;;lei;Lei federal;
2093-11-20;Dia Nacional de Zumbi e da Consciência Negra;nacional;BR;;lei;Lei 14.759/2023;
2093-12-19;Emancipação Política do Paraná;estadual;PR;;previsto;Bem Paraná (decisão da Justiça do Trabalho);Segundo a Justiça do Trabalho não é feriado civil (só servidores) - confirmar na convenção coletiva
2093-12-24;Véspera de Natal;facultativo;BR;;previsto;Regra de cálculo (Páscoa/data fixa);Ponto facultativo - só vale se a empresa ou a convenção coletiva conceder
2093-12-25;Natal;nacional;BR;;lei;Lei federal;
2093-12-31;Véspera de Ano Novo;facultativo;BR;;previsto;Regra de cálculo (Páscoa/data fixa);Ponto facultativo - só vale se a empresa ou a convenção coletiva conceder
2094-01-01;Confraternização Universal;nacional;BR;;lei;Lei federal;
2094-02-15;Segunda-feira de Carnaval;facultativo;BR;;previsto;Regra de cálculo (Páscoa/data fixa);Ponto facultativo - só vale se a empresa ou a convenção coletiva conceder
2094-02-16;Terça-feira de Carnaval;facultativo;BR;;previsto;Regra de cálculo (Páscoa/data fixa);Ponto facultativo - só vale se a empresa ou a convenção coletiva conceder
2094-04-02;Sexta-feira Santa;nacional;BR;;lei;Lei federal (Páscoa calculada);
2094-04-21;Tiradentes;nacional;BR;;lei;Lei federal;
2094-05-01;Dia do Trabalho;nacional;BR;;lei;Lei federal;
2094-05-13;Dia da Padroeira do Município;municipal;Cianorte-PR;;previsto;Padrão dos anos confirmados (TJPR 2025 e 2026);Previsão pela data fixa - confirmar o decreto do ano (pode haver transferência)
2094-06-03;Corpus Christi;facultativo;BR;;previsto;Regra de cálculo (Páscoa/data fixa);Ponto facultativo - só vale se a empresa ou a convenção coletiva conceder
2094-07-26;Aniversário / Emancipação Política do Município;municipal;Cianorte-PR;;previsto;Padrão dos anos confirmados (TJPR 2025 e 2026);Previsão pela data fixa - confirmar o decreto do ano (pode haver transferência)
2094-09-07;Independência do Brasil;nacional;BR;;lei;Lei federal;
2094-10-12;Nossa Senhora Aparecida;nacional;BR;;lei;Lei federal;
2094-11-02;Finados;nacional;BR;;lei;Lei federal;
2094-11-15;Proclamação da República;nacional;BR;;lei;Lei federal;
2094-11-20;Dia Nacional de Zumbi e da Consciência Negra;nacional;BR;;lei;Lei 14.759/2023;
2094-12-19;Emancipação Política do Paraná;estadual;PR;;previsto;Bem Paraná (decisão da Justiça do Trabalho);Segundo a Justiça do Trabalho não é feriado civil (só servidores) - confirmar na convenção coletiva
2094-12-24;Véspera de Natal;facultativo;BR;;previsto;Regra de cálculo (Páscoa/data fixa);Ponto facultativo - só vale se a empresa ou a convenção coletiva conceder
2094-12-25;Natal;nacional;BR;;lei;Lei federal;
2094-12-31;Véspera de Ano Novo;facultativo;BR;;previsto;Regra de cálculo (Páscoa/data fixa);Ponto facultativo - só vale se a empresa ou a convenção coletiva conceder
2095-01-01;Confraternização Universal;nacional;BR;;lei;Lei federal;
2095-03-07;Segunda-feira de Carnaval;facultativo;BR;;previsto;Regra de cálculo (Páscoa/data fixa);Ponto facultativo - só vale se a empresa ou a convenção coletiva conceder
2095-03-08;Terça-feira de Carnaval;facultativo;BR;;previsto;Regra de cálculo (Páscoa/data fixa);Ponto facultativo - só vale se a empresa ou a convenção coletiva conceder
2095-04-21;Tiradentes;nacional;BR;;lei;Lei federal;
2095-04-22;Sexta-feira Santa;nacional;BR;;lei;Lei federal (Páscoa calculada);
2095-05-01;Dia do Trabalho;nacional;BR;;lei;Lei federal;
2095-05-13;Dia da Padroeira do Município;municipal;Cianorte-PR;;previsto;Padrão dos anos confirmados (TJPR 2025 e 2026);Previsão pela data fixa - confirmar o decreto do ano (pode haver transferência)
2095-06-23;Corpus Christi;facultativo;BR;;previsto;Regra de cálculo (Páscoa/data fixa);Ponto facultativo - só vale se a empresa ou a convenção coletiva conceder
2095-07-26;Aniversário / Emancipação Política do Município;municipal;Cianorte-PR;;previsto;Padrão dos anos confirmados (TJPR 2025 e 2026);Previsão pela data fixa - confirmar o decreto do ano (pode haver transferência)
2095-09-07;Independência do Brasil;nacional;BR;;lei;Lei federal;
2095-10-12;Nossa Senhora Aparecida;nacional;BR;;lei;Lei federal;
2095-11-02;Finados;nacional;BR;;lei;Lei federal;
2095-11-15;Proclamação da República;nacional;BR;;lei;Lei federal;
2095-11-20;Dia Nacional de Zumbi e da Consciência Negra;nacional;BR;;lei;Lei 14.759/2023;
2095-12-19;Emancipação Política do Paraná;estadual;PR;;previsto;Bem Paraná (decisão da Justiça do Trabalho);Segundo a Justiça do Trabalho não é feriado civil (só servidores) - confirmar na convenção coletiva
2095-12-24;Véspera de Natal;facultativo;BR;;previsto;Regra de cálculo (Páscoa/data fixa);Ponto facultativo - só vale se a empresa ou a convenção coletiva conceder
2095-12-25;Natal;nacional;BR;;lei;Lei federal;
2095-12-31;Véspera de Ano Novo;facultativo;BR;;previsto;Regra de cálculo (Páscoa/data fixa);Ponto facultativo - só vale se a empresa ou a convenção coletiva conceder
2096-01-01;Confraternização Universal;nacional;BR;;lei;Lei federal;
2096-02-27;Segunda-feira de Carnaval;facultativo;BR;;previsto;Regra de cálculo (Páscoa/data fixa);Ponto facultativo - só vale se a empresa ou a convenção coletiva conceder
2096-02-28;Terça-feira de Carnaval;facultativo;BR;;previsto;Regra de cálculo (Páscoa/data fixa);Ponto facultativo - só vale se a empresa ou a convenção coletiva conceder
2096-04-13;Sexta-feira Santa;nacional;BR;;lei;Lei federal (Páscoa calculada);
2096-04-21;Tiradentes;nacional;BR;;lei;Lei federal;
2096-05-01;Dia do Trabalho;nacional;BR;;lei;Lei federal;
2096-05-13;Dia da Padroeira do Município;municipal;Cianorte-PR;;previsto;Padrão dos anos confirmados (TJPR 2025 e 2026);Previsão pela data fixa - confirmar o decreto do ano (pode haver transferência)
2096-06-14;Corpus Christi;facultativo;BR;;previsto;Regra de cálculo (Páscoa/data fixa);Ponto facultativo - só vale se a empresa ou a convenção coletiva conceder
2096-07-26;Aniversário / Emancipação Política do Município;municipal;Cianorte-PR;;previsto;Padrão dos anos confirmados (TJPR 2025 e 2026);Previsão pela data fixa - confirmar o decreto do ano (pode haver transferência)
2096-09-07;Independência do Brasil;nacional;BR;;lei;Lei federal;
2096-10-12;Nossa Senhora Aparecida;nacional;BR;;lei;Lei federal;
2096-11-02;Finados;nacional;BR;;lei;Lei federal;
2096-11-15;Proclamação da República;nacional;BR;;lei;Lei federal;
2096-11-20;Dia Nacional de Zumbi e da Consciência Negra;nacional;BR;;lei;Lei 14.759/2023;
2096-12-19;Emancipação Política do Paraná;estadual;PR;;previsto;Bem Paraná (decisão da Justiça do Trabalho);Segundo a Justiça do Trabalho não é feriado civil (só servidores) - confirmar na convenção coletiva
2096-12-24;Véspera de Natal;facultativo;BR;;previsto;Regra de cálculo (Páscoa/data fixa);Ponto facultativo - só vale se a empresa ou a convenção coletiva conceder
2096-12-25;Natal;nacional;BR;;lei;Lei federal;
2096-12-31;Véspera de Ano Novo;facultativo;BR;;previsto;Regra de cálculo (Páscoa/data fixa);Ponto facultativo - só vale se a empresa ou a convenção coletiva conceder
2097-01-01;Confraternização Universal;nacional;BR;;lei;Lei federal;
2097-02-11;Segunda-feira de Carnaval;facultativo;BR;;previsto;Regra de cálculo (Páscoa/data fixa);Ponto facultativo - só vale se a empresa ou a convenção coletiva conceder
2097-02-12;Terça-feira de Carnaval;facultativo;BR;;previsto;Regra de cálculo (Páscoa/data fixa);Ponto facultativo - só vale se a empresa ou a convenção coletiva conceder
2097-03-29;Sexta-feira Santa;nacional;BR;;lei;Lei federal (Páscoa calculada);
2097-04-21;Tiradentes;nacional;BR;;lei;Lei federal;
2097-05-01;Dia do Trabalho;nacional;BR;;lei;Lei federal;
2097-05-13;Dia da Padroeira do Município;municipal;Cianorte-PR;;previsto;Padrão dos anos confirmados (TJPR 2025 e 2026);Previsão pela data fixa - confirmar o decreto do ano (pode haver transferência)
2097-05-30;Corpus Christi;facultativo;BR;;previsto;Regra de cálculo (Páscoa/data fixa);Ponto facultativo - só vale se a empresa ou a convenção coletiva conceder
2097-07-26;Aniversário / Emancipação Política do Município;municipal;Cianorte-PR;;previsto;Padrão dos anos confirmados (TJPR 2025 e 2026);Previsão pela data fixa - confirmar o decreto do ano (pode haver transferência)
2097-09-07;Independência do Brasil;nacional;BR;;lei;Lei federal;
2097-10-12;Nossa Senhora Aparecida;nacional;BR;;lei;Lei federal;
2097-11-02;Finados;nacional;BR;;lei;Lei federal;
2097-11-15;Proclamação da República;nacional;BR;;lei;Lei federal;
2097-11-20;Dia Nacional de Zumbi e da Consciência Negra;nacional;BR;;lei;Lei 14.759/2023;
2097-12-19;Emancipação Política do Paraná;estadual;PR;;previsto;Bem Paraná (decisão da Justiça do Trabalho);Segundo a Justiça do Trabalho não é feriado civil (só servidores) - confirmar na convenção coletiva
2097-12-24;Véspera de Natal;facultativo;BR;;previsto;Regra de cálculo (Páscoa/data fixa);Ponto facultativo - só vale se a empresa ou a convenção coletiva conceder
2097-12-25;Natal;nacional;BR;;lei;Lei federal;
2097-12-31;Véspera de Ano Novo;facultativo;BR;;previsto;Regra de cálculo (Páscoa/data fixa);Ponto facultativo - só vale se a empresa ou a convenção coletiva conceder
2098-01-01;Confraternização Universal;nacional;BR;;lei;Lei federal;
2098-03-03;Segunda-feira de Carnaval;facultativo;BR;;previsto;Regra de cálculo (Páscoa/data fixa);Ponto facultativo - só vale se a empresa ou a convenção coletiva conceder
2098-03-04;Terça-feira de Carnaval;facultativo;BR;;previsto;Regra de cálculo (Páscoa/data fixa);Ponto facultativo - só vale se a empresa ou a convenção coletiva conceder
2098-04-18;Sexta-feira Santa;nacional;BR;;lei;Lei federal (Páscoa calculada);
2098-04-21;Tiradentes;nacional;BR;;lei;Lei federal;
2098-05-01;Dia do Trabalho;nacional;BR;;lei;Lei federal;
2098-05-13;Dia da Padroeira do Município;municipal;Cianorte-PR;;previsto;Padrão dos anos confirmados (TJPR 2025 e 2026);Previsão pela data fixa - confirmar o decreto do ano (pode haver transferência)
2098-06-19;Corpus Christi;facultativo;BR;;previsto;Regra de cálculo (Páscoa/data fixa);Ponto facultativo - só vale se a empresa ou a convenção coletiva conceder
2098-07-26;Aniversário / Emancipação Política do Município;municipal;Cianorte-PR;;previsto;Padrão dos anos confirmados (TJPR 2025 e 2026);Previsão pela data fixa - confirmar o decreto do ano (pode haver transferência)
2098-09-07;Independência do Brasil;nacional;BR;;lei;Lei federal;
2098-10-12;Nossa Senhora Aparecida;nacional;BR;;lei;Lei federal;
2098-11-02;Finados;nacional;BR;;lei;Lei federal;
2098-11-15;Proclamação da República;nacional;BR;;lei;Lei federal;
2098-11-20;Dia Nacional de Zumbi e da Consciência Negra;nacional;BR;;lei;Lei 14.759/2023;
2098-12-19;Emancipação Política do Paraná;estadual;PR;;previsto;Bem Paraná (decisão da Justiça do Trabalho);Segundo a Justiça do Trabalho não é feriado civil (só servidores) - confirmar na convenção coletiva
2098-12-24;Véspera de Natal;facultativo;BR;;previsto;Regra de cálculo (Páscoa/data fixa);Ponto facultativo - só vale se a empresa ou a convenção coletiva conceder
2098-12-25;Natal;nacional;BR;;lei;Lei federal;
2098-12-31;Véspera de Ano Novo;facultativo;BR;;previsto;Regra de cálculo (Páscoa/data fixa);Ponto facultativo - só vale se a empresa ou a convenção coletiva conceder
2099-01-01;Confraternização Universal;nacional;BR;;lei;Lei federal;
2099-02-23;Segunda-feira de Carnaval;facultativo;BR;;previsto;Regra de cálculo (Páscoa/data fixa);Ponto facultativo - só vale se a empresa ou a convenção coletiva conceder
2099-02-24;Terça-feira de Carnaval;facultativo;BR;;previsto;Regra de cálculo (Páscoa/data fixa);Ponto facultativo - só vale se a empresa ou a convenção coletiva conceder
2099-04-10;Sexta-feira Santa;nacional;BR;;lei;Lei federal (Páscoa calculada);
2099-04-21;Tiradentes;nacional;BR;;lei;Lei federal;
2099-05-01;Dia do Trabalho;nacional;BR;;lei;Lei federal;
2099-05-13;Dia da Padroeira do Município;municipal;Cianorte-PR;;previsto;Padrão dos anos confirmados (TJPR 2025 e 2026);Previsão pela data fixa - confirmar o decreto do ano (pode haver transferência)
2099-06-11;Corpus Christi;facultativo;BR;;previsto;Regra de cálculo (Páscoa/data fixa);Ponto facultativo - só vale se a empresa ou a convenção coletiva conceder
2099-07-26;Aniversário / Emancipação Política do Município;municipal;Cianorte-PR;;previsto;Padrão dos anos confirmados (TJPR 2025 e 2026);Previsão pela data fixa - confirmar o decreto do ano (pode haver transferência)
2099-09-07;Independência do Brasil;nacional;BR;;lei;Lei federal;
2099-10-12;Nossa Senhora Aparecida;nacional;BR;;lei;Lei federal;
2099-11-02;Finados;nacional;BR;;lei;Lei federal;
2099-11-15;Proclamação da República;nacional;BR;;lei;Lei federal;
2099-11-20;Dia Nacional de Zumbi e da Consciência Negra;nacional;BR;;lei;Lei 14.759/2023;
2099-12-19;Emancipação Política do Paraná;estadual;PR;;previsto;Bem Paraná (decisão da Justiça do Trabalho);Segundo a Justiça do Trabalho não é feriado civil (só servidores) - confirmar na convenção coletiva
2099-12-24;Véspera de Natal;facultativo;BR;;previsto;Regra de cálculo (Páscoa/data fixa);Ponto facultativo - só vale se a empresa ou a convenção coletiva conceder
2099-12-25;Natal;nacional;BR;;lei;Lei federal;
2099-12-31;Véspera de Ano Novo;facultativo;BR;;previsto;Regra de cálculo (Páscoa/data fixa);Ponto facultativo - só vale se a empresa ou a convenção coletiva conceder
2100-01-01;Confraternização Universal;nacional;BR;;lei;Lei federal;
2100-02-08;Segunda-feira de Carnaval;facultativo;BR;;previsto;Regra de cálculo (Páscoa/data fixa);Ponto facultativo - só vale se a empresa ou a convenção coletiva conceder
2100-02-09;Terça-feira de Carnaval;facultativo;BR;;previsto;Regra de cálculo (Páscoa/data fixa);Ponto facultativo - só vale se a empresa ou a convenção coletiva conceder
2100-03-26;Sexta-feira Santa;nacional;BR;;lei;Lei federal (Páscoa calculada);
2100-04-21;Tiradentes;nacional;BR;;lei;Lei federal;
2100-05-01;Dia do Trabalho;nacional;BR;;lei;Lei federal;
2100-05-13;Dia da Padroeira do Município;municipal;Cianorte-PR;;previsto;Padrão dos anos confirmados (TJPR 2025 e 2026);Previsão pela data fixa - confirmar o decreto do ano (pode haver transferência)
2100-05-27;Corpus Christi;facultativo;BR;;previsto;Regra de cálculo (Páscoa/data fixa);Ponto facultativo - só vale se a empresa ou a convenção coletiva conceder
2100-07-26;Aniversário / Emancipação Política do Município;municipal;Cianorte-PR;;previsto;Padrão dos anos confirmados (TJPR 2025 e 2026);Previsão pela data fixa - confirmar o decreto do ano (pode haver transferência)
2100-09-07;Independência do Brasil;nacional;BR;;lei;Lei federal;
2100-10-12;Nossa Senhora Aparecida;nacional;BR;;lei;Lei federal;
2100-11-02;Finados;nacional;BR;;lei;Lei federal;
2100-11-15;Proclamação da República;nacional;BR;;lei;Lei federal;
2100-11-20;Dia Nacional de Zumbi e da Consciência Negra;nacional;BR;;lei;Lei 14.759/2023;
2100-12-19;Emancipação Política do Paraná;estadual;PR;;previsto;Bem Paraná (decisão da Justiça do Trabalho);Segundo a Justiça do Trabalho não é feriado civil (só servidores) - confirmar na convenção coletiva
2100-12-24;Véspera de Natal;facultativo;BR;;previsto;Regra de cálculo (Páscoa/data fixa);Ponto facultativo - só vale se a empresa ou a convenção coletiva conceder
2100-12-25;Natal;nacional;BR;;lei;Lei federal;
2100-12-31;Véspera de Ano Novo;facultativo;BR;;previsto;Regra de cálculo (Páscoa/data fixa);Ponto facultativo - só vale se a empresa ou a convenção coletiva conceder
2101-01-01;Confraternização Universal;nacional;BR;;lei;Lei federal;
2101-02-28;Segunda-feira de Carnaval;facultativo;BR;;previsto;Regra de cálculo (Páscoa/data fixa);Ponto facultativo - só vale se a empresa ou a convenção coletiva conceder
2101-03-01;Terça-feira de Carnaval;facultativo;BR;;previsto;Regra de cálculo (Páscoa/data fixa);Ponto facultativo - só vale se a empresa ou a convenção coletiva conceder
2101-04-15;Sexta-feira Santa;nacional;BR;;lei;Lei federal (Páscoa calculada);
2101-04-21;Tiradentes;nacional;BR;;lei;Lei federal;
2101-05-01;Dia do Trabalho;nacional;BR;;lei;Lei federal;
2101-05-13;Dia da Padroeira do Município;municipal;Cianorte-PR;;previsto;Padrão dos anos confirmados (TJPR 2025 e 2026);Previsão pela data fixa - confirmar o decreto do ano (pode haver transferência)
2101-06-16;Corpus Christi;facultativo;BR;;previsto;Regra de cálculo (Páscoa/data fixa);Ponto facultativo - só vale se a empresa ou a convenção coletiva conceder
2101-07-26;Aniversário / Emancipação Política do Município;municipal;Cianorte-PR;;previsto;Padrão dos anos confirmados (TJPR 2025 e 2026);Previsão pela data fixa - confirmar o decreto do ano (pode haver transferência)
2101-09-07;Independência do Brasil;nacional;BR;;lei;Lei federal;
2101-10-12;Nossa Senhora Aparecida;nacional;BR;;lei;Lei federal;
2101-11-02;Finados;nacional;BR;;lei;Lei federal;
2101-11-15;Proclamação da República;nacional;BR;;lei;Lei federal;
2101-11-20;Dia Nacional de Zumbi e da Consciência Negra;nacional;BR;;lei;Lei 14.759/2023;
2101-12-19;Emancipação Política do Paraná;estadual;PR;;previsto;Bem Paraná (decisão da Justiça do Trabalho);Segundo a Justiça do Trabalho não é feriado civil (só servidores) - confirmar na convenção coletiva
2101-12-24;Véspera de Natal;facultativo;BR;;previsto;Regra de cálculo (Páscoa/data fixa);Ponto facultativo - só vale se a empresa ou a convenção coletiva conceder
2101-12-25;Natal;nacional;BR;;lei;Lei federal;
2101-12-31;Véspera de Ano Novo;facultativo;BR;;previsto;Regra de cálculo (Páscoa/data fixa);Ponto facultativo - só vale se a empresa ou a convenção coletiva conceder
2102-01-01;Confraternização Universal;nacional;BR;;lei;Lei federal;
2102-02-20;Segunda-feira de Carnaval;facultativo;BR;;previsto;Regra de cálculo (Páscoa/data fixa);Ponto facultativo - só vale se a empresa ou a convenção coletiva conceder
2102-02-21;Terça-feira de Carnaval;facultativo;BR;;previsto;Regra de cálculo (Páscoa/data fixa);Ponto facultativo - só vale se a empresa ou a convenção coletiva conceder
2102-04-07;Sexta-feira Santa;nacional;BR;;lei;Lei federal (Páscoa calculada);
2102-04-21;Tiradentes;nacional;BR;;lei;Lei federal;
2102-05-01;Dia do Trabalho;nacional;BR;;lei;Lei federal;
2102-05-13;Dia da Padroeira do Município;municipal;Cianorte-PR;;previsto;Padrão dos anos confirmados (TJPR 2025 e 2026);Previsão pela data fixa - confirmar o decreto do ano (pode haver transferência)
2102-06-08;Corpus Christi;facultativo;BR;;previsto;Regra de cálculo (Páscoa/data fixa);Ponto facultativo - só vale se a empresa ou a convenção coletiva conceder
2102-07-26;Aniversário / Emancipação Política do Município;municipal;Cianorte-PR;;previsto;Padrão dos anos confirmados (TJPR 2025 e 2026);Previsão pela data fixa - confirmar o decreto do ano (pode haver transferência)
2102-09-07;Independência do Brasil;nacional;BR;;lei;Lei federal;
2102-10-12;Nossa Senhora Aparecida;nacional;BR;;lei;Lei federal;
2102-11-02;Finados;nacional;BR;;lei;Lei federal;
2102-11-15;Proclamação da República;nacional;BR;;lei;Lei federal;
2102-11-20;Dia Nacional de Zumbi e da Consciência Negra;nacional;BR;;lei;Lei 14.759/2023;
2102-12-19;Emancipação Política do Paraná;estadual;PR;;previsto;Bem Paraná (decisão da Justiça do Trabalho);Segundo a Justiça do Trabalho não é feriado civil (só servidores) - confirmar na convenção coletiva
2102-12-24;Véspera de Natal;facultativo;BR;;previsto;Regra de cálculo (Páscoa/data fixa);Ponto facultativo - só vale se a empresa ou a convenção coletiva conceder
2102-12-25;Natal;nacional;BR;;lei;Lei federal;
2102-12-31;Véspera de Ano Novo;facultativo;BR;;previsto;Regra de cálculo (Páscoa/data fixa);Ponto facultativo - só vale se a empresa ou a convenção coletiva conceder
2103-01-01;Confraternização Universal;nacional;BR;;lei;Lei federal;
2103-02-05;Segunda-feira de Carnaval;facultativo;BR;;previsto;Regra de cálculo (Páscoa/data fixa);Ponto facultativo - só vale se a empresa ou a convenção coletiva conceder
2103-02-06;Terça-feira de Carnaval;facultativo;BR;;previsto;Regra de cálculo (Páscoa/data fixa);Ponto facultativo - só vale se a empresa ou a convenção coletiva conceder
2103-03-23;Sexta-feira Santa;nacional;BR;;lei;Lei federal (Páscoa calculada);
2103-04-21;Tiradentes;nacional;BR;;lei;Lei federal;
2103-05-01;Dia do Trabalho;nacional;BR;;lei;Lei federal;
2103-05-13;Dia da Padroeira do Município;municipal;Cianorte-PR;;previsto;Padrão dos anos confirmados (TJPR 2025 e 2026);Previsão pela data fixa - confirmar o decreto do ano (pode haver transferência)
2103-05-24;Corpus Christi;facultativo;BR;;previsto;Regra de cálculo (Páscoa/data fixa);Ponto facultativo - só vale se a empresa ou a convenção coletiva conceder
2103-07-26;Aniversário / Emancipação Política do Município;municipal;Cianorte-PR;;previsto;Padrão dos anos confirmados (TJPR 2025 e 2026);Previsão pela data fixa - confirmar o decreto do ano (pode haver transferência)
2103-09-07;Independência do Brasil;nacional;BR;;lei;Lei federal;
2103-10-12;Nossa Senhora Aparecida;nacional;BR;;lei;Lei federal;
2103-11-02;Finados;nacional;BR;;lei;Lei federal;
2103-11-15;Proclamação da República;nacional;BR;;lei;Lei federal;
2103-11-20;Dia Nacional de Zumbi e da Consciência Negra;nacional;BR;;lei;Lei 14.759/2023;
2103-12-19;Emancipação Política do Paraná;estadual;PR;;previsto;Bem Paraná (decisão da Justiça do Trabalho);Segundo a Justiça do Trabalho não é feriado civil (só servidores) - confirmar na convenção coletiva
2103-12-24;Véspera de Natal;facultativo;BR;;previsto;Regra de cálculo (Páscoa/data fixa);Ponto facultativo - só vale se a empresa ou a convenção coletiva conceder
2103-12-25;Natal;nacional;BR;;lei;Lei federal;
2103-12-31;Véspera de Ano Novo;facultativo;BR;;previsto;Regra de cálculo (Páscoa/data fixa);Ponto facultativo - só vale se a empresa ou a convenção coletiva conceder
2104-01-01;Confraternização Universal;nacional;BR;;lei;Lei federal;
2104-02-25;Segunda-feira de Carnaval;facultativo;BR;;previsto;Regra de cálculo (Páscoa/data fixa);Ponto facultativo - só vale se a empresa ou a convenção coletiva conceder
2104-02-26;Terça-feira de Carnaval;facultativo;BR;;previsto;Regra de cálculo (Páscoa/data fixa);Ponto facultativo - só vale se a empresa ou a convenção coletiva conceder
2104-04-11;Sexta-feira Santa;nacional;BR;;lei;Lei federal (Páscoa calculada);
2104-04-21;Tiradentes;nacional;BR;;lei;Lei federal;
2104-05-01;Dia do Trabalho;nacional;BR;;lei;Lei federal;
2104-05-13;Dia da Padroeira do Município;municipal;Cianorte-PR;;previsto;Padrão dos anos confirmados (TJPR 2025 e 2026);Previsão pela data fixa - confirmar o decreto do ano (pode haver transferência)
2104-06-12;Corpus Christi;facultativo;BR;;previsto;Regra de cálculo (Páscoa/data fixa);Ponto facultativo - só vale se a empresa ou a convenção coletiva conceder
2104-07-26;Aniversário / Emancipação Política do Município;municipal;Cianorte-PR;;previsto;Padrão dos anos confirmados (TJPR 2025 e 2026);Previsão pela data fixa - confirmar o decreto do ano (pode haver transferência)
2104-09-07;Independência do Brasil;nacional;BR;;lei;Lei federal;
2104-10-12;Nossa Senhora Aparecida;nacional;BR;;lei;Lei federal;
2104-11-02;Finados;nacional;BR;;lei;Lei federal;
2104-11-15;Proclamação da República;nacional;BR;;lei;Lei federal;
2104-11-20;Dia Nacional de Zumbi e da Consciência Negra;nacional;BR;;lei;Lei 14.759/2023;
2104-12-19;Emancipação Política do Paraná;estadual;PR;;previsto;Bem Paraná (decisão da Justiça do Trabalho);Segundo a Justiça do Trabalho não é feriado civil (só servidores) - confirmar na convenção coletiva
2104-12-24;Véspera de Natal;facultativo;BR;;previsto;Regra de cálculo (Páscoa/data fixa);Ponto facultativo - só vale se a empresa ou a convenção coletiva conceder
2104-12-25;Natal;nacional;BR;;lei;Lei federal;
2104-12-31;Véspera de Ano Novo;facultativo;BR;;previsto;Regra de cálculo (Páscoa/data fixa);Ponto facultativo - só vale se a empresa ou a convenção coletiva conceder
2105-01-01;Confraternização Universal;nacional;BR;;lei;Lei federal;
2105-02-16;Segunda-feira de Carnaval;facultativo;BR;;previsto;Regra de cálculo (Páscoa/data fixa);Ponto facultativo - só vale se a empresa ou a convenção coletiva conceder
2105-02-17;Terça-feira de Carnaval;facultativo;BR;;previsto;Regra de cálculo (Páscoa/data fixa);Ponto facultativo - só vale se a empresa ou a convenção coletiva conceder
2105-04-03;Sexta-feira Santa;nacional;BR;;lei;Lei federal (Páscoa calculada);
2105-04-21;Tiradentes;nacional;BR;;lei;Lei federal;
2105-05-01;Dia do Trabalho;nacional;BR;;lei;Lei federal;
2105-05-13;Dia da Padroeira do Município;municipal;Cianorte-PR;;previsto;Padrão dos anos confirmados (TJPR 2025 e 2026);Previsão pela data fixa - confirmar o decreto do ano (pode haver transferência)
2105-06-04;Corpus Christi;facultativo;BR;;previsto;Regra de cálculo (Páscoa/data fixa);Ponto facultativo - só vale se a empresa ou a convenção coletiva conceder
2105-07-26;Aniversário / Emancipação Política do Município;municipal;Cianorte-PR;;previsto;Padrão dos anos confirmados (TJPR 2025 e 2026);Previsão pela data fixa - confirmar o decreto do ano (pode haver transferência)
2105-09-07;Independência do Brasil;nacional;BR;;lei;Lei federal;
2105-10-12;Nossa Senhora Aparecida;nacional;BR;;lei;Lei federal;
2105-11-02;Finados;nacional;BR;;lei;Lei federal;
2105-11-15;Proclamação da República;nacional;BR;;lei;Lei federal;
2105-11-20;Dia Nacional de Zumbi e da Consciência Negra;nacional;BR;;lei;Lei 14.759/2023;
2105-12-19;Emancipação Política do Paraná;estadual;PR;;previsto;Bem Paraná (decisão da Justiça do Trabalho);Segundo a Justiça do Trabalho não é feriado civil (só servidores) - confirmar na convenção coletiva
2105-12-24;Véspera de Natal;facultativo;BR;;previsto;Regra de cálculo (Páscoa/data fixa);Ponto facultativo - só vale se a empresa ou a convenção coletiva conceder
2105-12-25;Natal;nacional;BR;;lei;Lei federal;
2105-12-31;Véspera de Ano Novo;facultativo;BR;;previsto;Regra de cálculo (Páscoa/data fixa);Ponto facultativo - só vale se a empresa ou a convenção coletiva conceder
2106-01-01;Confraternização Universal;nacional;BR;;lei;Lei federal;
2106-03-01;Segunda-feira de Carnaval;facultativo;BR;;previsto;Regra de cálculo (Páscoa/data fixa);Ponto facultativo - só vale se a empresa ou a convenção coletiva conceder
2106-03-02;Terça-feira de Carnaval;facultativo;BR;;previsto;Regra de cálculo (Páscoa/data fixa);Ponto facultativo - só vale se a empresa ou a convenção coletiva conceder
2106-04-16;Sexta-feira Santa;nacional;BR;;lei;Lei federal (Páscoa calculada);
2106-04-21;Tiradentes;nacional;BR;;lei;Lei federal;
2106-05-01;Dia do Trabalho;nacional;BR;;lei;Lei federal;
2106-05-13;Dia da Padroeira do Município;municipal;Cianorte-PR;;previsto;Padrão dos anos confirmados (TJPR 2025 e 2026);Previsão pela data fixa - confirmar o decreto do ano (pode haver transferência)
2106-06-17;Corpus Christi;facultativo;BR;;previsto;Regra de cálculo (Páscoa/data fixa);Ponto facultativo - só vale se a empresa ou a convenção coletiva conceder
2106-07-26;Aniversário / Emancipação Política do Município;municipal;Cianorte-PR;;previsto;Padrão dos anos confirmados (TJPR 2025 e 2026);Previsão pela data fixa - confirmar o decreto do ano (pode haver transferência)
2106-09-07;Independência do Brasil;nacional;BR;;lei;Lei federal;
2106-10-12;Nossa Senhora Aparecida;nacional;BR;;lei;Lei federal;
2106-11-02;Finados;nacional;BR;;lei;Lei federal;
2106-11-15;Proclamação da República;nacional;BR;;lei;Lei federal;
2106-11-20;Dia Nacional de Zumbi e da Consciência Negra;nacional;BR;;lei;Lei 14.759/2023;
2106-12-19;Emancipação Política do Paraná;estadual;PR;;previsto;Bem Paraná (decisão da Justiça do Trabalho);Segundo a Justiça do Trabalho não é feriado civil (só servidores) - confirmar na convenção coletiva
2106-12-24;Véspera de Natal;facultativo;BR;;previsto;Regra de cálculo (Páscoa/data fixa);Ponto facultativo - só vale se a empresa ou a convenção coletiva conceder
2106-12-25;Natal;nacional;BR;;lei;Lei federal;
2106-12-31;Véspera de Ano Novo;facultativo;BR;;previsto;Regra de cálculo (Páscoa/data fixa);Ponto facultativo - só vale se a empresa ou a convenção coletiva conceder
2107-01-01;Confraternização Universal;nacional;BR;;lei;Lei federal;
2107-02-21;Segunda-feira de Carnaval;facultativo;BR;;previsto;Regra de cálculo (Páscoa/data fixa);Ponto facultativo - só vale se a empresa ou a convenção coletiva conceder
2107-02-22;Terça-feira de Carnaval;facultativo;BR;;previsto;Regra de cálculo (Páscoa/data fixa);Ponto facultativo - só vale se a empresa ou a convenção coletiva conceder
2107-04-08;Sexta-feira Santa;nacional;BR;;lei;Lei federal (Páscoa calculada);
2107-04-21;Tiradentes;nacional;BR;;lei;Lei federal;
2107-05-01;Dia do Trabalho;nacional;BR;;lei;Lei federal;
2107-05-13;Dia da Padroeira do Município;municipal;Cianorte-PR;;previsto;Padrão dos anos confirmados (TJPR 2025 e 2026);Previsão pela data fixa - confirmar o decreto do ano (pode haver transferência)
2107-06-09;Corpus Christi;facultativo;BR;;previsto;Regra de cálculo (Páscoa/data fixa);Ponto facultativo - só vale se a empresa ou a convenção coletiva conceder
2107-07-26;Aniversário / Emancipação Política do Município;municipal;Cianorte-PR;;previsto;Padrão dos anos confirmados (TJPR 2025 e 2026);Previsão pela data fixa - confirmar o decreto do ano (pode haver transferência)
2107-09-07;Independência do Brasil;nacional;BR;;lei;Lei federal;
2107-10-12;Nossa Senhora Aparecida;nacional;BR;;lei;Lei federal;
2107-11-02;Finados;nacional;BR;;lei;Lei federal;
2107-11-15;Proclamação da República;nacional;BR;;lei;Lei federal;
2107-11-20;Dia Nacional de Zumbi e da Consciência Negra;nacional;BR;;lei;Lei 14.759/2023;
2107-12-19;Emancipação Política do Paraná;estadual;PR;;previsto;Bem Paraná (decisão da Justiça do Trabalho);Segundo a Justiça do Trabalho não é feriado civil (só servidores) - confirmar na convenção coletiva
2107-12-24;Véspera de Natal;facultativo;BR;;previsto;Regra de cálculo (Páscoa/data fixa);Ponto facultativo - só vale se a empresa ou a convenção coletiva conceder
2107-12-25;Natal;nacional;BR;;lei;Lei federal;
2107-12-31;Véspera de Ano Novo;facultativo;BR;;previsto;Regra de cálculo (Páscoa/data fixa);Ponto facultativo - só vale se a empresa ou a convenção coletiva conceder
2108-01-01;Confraternização Universal;nacional;BR;;lei;Lei federal;
2108-02-13;Segunda-feira de Carnaval;facultativo;BR;;previsto;Regra de cálculo (Páscoa/data fixa);Ponto facultativo - só vale se a empresa ou a convenção coletiva conceder
2108-02-14;Terça-feira de Carnaval;facultativo;BR;;previsto;Regra de cálculo (Páscoa/data fixa);Ponto facultativo - só vale se a empresa ou a convenção coletiva conceder
2108-03-30;Sexta-feira Santa;nacional;BR;;lei;Lei federal (Páscoa calculada);
2108-04-21;Tiradentes;nacional;BR;;lei;Lei federal;
2108-05-01;Dia do Trabalho;nacional;BR;;lei;Lei federal;
2108-05-13;Dia da Padroeira do Município;municipal;Cianorte-PR;;previsto;Padrão dos anos confirmados (TJPR 2025 e 2026);Previsão pela data fixa - confirmar o decreto do ano (pode haver transferência)
2108-05-31;Corpus Christi;facultativo;BR;;previsto;Regra de cálculo (Páscoa/data fixa);Ponto facultativo - só vale se a empresa ou a convenção coletiva conceder
2108-07-26;Aniversário / Emancipação Política do Município;municipal;Cianorte-PR;;previsto;Padrão dos anos confirmados (TJPR 2025 e 2026);Previsão pela data fixa - confirmar o decreto do ano (pode haver transferência)
2108-09-07;Independência do Brasil;nacional;BR;;lei;Lei federal;
2108-10-12;Nossa Senhora Aparecida;nacional;BR;;lei;Lei federal;
2108-11-02;Finados;nacional;BR;;lei;Lei federal;
2108-11-15;Proclamação da República;nacional;BR;;lei;Lei federal;
2108-11-20;Dia Nacional de Zumbi e da Consciência Negra;nacional;BR;;lei;Lei 14.759/2023;
2108-12-19;Emancipação Política do Paraná;estadual;PR;;previsto;Bem Paraná (decisão da Justiça do Trabalho);Segundo a Justiça do Trabalho não é feriado civil (só servidores) - confirmar na convenção coletiva
2108-12-24;Véspera de Natal;facultativo;BR;;previsto;Regra de cálculo (Páscoa/data fixa);Ponto facultativo - só vale se a empresa ou a convenção coletiva conceder
2108-12-25;Natal;nacional;BR;;lei;Lei federal;
2108-12-31;Véspera de Ano Novo;facultativo;BR;;previsto;Regra de cálculo (Páscoa/data fixa);Ponto facultativo - só vale se a empresa ou a convenção coletiva conceder
2109-01-01;Confraternização Universal;nacional;BR;;lei;Lei federal;
2109-03-04;Segunda-feira de Carnaval;facultativo;BR;;previsto;Regra de cálculo (Páscoa/data fixa);Ponto facultativo - só vale se a empresa ou a convenção coletiva conceder
2109-03-05;Terça-feira de Carnaval;facultativo;BR;;previsto;Regra de cálculo (Páscoa/data fixa);Ponto facultativo - só vale se a empresa ou a convenção coletiva conceder
2109-04-19;Sexta-feira Santa;nacional;BR;;lei;Lei federal (Páscoa calculada);
2109-04-21;Tiradentes;nacional;BR;;lei;Lei federal;
2109-05-01;Dia do Trabalho;nacional;BR;;lei;Lei federal;
2109-05-13;Dia da Padroeira do Município;municipal;Cianorte-PR;;previsto;Padrão dos anos confirmados (TJPR 2025 e 2026);Previsão pela data fixa - confirmar o decreto do ano (pode haver transferência)
2109-06-20;Corpus Christi;facultativo;BR;;previsto;Regra de cálculo (Páscoa/data fixa);Ponto facultativo - só vale se a empresa ou a convenção coletiva conceder
2109-07-26;Aniversário / Emancipação Política do Município;municipal;Cianorte-PR;;previsto;Padrão dos anos confirmados (TJPR 2025 e 2026);Previsão pela data fixa - confirmar o decreto do ano (pode haver transferência)
2109-09-07;Independência do Brasil;nacional;BR;;lei;Lei federal;
2109-10-12;Nossa Senhora Aparecida;nacional;BR;;lei;Lei federal;
2109-11-02;Finados;nacional;BR;;lei;Lei federal;
2109-11-15;Proclamação da República;nacional;BR;;lei;Lei federal;
2109-11-20;Dia Nacional de Zumbi e da Consciência Negra;nacional;BR;;lei;Lei 14.759/2023;
2109-12-19;Emancipação Política do Paraná;estadual;PR;;previsto;Bem Paraná (decisão da Justiça do Trabalho);Segundo a Justiça do Trabalho não é feriado civil (só servidores) - confirmar na convenção coletiva
2109-12-24;Véspera de Natal;facultativo;BR;;previsto;Regra de cálculo (Páscoa/data fixa);Ponto facultativo - só vale se a empresa ou a convenção coletiva conceder
2109-12-25;Natal;nacional;BR;;lei;Lei federal;
2109-12-31;Véspera de Ano Novo;facultativo;BR;;previsto;Regra de cálculo (Páscoa/data fixa);Ponto facultativo - só vale se a empresa ou a convenção coletiva conceder
2110-01-01;Confraternização Universal;nacional;BR;;lei;Lei federal;
2110-02-17;Segunda-feira de Carnaval;facultativo;BR;;previsto;Regra de cálculo (Páscoa/data fixa);Ponto facultativo - só vale se a empresa ou a convenção coletiva conceder
2110-02-18;Terça-feira de Carnaval;facultativo;BR;;previsto;Regra de cálculo (Páscoa/data fixa);Ponto facultativo - só vale se a empresa ou a convenção coletiva conceder
2110-04-04;Sexta-feira Santa;nacional;BR;;lei;Lei federal (Páscoa calculada);
2110-04-21;Tiradentes;nacional;BR;;lei;Lei federal;
2110-05-01;Dia do Trabalho;nacional;BR;;lei;Lei federal;
2110-05-13;Dia da Padroeira do Município;municipal;Cianorte-PR;;previsto;Padrão dos anos confirmados (TJPR 2025 e 2026);Previsão pela data fixa - confirmar o decreto do ano (pode haver transferência)
2110-06-05;Corpus Christi;facultativo;BR;;previsto;Regra de cálculo (Páscoa/data fixa);Ponto facultativo - só vale se a empresa ou a convenção coletiva conceder
2110-07-26;Aniversário / Emancipação Política do Município;municipal;Cianorte-PR;;previsto;Padrão dos anos confirmados (TJPR 2025 e 2026);Previsão pela data fixa - confirmar o decreto do ano (pode haver transferência)
2110-09-07;Independência do Brasil;nacional;BR;;lei;Lei federal;
2110-10-12;Nossa Senhora Aparecida;nacional;BR;;lei;Lei federal;
2110-11-02;Finados;nacional;BR;;lei;Lei federal;
2110-11-15;Proclamação da República;nacional;BR;;lei;Lei federal;
2110-11-20;Dia Nacional de Zumbi e da Consciência Negra;nacional;BR;;lei;Lei 14.759/2023;
2110-12-19;Emancipação Política do Paraná;estadual;PR;;previsto;Bem Paraná (decisão da Justiça do Trabalho);Segundo a Justiça do Trabalho não é feriado civil (só servidores) - confirmar na convenção coletiva
2110-12-24;Véspera de Natal;facultativo;BR;;previsto;Regra de cálculo (Páscoa/data fixa);Ponto facultativo - só vale se a empresa ou a convenção coletiva conceder
2110-12-25;Natal;nacional;BR;;lei;Lei federal;
2110-12-31;Véspera de Ano Novo;facultativo;BR;;previsto;Regra de cálculo (Páscoa/data fixa);Ponto facultativo - só vale se a empresa ou a convenção coletiva conceder
2111-01-01;Confraternização Universal;nacional;BR;;lei;Lei federal;
2111-02-09;Segunda-feira de Carnaval;facultativo;BR;;previsto;Regra de cálculo (Páscoa/data fixa);Ponto facultativo - só vale se a empresa ou a convenção coletiva conceder
2111-02-10;Terça-feira de Carnaval;facultativo;BR;;previsto;Regra de cálculo (Páscoa/data fixa);Ponto facultativo - só vale se a empresa ou a convenção coletiva conceder
2111-03-27;Sexta-feira Santa;nacional;BR;;lei;Lei federal (Páscoa calculada);
2111-04-21;Tiradentes;nacional;BR;;lei;Lei federal;
2111-05-01;Dia do Trabalho;nacional;BR;;lei;Lei federal;
2111-05-13;Dia da Padroeira do Município;municipal;Cianorte-PR;;previsto;Padrão dos anos confirmados (TJPR 2025 e 2026);Previsão pela data fixa - confirmar o decreto do ano (pode haver transferência)
2111-05-28;Corpus Christi;facultativo;BR;;previsto;Regra de cálculo (Páscoa/data fixa);Ponto facultativo - só vale se a empresa ou a convenção coletiva conceder
2111-07-26;Aniversário / Emancipação Política do Município;municipal;Cianorte-PR;;previsto;Padrão dos anos confirmados (TJPR 2025 e 2026);Previsão pela data fixa - confirmar o decreto do ano (pode haver transferência)
2111-09-07;Independência do Brasil;nacional;BR;;lei;Lei federal;
2111-10-12;Nossa Senhora Aparecida;nacional;BR;;lei;Lei federal;
2111-11-02;Finados;nacional;BR;;lei;Lei federal;
2111-11-15;Proclamação da República;nacional;BR;;lei;Lei federal;
2111-11-20;Dia Nacional de Zumbi e da Consciência Negra;nacional;BR;;lei;Lei 14.759/2023;
2111-12-19;Emancipação Política do Paraná;estadual;PR;;previsto;Bem Paraná (decisão da Justiça do Trabalho);Segundo a Justiça do Trabalho não é feriado civil (só servidores) - confirmar na convenção coletiva
2111-12-24;Véspera de Natal;facultativo;BR;;previsto;Regra de cálculo (Páscoa/data fixa);Ponto facultativo - só vale se a empresa ou a convenção coletiva conceder
2111-12-25;Natal;nacional;BR;;lei;Lei federal;
2111-12-31;Véspera de Ano Novo;facultativo;BR;;previsto;Regra de cálculo (Páscoa/data fixa);Ponto facultativo - só vale se a empresa ou a convenção coletiva conceder
2112-01-01;Confraternização Universal;nacional;BR;;lei;Lei federal;
2112-02-29;Segunda-feira de Carnaval;facultativo;BR;;previsto;Regra de cálculo (Páscoa/data fixa);Ponto facultativo - só vale se a empresa ou a convenção coletiva conceder
2112-03-01;Terça-feira de Carnaval;facultativo;BR;;previsto;Regra de cálculo (Páscoa/data fixa);Ponto facultativo - só vale se a empresa ou a convenção coletiva conceder
2112-04-15;Sexta-feira Santa;nacional;BR;;lei;Lei federal (Páscoa calculada);
2112-04-21;Tiradentes;nacional;BR;;lei;Lei federal;
2112-05-01;Dia do Trabalho;nacional;BR;;lei;Lei federal;
2112-05-13;Dia da Padroeira do Município;municipal;Cianorte-PR;;previsto;Padrão dos anos confirmados (TJPR 2025 e 2026);Previsão pela data fixa - confirmar o decreto do ano (pode haver transferência)
2112-06-16;Corpus Christi;facultativo;BR;;previsto;Regra de cálculo (Páscoa/data fixa);Ponto facultativo - só vale se a empresa ou a convenção coletiva conceder
2112-07-26;Aniversário / Emancipação Política do Município;municipal;Cianorte-PR;;previsto;Padrão dos anos confirmados (TJPR 2025 e 2026);Previsão pela data fixa - confirmar o decreto do ano (pode haver transferência)
2112-09-07;Independência do Brasil;nacional;BR;;lei;Lei federal;
2112-10-12;Nossa Senhora Aparecida;nacional;BR;;lei;Lei federal;
2112-11-02;Finados;nacional;BR;;lei;Lei federal;
2112-11-15;Proclamação da República;nacional;BR;;lei;Lei federal;
2112-11-20;Dia Nacional de Zumbi e da Consciência Negra;nacional;BR;;lei;Lei 14.759/2023;
2112-12-19;Emancipação Política do Paraná;estadual;PR;;previsto;Bem Paraná (decisão da Justiça do Trabalho);Segundo a Justiça do Trabalho não é feriado civil (só servidores) - confirmar na convenção coletiva
2112-12-24;Véspera de Natal;facultativo;BR;;previsto;Regra de cálculo (Páscoa/data fixa);Ponto facultativo - só vale se a empresa ou a convenção coletiva conceder
2112-12-25;Natal;nacional;BR;;lei;Lei federal;
2112-12-31;Véspera de Ano Novo;facultativo;BR;;previsto;Regra de cálculo (Páscoa/data fixa);Ponto facultativo - só vale se a empresa ou a convenção coletiva conceder
2113-01-01;Confraternização Universal;nacional;BR;;lei;Lei federal;
2113-02-13;Segunda-feira de Carnaval;facultativo;BR;;previsto;Regra de cálculo (Páscoa/data fixa);Ponto facultativo - só vale se a empresa ou a convenção coletiva conceder
2113-02-14;Terça-feira de Carnaval;facultativo;BR;;previsto;Regra de cálculo (Páscoa/data fixa);Ponto facultativo - só vale se a empresa ou a convenção coletiva conceder
2113-03-31;Sexta-feira Santa;nacional;BR;;lei;Lei federal (Páscoa calculada);
2113-04-21;Tiradentes;nacional;BR;;lei;Lei federal;
2113-05-01;Dia do Trabalho;nacional;BR;;lei;Lei federal;
2113-05-13;Dia da Padroeira do Município;municipal;Cianorte-PR;;previsto;Padrão dos anos confirmados (TJPR 2025 e 2026);Previsão pela data fixa - confirmar o decreto do ano (pode haver transferência)
2113-06-01;Corpus Christi;facultativo;BR;;previsto;Regra de cálculo (Páscoa/data fixa);Ponto facultativo - só vale se a empresa ou a convenção coletiva conceder
2113-07-26;Aniversário / Emancipação Política do Município;municipal;Cianorte-PR;;previsto;Padrão dos anos confirmados (TJPR 2025 e 2026);Previsão pela data fixa - confirmar o decreto do ano (pode haver transferência)
2113-09-07;Independência do Brasil;nacional;BR;;lei;Lei federal;
2113-10-12;Nossa Senhora Aparecida;nacional;BR;;lei;Lei federal;
2113-11-02;Finados;nacional;BR;;lei;Lei federal;
2113-11-15;Proclamação da República;nacional;BR;;lei;Lei federal;
2113-11-20;Dia Nacional de Zumbi e da Consciência Negra;nacional;BR;;lei;Lei 14.759/2023;
2113-12-19;Emancipação Política do Paraná;estadual;PR;;previsto;Bem Paraná (decisão da Justiça do Trabalho);Segundo a Justiça do Trabalho não é feriado civil (só servidores) - confirmar na convenção coletiva
2113-12-24;Véspera de Natal;facultativo;BR;;previsto;Regra de cálculo (Páscoa/data fixa);Ponto facultativo - só vale se a empresa ou a convenção coletiva conceder
2113-12-25;Natal;nacional;BR;;lei;Lei federal;
2113-12-31;Véspera de Ano Novo;facultativo;BR;;previsto;Regra de cálculo (Páscoa/data fixa);Ponto facultativo - só vale se a empresa ou a convenção coletiva conceder
2114-01-01;Confraternização Universal;nacional;BR;;lei;Lei federal;
2114-03-05;Segunda-feira de Carnaval;facultativo;BR;;previsto;Regra de cálculo (Páscoa/data fixa);Ponto facultativo - só vale se a empresa ou a convenção coletiva conceder
2114-03-06;Terça-feira de Carnaval;facultativo;BR;;previsto;Regra de cálculo (Páscoa/data fixa);Ponto facultativo - só vale se a empresa ou a convenção coletiva conceder
2114-04-20;Sexta-feira Santa;nacional;BR;;lei;Lei federal (Páscoa calculada);
2114-04-21;Tiradentes;nacional;BR;;lei;Lei federal;
2114-05-01;Dia do Trabalho;nacional;BR;;lei;Lei federal;
2114-05-13;Dia da Padroeira do Município;municipal;Cianorte-PR;;previsto;Padrão dos anos confirmados (TJPR 2025 e 2026);Previsão pela data fixa - confirmar o decreto do ano (pode haver transferência)
2114-06-21;Corpus Christi;facultativo;BR;;previsto;Regra de cálculo (Páscoa/data fixa);Ponto facultativo - só vale se a empresa ou a convenção coletiva conceder
2114-07-26;Aniversário / Emancipação Política do Município;municipal;Cianorte-PR;;previsto;Padrão dos anos confirmados (TJPR 2025 e 2026);Previsão pela data fixa - confirmar o decreto do ano (pode haver transferência)
2114-09-07;Independência do Brasil;nacional;BR;;lei;Lei federal;
2114-10-12;Nossa Senhora Aparecida;nacional;BR;;lei;Lei federal;
2114-11-02;Finados;nacional;BR;;lei;Lei federal;
2114-11-15;Proclamação da República;nacional;BR;;lei;Lei federal;
2114-11-20;Dia Nacional de Zumbi e da Consciência Negra;nacional;BR;;lei;Lei 14.759/2023;
2114-12-19;Emancipação Política do Paraná;estadual;PR;;previsto;Bem Paraná (decisão da Justiça do Trabalho);Segundo a Justiça do Trabalho não é feriado civil (só servidores) - confirmar na convenção coletiva
2114-12-24;Véspera de Natal;facultativo;BR;;previsto;Regra de cálculo (Páscoa/data fixa);Ponto facultativo - só vale se a empresa ou a convenção coletiva conceder
2114-12-25;Natal;nacional;BR;;lei;Lei federal;
2114-12-31;Véspera de Ano Novo;facultativo;BR;;previsto;Regra de cálculo (Páscoa/data fixa);Ponto facultativo - só vale se a empresa ou a convenção coletiva conceder
2115-01-01;Confraternização Universal;nacional;BR;;lei;Lei federal;
2115-02-25;Segunda-feira de Carnaval;facultativo;BR;;previsto;Regra de cálculo (Páscoa/data fixa);Ponto facultativo - só vale se a empresa ou a convenção coletiva conceder
2115-02-26;Terça-feira de Carnaval;facultativo;BR;;previsto;Regra de cálculo (Páscoa/data fixa);Ponto facultativo - só vale se a empresa ou a convenção coletiva conceder
2115-04-12;Sexta-feira Santa;nacional;BR;;lei;Lei federal (Páscoa calculada);
2115-04-21;Tiradentes;nacional;BR;;lei;Lei federal;
2115-05-01;Dia do Trabalho;nacional;BR;;lei;Lei federal;
2115-05-13;Dia da Padroeira do Município;municipal;Cianorte-PR;;previsto;Padrão dos anos confirmados (TJPR 2025 e 2026);Previsão pela data fixa - confirmar o decreto do ano (pode haver transferência)
2115-06-13;Corpus Christi;facultativo;BR;;previsto;Regra de cálculo (Páscoa/data fixa);Ponto facultativo - só vale se a empresa ou a convenção coletiva conceder
2115-07-26;Aniversário / Emancipação Política do Município;municipal;Cianorte-PR;;previsto;Padrão dos anos confirmados (TJPR 2025 e 2026);Previsão pela data fixa - confirmar o decreto do ano (pode haver transferência)
2115-09-07;Independência do Brasil;nacional;BR;;lei;Lei federal;
2115-10-12;Nossa Senhora Aparecida;nacional;BR;;lei;Lei federal;
2115-11-02;Finados;nacional;BR;;lei;Lei federal;
2115-11-15;Proclamação da República;nacional;BR;;lei;Lei federal;
2115-11-20;Dia Nacional de Zumbi e da Consciência Negra;nacional;BR;;lei;Lei 14.759/2023;
2115-12-19;Emancipação Política do Paraná;estadual;PR;;previsto;Bem Paraná (decisão da Justiça do Trabalho);Segundo a Justiça do Trabalho não é feriado civil (só servidores) - confirmar na convenção coletiva
2115-12-24;Véspera de Natal;facultativo;BR;;previsto;Regra de cálculo (Páscoa/data fixa);Ponto facultativo - só vale se a empresa ou a convenção coletiva conceder
2115-12-25;Natal;nacional;BR;;lei;Lei federal;
2115-12-31;Véspera de Ano Novo;facultativo;BR;;previsto;Regra de cálculo (Páscoa/data fixa);Ponto facultativo - só vale se a empresa ou a convenção coletiva conceder
2116-01-01;Confraternização Universal;nacional;BR;;lei;Lei federal;
2116-02-10;Segunda-feira de Carnaval;facultativo;BR;;previsto;Regra de cálculo (Páscoa/data fixa);Ponto facultativo - só vale se a empresa ou a convenção coletiva conceder
2116-02-11;Terça-feira de Carnaval;facultativo;BR;;previsto;Regra de cálculo (Páscoa/data fixa);Ponto facultativo - só vale se a empresa ou a convenção coletiva conceder
2116-03-27;Sexta-feira Santa;nacional;BR;;lei;Lei federal (Páscoa calculada);
2116-04-21;Tiradentes;nacional;BR;;lei;Lei federal;
2116-05-01;Dia do Trabalho;nacional;BR;;lei;Lei federal;
2116-05-13;Dia da Padroeira do Município;municipal;Cianorte-PR;;previsto;Padrão dos anos confirmados (TJPR 2025 e 2026);Previsão pela data fixa - confirmar o decreto do ano (pode haver transferência)
2116-05-28;Corpus Christi;facultativo;BR;;previsto;Regra de cálculo (Páscoa/data fixa);Ponto facultativo - só vale se a empresa ou a convenção coletiva conceder
2116-07-26;Aniversário / Emancipação Política do Município;municipal;Cianorte-PR;;previsto;Padrão dos anos confirmados (TJPR 2025 e 2026);Previsão pela data fixa - confirmar o decreto do ano (pode haver transferência)
2116-09-07;Independência do Brasil;nacional;BR;;lei;Lei federal;
2116-10-12;Nossa Senhora Aparecida;nacional;BR;;lei;Lei federal;
2116-11-02;Finados;nacional;BR;;lei;Lei federal;
2116-11-15;Proclamação da República;nacional;BR;;lei;Lei federal;
2116-11-20;Dia Nacional de Zumbi e da Consciência Negra;nacional;BR;;lei;Lei 14.759/2023;
2116-12-19;Emancipação Política do Paraná;estadual;PR;;previsto;Bem Paraná (decisão da Justiça do Trabalho);Segundo a Justiça do Trabalho não é feriado civil (só servidores) - confirmar na convenção coletiva
2116-12-24;Véspera de Natal;facultativo;BR;;previsto;Regra de cálculo (Páscoa/data fixa);Ponto facultativo - só vale se a empresa ou a convenção coletiva conceder
2116-12-25;Natal;nacional;BR;;lei;Lei federal;
2116-12-31;Véspera de Ano Novo;facultativo;BR;;previsto;Regra de cálculo (Páscoa/data fixa);Ponto facultativo - só vale se a empresa ou a convenção coletiva conceder
2117-01-01;Confraternização Universal;nacional;BR;;lei;Lei federal;
2117-03-01;Segunda-feira de Carnaval;facultativo;BR;;previsto;Regra de cálculo (Páscoa/data fixa);Ponto facultativo - só vale se a empresa ou a convenção coletiva conceder
2117-03-02;Terça-feira de Carnaval;facultativo;BR;;previsto;Regra de cálculo (Páscoa/data fixa);Ponto facultativo - só vale se a empresa ou a convenção coletiva conceder
2117-04-16;Sexta-feira Santa;nacional;BR;;lei;Lei federal (Páscoa calculada);
2117-04-21;Tiradentes;nacional;BR;;lei;Lei federal;
2117-05-01;Dia do Trabalho;nacional;BR;;lei;Lei federal;
2117-05-13;Dia da Padroeira do Município;municipal;Cianorte-PR;;previsto;Padrão dos anos confirmados (TJPR 2025 e 2026);Previsão pela data fixa - confirmar o decreto do ano (pode haver transferência)
2117-06-17;Corpus Christi;facultativo;BR;;previsto;Regra de cálculo (Páscoa/data fixa);Ponto facultativo - só vale se a empresa ou a convenção coletiva conceder
2117-07-26;Aniversário / Emancipação Política do Município;municipal;Cianorte-PR;;previsto;Padrão dos anos confirmados (TJPR 2025 e 2026);Previsão pela data fixa - confirmar o decreto do ano (pode haver transferência)
2117-09-07;Independência do Brasil;nacional;BR;;lei;Lei federal;
2117-10-12;Nossa Senhora Aparecida;nacional;BR;;lei;Lei federal;
2117-11-02;Finados;nacional;BR;;lei;Lei federal;
2117-11-15;Proclamação da República;nacional;BR;;lei;Lei federal;
2117-11-20;Dia Nacional de Zumbi e da Consciência Negra;nacional;BR;;lei;Lei 14.759/2023;
2117-12-19;Emancipação Política do Paraná;estadual;PR;;previsto;Bem Paraná (decisão da Justiça do Trabalho);Segundo a Justiça do Trabalho não é feriado civil (só servidores) - confirmar na convenção coletiva
2117-12-24;Véspera de Natal;facultativo;BR;;previsto;Regra de cálculo (Páscoa/data fixa);Ponto facultativo - só vale se a empresa ou a convenção coletiva conceder
2117-12-25;Natal;nacional;BR;;lei;Lei federal;
2117-12-31;Véspera de Ano Novo;facultativo;BR;;previsto;Regra de cálculo (Páscoa/data fixa);Ponto facultativo - só vale se a empresa ou a convenção coletiva conceder
2118-01-01;Confraternização Universal;nacional;BR;;lei;Lei federal;
2118-02-21;Segunda-feira de Carnaval;facultativo;BR;;previsto;Regra de cálculo (Páscoa/data fixa);Ponto facultativo - só vale se a empresa ou a convenção coletiva conceder
2118-02-22;Terça-feira de Carnaval;facultativo;BR;;previsto;Regra de cálculo (Páscoa/data fixa);Ponto facultativo - só vale se a empresa ou a convenção coletiva conceder
2118-04-08;Sexta-feira Santa;nacional;BR;;lei;Lei federal (Páscoa calculada);
2118-04-21;Tiradentes;nacional;BR;;lei;Lei federal;
2118-05-01;Dia do Trabalho;nacional;BR;;lei;Lei federal;
2118-05-13;Dia da Padroeira do Município;municipal;Cianorte-PR;;previsto;Padrão dos anos confirmados (TJPR 2025 e 2026);Previsão pela data fixa - confirmar o decreto do ano (pode haver transferência)
2118-06-09;Corpus Christi;facultativo;BR;;previsto;Regra de cálculo (Páscoa/data fixa);Ponto facultativo - só vale se a empresa ou a convenção coletiva conceder
2118-07-26;Aniversário / Emancipação Política do Município;municipal;Cianorte-PR;;previsto;Padrão dos anos confirmados (TJPR 2025 e 2026);Previsão pela data fixa - confirmar o decreto do ano (pode haver transferência)
2118-09-07;Independência do Brasil;nacional;BR;;lei;Lei federal;
2118-10-12;Nossa Senhora Aparecida;nacional;BR;;lei;Lei federal;
2118-11-02;Finados;nacional;BR;;lei;Lei federal;
2118-11-15;Proclamação da República;nacional;BR;;lei;Lei federal;
2118-11-20;Dia Nacional de Zumbi e da Consciência Negra;nacional;BR;;lei;Lei 14.759/2023;
2118-12-19;Emancipação Política do Paraná;estadual;PR;;previsto;Bem Paraná (decisão da Justiça do Trabalho);Segundo a Justiça do Trabalho não é feriado civil (só servidores) - confirmar na convenção coletiva
2118-12-24;Véspera de Natal;facultativo;BR;;previsto;Regra de cálculo (Páscoa/data fixa);Ponto facultativo - só vale se a empresa ou a convenção coletiva conceder
2118-12-25;Natal;nacional;BR;;lei;Lei federal;
2118-12-31;Véspera de Ano Novo;facultativo;BR;;previsto;Regra de cálculo (Páscoa/data fixa);Ponto facultativo - só vale se a empresa ou a convenção coletiva conceder
2119-01-01;Confraternização Universal;nacional;BR;;lei;Lei federal;
2119-02-06;Segunda-feira de Carnaval;facultativo;BR;;previsto;Regra de cálculo (Páscoa/data fixa);Ponto facultativo - só vale se a empresa ou a convenção coletiva conceder
2119-02-07;Terça-feira de Carnaval;facultativo;BR;;previsto;Regra de cálculo (Páscoa/data fixa);Ponto facultativo - só vale se a empresa ou a convenção coletiva conceder
2119-03-24;Sexta-feira Santa;nacional;BR;;lei;Lei federal (Páscoa calculada);
2119-04-21;Tiradentes;nacional;BR;;lei;Lei federal;
2119-05-01;Dia do Trabalho;nacional;BR;;lei;Lei federal;
2119-05-13;Dia da Padroeira do Município;municipal;Cianorte-PR;;previsto;Padrão dos anos confirmados (TJPR 2025 e 2026);Previsão pela data fixa - confirmar o decreto do ano (pode haver transferência)
2119-05-25;Corpus Christi;facultativo;BR;;previsto;Regra de cálculo (Páscoa/data fixa);Ponto facultativo - só vale se a empresa ou a convenção coletiva conceder
2119-07-26;Aniversário / Emancipação Política do Município;municipal;Cianorte-PR;;previsto;Padrão dos anos confirmados (TJPR 2025 e 2026);Previsão pela data fixa - confirmar o decreto do ano (pode haver transferência)
2119-09-07;Independência do Brasil;nacional;BR;;lei;Lei federal;
2119-10-12;Nossa Senhora Aparecida;nacional;BR;;lei;Lei federal;
2119-11-02;Finados;nacional;BR;;lei;Lei federal;
2119-11-15;Proclamação da República;nacional;BR;;lei;Lei federal;
2119-11-20;Dia Nacional de Zumbi e da Consciência Negra;nacional;BR;;lei;Lei 14.759/2023;
2119-12-19;Emancipação Política do Paraná;estadual;PR;;previsto;Bem Paraná (decisão da Justiça do Trabalho);Segundo a Justiça do Trabalho não é feriado civil (só servidores) - confirmar na convenção coletiva
2119-12-24;Véspera de Natal;facultativo;BR;;previsto;Regra de cálculo (Páscoa/data fixa);Ponto facultativo - só vale se a empresa ou a convenção coletiva conceder
2119-12-25;Natal;nacional;BR;;lei;Lei federal;
2119-12-31;Véspera de Ano Novo;facultativo;BR;;previsto;Regra de cálculo (Páscoa/data fixa);Ponto facultativo - só vale se a empresa ou a convenção coletiva conceder
2120-01-01;Confraternização Universal;nacional;BR;;lei;Lei federal;
2120-02-26;Segunda-feira de Carnaval;facultativo;BR;;previsto;Regra de cálculo (Páscoa/data fixa);Ponto facultativo - só vale se a empresa ou a convenção coletiva conceder
2120-02-27;Terça-feira de Carnaval;facultativo;BR;;previsto;Regra de cálculo (Páscoa/data fixa);Ponto facultativo - só vale se a empresa ou a convenção coletiva conceder
2120-04-12;Sexta-feira Santa;nacional;BR;;lei;Lei federal (Páscoa calculada);
2120-04-21;Tiradentes;nacional;BR;;lei;Lei federal;
2120-05-01;Dia do Trabalho;nacional;BR;;lei;Lei federal;
2120-05-13;Dia da Padroeira do Município;municipal;Cianorte-PR;;previsto;Padrão dos anos confirmados (TJPR 2025 e 2026);Previsão pela data fixa - confirmar o decreto do ano (pode haver transferência)
2120-06-13;Corpus Christi;facultativo;BR;;previsto;Regra de cálculo (Páscoa/data fixa);Ponto facultativo - só vale se a empresa ou a convenção coletiva conceder
2120-07-26;Aniversário / Emancipação Política do Município;municipal;Cianorte-PR;;previsto;Padrão dos anos confirmados (TJPR 2025 e 2026);Previsão pela data fixa - confirmar o decreto do ano (pode haver transferência)
2120-09-07;Independência do Brasil;nacional;BR;;lei;Lei federal;
2120-10-12;Nossa Senhora Aparecida;nacional;BR;;lei;Lei federal;
2120-11-02;Finados;nacional;BR;;lei;Lei federal;
2120-11-15;Proclamação da República;nacional;BR;;lei;Lei federal;
2120-11-20;Dia Nacional de Zumbi e da Consciência Negra;nacional;BR;;lei;Lei 14.759/2023;
2120-12-19;Emancipação Política do Paraná;estadual;PR;;previsto;Bem Paraná (decisão da Justiça do Trabalho);Segundo a Justiça do Trabalho não é feriado civil (só servidores) - confirmar na convenção coletiva
2120-12-24;Véspera de Natal;facultativo;BR;;previsto;Regra de cálculo (Páscoa/data fixa);Ponto facultativo - só vale se a empresa ou a convenção coletiva conceder
2120-12-25;Natal;nacional;BR;;lei;Lei federal;
2120-12-31;Véspera de Ano Novo;facultativo;BR;;previsto;Regra de cálculo (Páscoa/data fixa);Ponto facultativo - só vale se a empresa ou a convenção coletiva conceder
2121-01-01;Confraternização Universal;nacional;BR;;lei;Lei federal;
2121-02-17;Segunda-feira de Carnaval;facultativo;BR;;previsto;Regra de cálculo (Páscoa/data fixa);Ponto facultativo - só vale se a empresa ou a convenção coletiva conceder
2121-02-18;Terça-feira de Carnaval;facultativo;BR;;previsto;Regra de cálculo (Páscoa/data fixa);Ponto facultativo - só vale se a empresa ou a convenção coletiva conceder
2121-04-04;Sexta-feira Santa;nacional;BR;;lei;Lei federal (Páscoa calculada);
2121-04-21;Tiradentes;nacional;BR;;lei;Lei federal;
2121-05-01;Dia do Trabalho;nacional;BR;;lei;Lei federal;
2121-05-13;Dia da Padroeira do Município;municipal;Cianorte-PR;;previsto;Padrão dos anos confirmados (TJPR 2025 e 2026);Previsão pela data fixa - confirmar o decreto do ano (pode haver transferência)
2121-06-05;Corpus Christi;facultativo;BR;;previsto;Regra de cálculo (Páscoa/data fixa);Ponto facultativo - só vale se a empresa ou a convenção coletiva conceder
2121-07-26;Aniversário / Emancipação Política do Município;municipal;Cianorte-PR;;previsto;Padrão dos anos confirmados (TJPR 2025 e 2026);Previsão pela data fixa - confirmar o decreto do ano (pode haver transferência)
2121-09-07;Independência do Brasil;nacional;BR;;lei;Lei federal;
2121-10-12;Nossa Senhora Aparecida;nacional;BR;;lei;Lei federal;
2121-11-02;Finados;nacional;BR;;lei;Lei federal;
2121-11-15;Proclamação da República;nacional;BR;;lei;Lei federal;
2121-11-20;Dia Nacional de Zumbi e da Consciência Negra;nacional;BR;;lei;Lei 14.759/2023;
2121-12-19;Emancipação Política do Paraná;estadual;PR;;previsto;Bem Paraná (decisão da Justiça do Trabalho);Segundo a Justiça do Trabalho não é feriado civil (só servidores) - confirmar na convenção coletiva
2121-12-24;Véspera de Natal;facultativo;BR;;previsto;Regra de cálculo (Páscoa/data fixa);Ponto facultativo - só vale se a empresa ou a convenção coletiva conceder
2121-12-25;Natal;nacional;BR;;lei;Lei federal;
2121-12-31;Véspera de Ano Novo;facultativo;BR;;previsto;Regra de cálculo (Páscoa/data fixa);Ponto facultativo - só vale se a empresa ou a convenção coletiva conceder
2122-01-01;Confraternização Universal;nacional;BR;;lei;Lei federal;
2122-02-09;Segunda-feira de Carnaval;facultativo;BR;;previsto;Regra de cálculo (Páscoa/data fixa);Ponto facultativo - só vale se a empresa ou a convenção coletiva conceder
2122-02-10;Terça-feira de Carnaval;facultativo;BR;;previsto;Regra de cálculo (Páscoa/data fixa);Ponto facultativo - só vale se a empresa ou a convenção coletiva conceder
2122-03-27;Sexta-feira Santa;nacional;BR;;lei;Lei federal (Páscoa calculada);
2122-04-21;Tiradentes;nacional;BR;;lei;Lei federal;
2122-05-01;Dia do Trabalho;nacional;BR;;lei;Lei federal;
2122-05-13;Dia da Padroeira do Município;municipal;Cianorte-PR;;previsto;Padrão dos anos confirmados (TJPR 2025 e 2026);Previsão pela data fixa - confirmar o decreto do ano (pode haver transferência)
2122-05-28;Corpus Christi;facultativo;BR;;previsto;Regra de cálculo (Páscoa/data fixa);Ponto facultativo - só vale se a empresa ou a convenção coletiva conceder
2122-07-26;Aniversário / Emancipação Política do Município;municipal;Cianorte-PR;;previsto;Padrão dos anos confirmados (TJPR 2025 e 2026);Previsão pela data fixa - confirmar o decreto do ano (pode haver transferência)
2122-09-07;Independência do Brasil;nacional;BR;;lei;Lei federal;
2122-10-12;Nossa Senhora Aparecida;nacional;BR;;lei;Lei federal;
2122-11-02;Finados;nacional;BR;;lei;Lei federal;
2122-11-15;Proclamação da República;nacional;BR;;lei;Lei federal;
2122-11-20;Dia Nacional de Zumbi e da Consciência Negra;nacional;BR;;lei;Lei 14.759/2023;
2122-12-19;Emancipação Política do Paraná;estadual;PR;;previsto;Bem Paraná (decisão da Justiça do Trabalho);Segundo a Justiça do Trabalho não é feriado civil (só servidores) - confirmar na convenção coletiva
2122-12-24;Véspera de Natal;facultativo;BR;;previsto;Regra de cálculo (Páscoa/data fixa);Ponto facultativo - só vale se a empresa ou a convenção coletiva conceder
2122-12-25;Natal;nacional;BR;;lei;Lei federal;
2122-12-31;Véspera de Ano Novo;facultativo;BR;;previsto;Regra de cálculo (Páscoa/data fixa);Ponto facultativo - só vale se a empresa ou a convenção coletiva conceder
2123-01-01;Confraternização Universal;nacional;BR;;lei;Lei federal;
2123-02-22;Segunda-feira de Carnaval;facultativo;BR;;previsto;Regra de cálculo (Páscoa/data fixa);Ponto facultativo - só vale se a empresa ou a convenção coletiva conceder
2123-02-23;Terça-feira de Carnaval;facultativo;BR;;previsto;Regra de cálculo (Páscoa/data fixa);Ponto facultativo - só vale se a empresa ou a convenção coletiva conceder
2123-04-09;Sexta-feira Santa;nacional;BR;;lei;Lei federal (Páscoa calculada);
2123-04-21;Tiradentes;nacional;BR;;lei;Lei federal;
2123-05-01;Dia do Trabalho;nacional;BR;;lei;Lei federal;
2123-05-13;Dia da Padroeira do Município;municipal;Cianorte-PR;;previsto;Padrão dos anos confirmados (TJPR 2025 e 2026);Previsão pela data fixa - confirmar o decreto do ano (pode haver transferência)
2123-06-10;Corpus Christi;facultativo;BR;;previsto;Regra de cálculo (Páscoa/data fixa);Ponto facultativo - só vale se a empresa ou a convenção coletiva conceder
2123-07-26;Aniversário / Emancipação Política do Município;municipal;Cianorte-PR;;previsto;Padrão dos anos confirmados (TJPR 2025 e 2026);Previsão pela data fixa - confirmar o decreto do ano (pode haver transferência)
2123-09-07;Independência do Brasil;nacional;BR;;lei;Lei federal;
2123-10-12;Nossa Senhora Aparecida;nacional;BR;;lei;Lei federal;
2123-11-02;Finados;nacional;BR;;lei;Lei federal;
2123-11-15;Proclamação da República;nacional;BR;;lei;Lei federal;
2123-11-20;Dia Nacional de Zumbi e da Consciência Negra;nacional;BR;;lei;Lei 14.759/2023;
2123-12-19;Emancipação Política do Paraná;estadual;PR;;previsto;Bem Paraná (decisão da Justiça do Trabalho);Segundo a Justiça do Trabalho não é feriado civil (só servidores) - confirmar na convenção coletiva
2123-12-24;Véspera de Natal;facultativo;BR;;previsto;Regra de cálculo (Páscoa/data fixa);Ponto facultativo - só vale se a empresa ou a convenção coletiva conceder
2123-12-25;Natal;nacional;BR;;lei;Lei federal;
2123-12-31;Véspera de Ano Novo;facultativo;BR;;previsto;Regra de cálculo (Páscoa/data fixa);Ponto facultativo - só vale se a empresa ou a convenção coletiva conceder
2124-01-01;Confraternização Universal;nacional;BR;;lei;Lei federal;
2124-02-14;Segunda-feira de Carnaval;facultativo;BR;;previsto;Regra de cálculo (Páscoa/data fixa);Ponto facultativo - só vale se a empresa ou a convenção coletiva conceder
2124-02-15;Terça-feira de Carnaval;facultativo;BR;;previsto;Regra de cálculo (Páscoa/data fixa);Ponto facultativo - só vale se a empresa ou a convenção coletiva conceder
2124-03-31;Sexta-feira Santa;nacional;BR;;lei;Lei federal (Páscoa calculada);
2124-04-21;Tiradentes;nacional;BR;;lei;Lei federal;
2124-05-01;Dia do Trabalho;nacional;BR;;lei;Lei federal;
2124-05-13;Dia da Padroeira do Município;municipal;Cianorte-PR;;previsto;Padrão dos anos confirmados (TJPR 2025 e 2026);Previsão pela data fixa - confirmar o decreto do ano (pode haver transferência)
2124-06-01;Corpus Christi;facultativo;BR;;previsto;Regra de cálculo (Páscoa/data fixa);Ponto facultativo - só vale se a empresa ou a convenção coletiva conceder
2124-07-26;Aniversário / Emancipação Política do Município;municipal;Cianorte-PR;;previsto;Padrão dos anos confirmados (TJPR 2025 e 2026);Previsão pela data fixa - confirmar o decreto do ano (pode haver transferência)
2124-09-07;Independência do Brasil;nacional;BR;;lei;Lei federal;
2124-10-12;Nossa Senhora Aparecida;nacional;BR;;lei;Lei federal;
2124-11-02;Finados;nacional;BR;;lei;Lei federal;
2124-11-15;Proclamação da República;nacional;BR;;lei;Lei federal;
2124-11-20;Dia Nacional de Zumbi e da Consciência Negra;nacional;BR;;lei;Lei 14.759/2023;
2124-12-19;Emancipação Política do Paraná;estadual;PR;;previsto;Bem Paraná (decisão da Justiça do Trabalho);Segundo a Justiça do Trabalho não é feriado civil (só servidores) - confirmar na convenção coletiva
2124-12-24;Véspera de Natal;facultativo;BR;;previsto;Regra de cálculo (Páscoa/data fixa);Ponto facultativo - só vale se a empresa ou a convenção coletiva conceder
2124-12-25;Natal;nacional;BR;;lei;Lei federal;
2124-12-31;Véspera de Ano Novo;facultativo;BR;;previsto;Regra de cálculo (Páscoa/data fixa);Ponto facultativo - só vale se a empresa ou a convenção coletiva conceder
2125-01-01;Confraternização Universal;nacional;BR;;lei;Lei federal;
2125-03-05;Segunda-feira de Carnaval;facultativo;BR;;previsto;Regra de cálculo (Páscoa/data fixa);Ponto facultativo - só vale se a empresa ou a convenção coletiva conceder
2125-03-06;Terça-feira de Carnaval;facultativo;BR;;previsto;Regra de cálculo (Páscoa/data fixa);Ponto facultativo - só vale se a empresa ou a convenção coletiva conceder
2125-04-20;Sexta-feira Santa;nacional;BR;;lei;Lei federal (Páscoa calculada);
2125-04-21;Tiradentes;nacional;BR;;lei;Lei federal;
2125-05-01;Dia do Trabalho;nacional;BR;;lei;Lei federal;
2125-05-13;Dia da Padroeira do Município;municipal;Cianorte-PR;;previsto;Padrão dos anos confirmados (TJPR 2025 e 2026);Previsão pela data fixa - confirmar o decreto do ano (pode haver transferência)
2125-06-21;Corpus Christi;facultativo;BR;;previsto;Regra de cálculo (Páscoa/data fixa);Ponto facultativo - só vale se a empresa ou a convenção coletiva conceder
2125-07-26;Aniversário / Emancipação Política do Município;municipal;Cianorte-PR;;previsto;Padrão dos anos confirmados (TJPR 2025 e 2026);Previsão pela data fixa - confirmar o decreto do ano (pode haver transferência)
2125-09-07;Independência do Brasil;nacional;BR;;lei;Lei federal;
2125-10-12;Nossa Senhora Aparecida;nacional;BR;;lei;Lei federal;
2125-11-02;Finados;nacional;BR;;lei;Lei federal;
2125-11-15;Proclamação da República;nacional;BR;;lei;Lei federal;
2125-11-20;Dia Nacional de Zumbi e da Consciência Negra;nacional;BR;;lei;Lei 14.759/2023;
2125-12-19;Emancipação Política do Paraná;estadual;PR;;previsto;Bem Paraná (decisão da Justiça do Trabalho);Segundo a Justiça do Trabalho não é feriado civil (só servidores) - confirmar na convenção coletiva
2125-12-24;Véspera de Natal;facultativo;BR;;previsto;Regra de cálculo (Páscoa/data fixa);Ponto facultativo - só vale se a empresa ou a convenção coletiva conceder
2125-12-25;Natal;nacional;BR;;lei;Lei federal;
2125-12-31;Véspera de Ano Novo;facultativo;BR;;previsto;Regra de cálculo (Páscoa/data fixa);Ponto facultativo - só vale se a empresa ou a convenção coletiva conceder
2126-01-01;Confraternização Universal;nacional;BR;;lei;Lei federal;
2126-02-25;Segunda-feira de Carnaval;facultativo;BR;;previsto;Regra de cálculo (Páscoa/data fixa);Ponto facultativo - só vale se a empresa ou a convenção coletiva conceder
2126-02-26;Terça-feira de Carnaval;facultativo;BR;;previsto;Regra de cálculo (Páscoa/data fixa);Ponto facultativo - só vale se a empresa ou a convenção coletiva conceder
2126-04-12;Sexta-feira Santa;nacional;BR;;lei;Lei federal (Páscoa calculada);
2126-04-21;Tiradentes;nacional;BR;;lei;Lei federal;
2126-05-01;Dia do Trabalho;nacional;BR;;lei;Lei federal;
2126-05-13;Dia da Padroeira do Município;municipal;Cianorte-PR;;previsto;Padrão dos anos confirmados (TJPR 2025 e 2026);Previsão pela data fixa - confirmar o decreto do ano (pode haver transferência)
2126-06-13;Corpus Christi;facultativo;BR;;previsto;Regra de cálculo (Páscoa/data fixa);Ponto facultativo - só vale se a empresa ou a convenção coletiva conceder
2126-07-26;Aniversário / Emancipação Política do Município;municipal;Cianorte-PR;;previsto;Padrão dos anos confirmados (TJPR 2025 e 2026);Previsão pela data fixa - confirmar o decreto do ano (pode haver transferência)
2126-09-07;Independência do Brasil;nacional;BR;;lei;Lei federal;
2126-10-12;Nossa Senhora Aparecida;nacional;BR;;lei;Lei federal;
2126-11-02;Finados;nacional;BR;;lei;Lei federal;
2126-11-15;Proclamação da República;nacional;BR;;lei;Lei federal;
2126-11-20;Dia Nacional de Zumbi e da Consciência Negra;nacional;BR;;lei;Lei 14.759/2023;
2126-12-19;Emancipação Política do Paraná;estadual;PR;;previsto;Bem Paraná (decisão da Justiça do Trabalho);Segundo a Justiça do Trabalho não é feriado civil (só servidores) - confirmar na convenção coletiva
2126-12-24;Véspera de Natal;facultativo;BR;;previsto;Regra de cálculo (Páscoa/data fixa);Ponto facultativo - só vale se a empresa ou a convenção coletiva conceder
2126-12-25;Natal;nacional;BR;;lei;Lei federal;
2126-12-31;Véspera de Ano Novo;facultativo;BR;;previsto;Regra de cálculo (Páscoa/data fixa);Ponto facultativo - só vale se a empresa ou a convenção coletiva conceder
2127-01-01;Confraternização Universal;nacional;BR;;lei;Lei federal;
2127-02-10;Segunda-feira de Carnaval;facultativo;BR;;previsto;Regra de cálculo (Páscoa/data fixa);Ponto facultativo - só vale se a empresa ou a convenção coletiva conceder
2127-02-11;Terça-feira de Carnaval;facultativo;BR;;previsto;Regra de cálculo (Páscoa/data fixa);Ponto facultativo - só vale se a empresa ou a convenção coletiva conceder
2127-03-28;Sexta-feira Santa;nacional;BR;;lei;Lei federal (Páscoa calculada);
2127-04-21;Tiradentes;nacional;BR;;lei;Lei federal;
2127-05-01;Dia do Trabalho;nacional;BR;;lei;Lei federal;
2127-05-13;Dia da Padroeira do Município;municipal;Cianorte-PR;;previsto;Padrão dos anos confirmados (TJPR 2025 e 2026);Previsão pela data fixa - confirmar o decreto do ano (pode haver transferência)
2127-05-29;Corpus Christi;facultativo;BR;;previsto;Regra de cálculo (Páscoa/data fixa);Ponto facultativo - só vale se a empresa ou a convenção coletiva conceder
2127-07-26;Aniversário / Emancipação Política do Município;municipal;Cianorte-PR;;previsto;Padrão dos anos confirmados (TJPR 2025 e 2026);Previsão pela data fixa - confirmar o decreto do ano (pode haver transferência)
2127-09-07;Independência do Brasil;nacional;BR;;lei;Lei federal;
2127-10-12;Nossa Senhora Aparecida;nacional;BR;;lei;Lei federal;
2127-11-02;Finados;nacional;BR;;lei;Lei federal;
2127-11-15;Proclamação da República;nacional;BR;;lei;Lei federal;
2127-11-20;Dia Nacional de Zumbi e da Consciência Negra;nacional;BR;;lei;Lei 14.759/2023;
2127-12-19;Emancipação Política do Paraná;estadual;PR;;previsto;Bem Paraná (decisão da Justiça do Trabalho);Segundo a Justiça do Trabalho não é feriado civil (só servidores) - confirmar na convenção coletiva
2127-12-24;Véspera de Natal;facultativo;BR;;previsto;Regra de cálculo (Páscoa/data fixa);Ponto facultativo - só vale se a empresa ou a convenção coletiva conceder
2127-12-25;Natal;nacional;BR;;lei;Lei federal;
2127-12-31;Véspera de Ano Novo;facultativo;BR;;previsto;Regra de cálculo (Páscoa/data fixa);Ponto facultativo - só vale se a empresa ou a convenção coletiva conceder
2128-01-01;Confraternização Universal;nacional;BR;;lei;Lei federal;
2128-03-01;Segunda-feira de Carnaval;facultativo;BR;;previsto;Regra de cálculo (Páscoa/data fixa);Ponto facultativo - só vale se a empresa ou a convenção coletiva conceder
2128-03-02;Terça-feira de Carnaval;facultativo;BR;;previsto;Regra de cálculo (Páscoa/data fixa);Ponto facultativo - só vale se a empresa ou a convenção coletiva conceder
2128-04-16;Sexta-feira Santa;nacional;BR;;lei;Lei federal (Páscoa calculada);
2128-04-21;Tiradentes;nacional;BR;;lei;Lei federal;
2128-05-01;Dia do Trabalho;nacional;BR;;lei;Lei federal;
2128-05-13;Dia da Padroeira do Município;municipal;Cianorte-PR;;previsto;Padrão dos anos confirmados (TJPR 2025 e 2026);Previsão pela data fixa - confirmar o decreto do ano (pode haver transferência)
2128-06-17;Corpus Christi;facultativo;BR;;previsto;Regra de cálculo (Páscoa/data fixa);Ponto facultativo - só vale se a empresa ou a convenção coletiva conceder
2128-07-26;Aniversário / Emancipação Política do Município;municipal;Cianorte-PR;;previsto;Padrão dos anos confirmados (TJPR 2025 e 2026);Previsão pela data fixa - confirmar o decreto do ano (pode haver transferência)
2128-09-07;Independência do Brasil;nacional;BR;;lei;Lei federal;
2128-10-12;Nossa Senhora Aparecida;nacional;BR;;lei;Lei federal;
2128-11-02;Finados;nacional;BR;;lei;Lei federal;
2128-11-15;Proclamação da República;nacional;BR;;lei;Lei federal;
2128-11-20;Dia Nacional de Zumbi e da Consciência Negra;nacional;BR;;lei;Lei 14.759/2023;
2128-12-19;Emancipação Política do Paraná;estadual;PR;;previsto;Bem Paraná (decisão da Justiça do Trabalho);Segundo a Justiça do Trabalho não é feriado civil (só servidores) - confirmar na convenção coletiva
2128-12-24;Véspera de Natal;facultativo;BR;;previsto;Regra de cálculo (Páscoa/data fixa);Ponto facultativo - só vale se a empresa ou a convenção coletiva conceder
2128-12-25;Natal;nacional;BR;;lei;Lei federal;
2128-12-31;Véspera de Ano Novo;facultativo;BR;;previsto;Regra de cálculo (Páscoa/data fixa);Ponto facultativo - só vale se a empresa ou a convenção coletiva conceder
2129-01-01;Confraternização Universal;nacional;BR;;lei;Lei federal;
2129-02-21;Segunda-feira de Carnaval;facultativo;BR;;previsto;Regra de cálculo (Páscoa/data fixa);Ponto facultativo - só vale se a empresa ou a convenção coletiva conceder
2129-02-22;Terça-feira de Carnaval;facultativo;BR;;previsto;Regra de cálculo (Páscoa/data fixa);Ponto facultativo - só vale se a empresa ou a convenção coletiva conceder
2129-04-08;Sexta-feira Santa;nacional;BR;;lei;Lei federal (Páscoa calculada);
2129-04-21;Tiradentes;nacional;BR;;lei;Lei federal;
2129-05-01;Dia do Trabalho;nacional;BR;;lei;Lei federal;
2129-05-13;Dia da Padroeira do Município;municipal;Cianorte-PR;;previsto;Padrão dos anos confirmados (TJPR 2025 e 2026);Previsão pela data fixa - confirmar o decreto do ano (pode haver transferência)
2129-06-09;Corpus Christi;facultativo;BR;;previsto;Regra de cálculo (Páscoa/data fixa);Ponto facultativo - só vale se a empresa ou a convenção coletiva conceder
2129-07-26;Aniversário / Emancipação Política do Município;municipal;Cianorte-PR;;previsto;Padrão dos anos confirmados (TJPR 2025 e 2026);Previsão pela data fixa - confirmar o decreto do ano (pode haver transferência)
2129-09-07;Independência do Brasil;nacional;BR;;lei;Lei federal;
2129-10-12;Nossa Senhora Aparecida;nacional;BR;;lei;Lei federal;
2129-11-02;Finados;nacional;BR;;lei;Lei federal;
2129-11-15;Proclamação da República;nacional;BR;;lei;Lei federal;
2129-11-20;Dia Nacional de Zumbi e da Consciência Negra;nacional;BR;;lei;Lei 14.759/2023;
2129-12-19;Emancipação Política do Paraná;estadual;PR;;previsto;Bem Paraná (decisão da Justiça do Trabalho);Segundo a Justiça do Trabalho não é feriado civil (só servidores) - confirmar na convenção coletiva
2129-12-24;Véspera de Natal;facultativo;BR;;previsto;Regra de cálculo (Páscoa/data fixa);Ponto facultativo - só vale se a empresa ou a convenção coletiva conceder
2129-12-25;Natal;nacional;BR;;lei;Lei federal;
2129-12-31;Véspera de Ano Novo;facultativo;BR;;previsto;Regra de cálculo (Páscoa/data fixa);Ponto facultativo - só vale se a empresa ou a convenção coletiva conceder
2130-01-01;Confraternização Universal;nacional;BR;;lei;Lei federal;
2130-02-06;Segunda-feira de Carnaval;facultativo;BR;;previsto;Regra de cálculo (Páscoa/data fixa);Ponto facultativo - só vale se a empresa ou a convenção coletiva conceder
2130-02-07;Terça-feira de Carnaval;facultativo;BR;;previsto;Regra de cálculo (Páscoa/data fixa);Ponto facultativo - só vale se a empresa ou a convenção coletiva conceder
2130-03-24;Sexta-feira Santa;nacional;BR;;lei;Lei federal (Páscoa calculada);
2130-04-21;Tiradentes;nacional;BR;;lei;Lei federal;
2130-05-01;Dia do Trabalho;nacional;BR;;lei;Lei federal;
2130-05-13;Dia da Padroeira do Município;municipal;Cianorte-PR;;previsto;Padrão dos anos confirmados (TJPR 2025 e 2026);Previsão pela data fixa - confirmar o decreto do ano (pode haver transferência)
2130-05-25;Corpus Christi;facultativo;BR;;previsto;Regra de cálculo (Páscoa/data fixa);Ponto facultativo - só vale se a empresa ou a convenção coletiva conceder
2130-07-26;Aniversário / Emancipação Política do Município;municipal;Cianorte-PR;;previsto;Padrão dos anos confirmados (TJPR 2025 e 2026);Previsão pela data fixa - confirmar o decreto do ano (pode haver transferência)
2130-09-07;Independência do Brasil;nacional;BR;;lei;Lei federal;
2130-10-12;Nossa Senhora Aparecida;nacional;BR;;lei;Lei federal;
2130-11-02;Finados;nacional;BR;;lei;Lei federal;
2130-11-15;Proclamação da República;nacional;BR;;lei;Lei federal;
2130-11-20;Dia Nacional de Zumbi e da Consciência Negra;nacional;BR;;lei;Lei 14.759/2023;
2130-12-19;Emancipação Política do Paraná;estadual;PR;;previsto;Bem Paraná (decisão da Justiça do Trabalho);Segundo a Justiça do Trabalho não é feriado civil (só servidores) - confirmar na convenção coletiva
2130-12-24;Véspera de Natal;facultativo;BR;;previsto;Regra de cálculo (Páscoa/data fixa);Ponto facultativo - só vale se a empresa ou a convenção coletiva conceder
2130-12-25;Natal;nacional;BR;;lei;Lei federal;
2130-12-31;Véspera de Ano Novo;facultativo;BR;;previsto;Regra de cálculo (Páscoa/data fixa);Ponto facultativo - só vale se a empresa ou a convenção coletiva conceder
2131-01-01;Confraternização Universal;nacional;BR;;lei;Lei federal;
2131-02-26;Segunda-feira de Carnaval;facultativo;BR;;previsto;Regra de cálculo (Páscoa/data fixa);Ponto facultativo - só vale se a empresa ou a convenção coletiva conceder
2131-02-27;Terça-feira de Carnaval;facultativo;BR;;previsto;Regra de cálculo (Páscoa/data fixa);Ponto facultativo - só vale se a empresa ou a convenção coletiva conceder
2131-04-13;Sexta-feira Santa;nacional;BR;;lei;Lei federal (Páscoa calculada);
2131-04-21;Tiradentes;nacional;BR;;lei;Lei federal;
2131-05-01;Dia do Trabalho;nacional;BR;;lei;Lei federal;
2131-05-13;Dia da Padroeira do Município;municipal;Cianorte-PR;;previsto;Padrão dos anos confirmados (TJPR 2025 e 2026);Previsão pela data fixa - confirmar o decreto do ano (pode haver transferência)
2131-06-14;Corpus Christi;facultativo;BR;;previsto;Regra de cálculo (Páscoa/data fixa);Ponto facultativo - só vale se a empresa ou a convenção coletiva conceder
2131-07-26;Aniversário / Emancipação Política do Município;municipal;Cianorte-PR;;previsto;Padrão dos anos confirmados (TJPR 2025 e 2026);Previsão pela data fixa - confirmar o decreto do ano (pode haver transferência)
2131-09-07;Independência do Brasil;nacional;BR;;lei;Lei federal;
2131-10-12;Nossa Senhora Aparecida;nacional;BR;;lei;Lei federal;
2131-11-02;Finados;nacional;BR;;lei;Lei federal;
2131-11-15;Proclamação da República;nacional;BR;;lei;Lei federal;
2131-11-20;Dia Nacional de Zumbi e da Consciência Negra;nacional;BR;;lei;Lei 14.759/2023;
2131-12-19;Emancipação Política do Paraná;estadual;PR;;previsto;Bem Paraná (decisão da Justiça do Trabalho);Segundo a Justiça do Trabalho não é feriado civil (só servidores) - confirmar na convenção coletiva
2131-12-24;Véspera de Natal;facultativo;BR;;previsto;Regra de cálculo (Páscoa/data fixa);Ponto facultativo - só vale se a empresa ou a convenção coletiva conceder
2131-12-25;Natal;nacional;BR;;lei;Lei federal;
2131-12-31;Véspera de Ano Novo;facultativo;BR;;previsto;Regra de cálculo (Páscoa/data fixa);Ponto facultativo - só vale se a empresa ou a convenção coletiva conceder
2132-01-01;Confraternização Universal;nacional;BR;;lei;Lei federal;
2132-02-18;Segunda-feira de Carnaval;facultativo;BR;;previsto;Regra de cálculo (Páscoa/data fixa);Ponto facultativo - só vale se a empresa ou a convenção coletiva conceder
2132-02-19;Terça-feira de Carnaval;facultativo;BR;;previsto;Regra de cálculo (Páscoa/data fixa);Ponto facultativo - só vale se a empresa ou a convenção coletiva conceder
2132-04-04;Sexta-feira Santa;nacional;BR;;lei;Lei federal (Páscoa calculada);
2132-04-21;Tiradentes;nacional;BR;;lei;Lei federal;
2132-05-01;Dia do Trabalho;nacional;BR;;lei;Lei federal;
2132-05-13;Dia da Padroeira do Município;municipal;Cianorte-PR;;previsto;Padrão dos anos confirmados (TJPR 2025 e 2026);Previsão pela data fixa - confirmar o decreto do ano (pode haver transferência)
2132-06-05;Corpus Christi;facultativo;BR;;previsto;Regra de cálculo (Páscoa/data fixa);Ponto facultativo - só vale se a empresa ou a convenção coletiva conceder
2132-07-26;Aniversário / Emancipação Política do Município;municipal;Cianorte-PR;;previsto;Padrão dos anos confirmados (TJPR 2025 e 2026);Previsão pela data fixa - confirmar o decreto do ano (pode haver transferência)
2132-09-07;Independência do Brasil;nacional;BR;;lei;Lei federal;
2132-10-12;Nossa Senhora Aparecida;nacional;BR;;lei;Lei federal;
2132-11-02;Finados;nacional;BR;;lei;Lei federal;
2132-11-15;Proclamação da República;nacional;BR;;lei;Lei federal;
2132-11-20;Dia Nacional de Zumbi e da Consciência Negra;nacional;BR;;lei;Lei 14.759/2023;
2132-12-19;Emancipação Política do Paraná;estadual;PR;;previsto;Bem Paraná (decisão da Justiça do Trabalho);Segundo a Justiça do Trabalho não é feriado civil (só servidores) - confirmar na convenção coletiva
2132-12-24;Véspera de Natal;facultativo;BR;;previsto;Regra de cálculo (Páscoa/data fixa);Ponto facultativo - só vale se a empresa ou a convenção coletiva conceder
2132-12-25;Natal;nacional;BR;;lei;Lei federal;
2132-12-31;Véspera de Ano Novo;facultativo;BR;;previsto;Regra de cálculo (Páscoa/data fixa);Ponto facultativo - só vale se a empresa ou a convenção coletiva conceder
2133-01-01;Confraternização Universal;nacional;BR;;lei;Lei federal;
2133-03-02;Segunda-feira de Carnaval;facultativo;BR;;previsto;Regra de cálculo (Páscoa/data fixa);Ponto facultativo - só vale se a empresa ou a convenção coletiva conceder
2133-03-03;Terça-feira de Carnaval;facultativo;BR;;previsto;Regra de cálculo (Páscoa/data fixa);Ponto facultativo - só vale se a empresa ou a convenção coletiva conceder
2133-04-17;Sexta-feira Santa;nacional;BR;;lei;Lei federal (Páscoa calculada);
2133-04-21;Tiradentes;nacional;BR;;lei;Lei federal;
2133-05-01;Dia do Trabalho;nacional;BR;;lei;Lei federal;
2133-05-13;Dia da Padroeira do Município;municipal;Cianorte-PR;;previsto;Padrão dos anos confirmados (TJPR 2025 e 2026);Previsão pela data fixa - confirmar o decreto do ano (pode haver transferência)
2133-06-18;Corpus Christi;facultativo;BR;;previsto;Regra de cálculo (Páscoa/data fixa);Ponto facultativo - só vale se a empresa ou a convenção coletiva conceder
2133-07-26;Aniversário / Emancipação Política do Município;municipal;Cianorte-PR;;previsto;Padrão dos anos confirmados (TJPR 2025 e 2026);Previsão pela data fixa - confirmar o decreto do ano (pode haver transferência)
2133-09-07;Independência do Brasil;nacional;BR;;lei;Lei federal;
2133-10-12;Nossa Senhora Aparecida;nacional;BR;;lei;Lei federal;
2133-11-02;Finados;nacional;BR;;lei;Lei federal;
2133-11-15;Proclamação da República;nacional;BR;;lei;Lei federal;
2133-11-20;Dia Nacional de Zumbi e da Consciência Negra;nacional;BR;;lei;Lei 14.759/2023;
2133-12-19;Emancipação Política do Paraná;estadual;PR;;previsto;Bem Paraná (decisão da Justiça do Trabalho);Segundo a Justiça do Trabalho não é feriado civil (só servidores) - confirmar na convenção coletiva
2133-12-24;Véspera de Natal;facultativo;BR;;previsto;Regra de cálculo (Páscoa/data fixa);Ponto facultativo - só vale se a empresa ou a convenção coletiva conceder
2133-12-25;Natal;nacional;BR;;lei;Lei federal;
2133-12-31;Véspera de Ano Novo;facultativo;BR;;previsto;Regra de cálculo (Páscoa/data fixa);Ponto facultativo - só vale se a empresa ou a convenção coletiva conceder
2134-01-01;Confraternização Universal;nacional;BR;;lei;Lei federal;
2134-02-22;Segunda-feira de Carnaval;facultativo;BR;;previsto;Regra de cálculo (Páscoa/data fixa);Ponto facultativo - só vale se a empresa ou a convenção coletiva conceder
2134-02-23;Terça-feira de Carnaval;facultativo;BR;;previsto;Regra de cálculo (Páscoa/data fixa);Ponto facultativo - só vale se a empresa ou a convenção coletiva conceder
2134-04-09;Sexta-feira Santa;nacional;BR;;lei;Lei federal (Páscoa calculada);
2134-04-21;Tiradentes;nacional;BR;;lei;Lei federal;
2134-05-01;Dia do Trabalho;nacional;BR;;lei;Lei federal;
2134-05-13;Dia da Padroeira do Município;municipal;Cianorte-PR;;previsto;Padrão dos anos confirmados (TJPR 2025 e 2026);Previsão pela data fixa - confirmar o decreto do ano (pode haver transferência)
2134-06-10;Corpus Christi;facultativo;BR;;previsto;Regra de cálculo (Páscoa/data fixa);Ponto facultativo - só vale se a empresa ou a convenção coletiva conceder
2134-07-26;Aniversário / Emancipação Política do Município;municipal;Cianorte-PR;;previsto;Padrão dos anos confirmados (TJPR 2025 e 2026);Previsão pela data fixa - confirmar o decreto do ano (pode haver transferência)
2134-09-07;Independência do Brasil;nacional;BR;;lei;Lei federal;
2134-10-12;Nossa Senhora Aparecida;nacional;BR;;lei;Lei federal;
2134-11-02;Finados;nacional;BR;;lei;Lei federal;
2134-11-15;Proclamação da República;nacional;BR;;lei;Lei federal;
2134-11-20;Dia Nacional de Zumbi e da Consciência Negra;nacional;BR;;lei;Lei 14.759/2023;
2134-12-19;Emancipação Política do Paraná;estadual;PR;;previsto;Bem Paraná (decisão da Justiça do Trabalho);Segundo a Justiça do Trabalho não é feriado civil (só servidores) - confirmar na convenção coletiva
2134-12-24;Véspera de Natal;facultativo;BR;;previsto;Regra de cálculo (Páscoa/data fixa);Ponto facultativo - só vale se a empresa ou a convenção coletiva conceder
2134-12-25;Natal;nacional;BR;;lei;Lei federal;
2134-12-31;Véspera de Ano Novo;facultativo;BR;;previsto;Regra de cálculo (Páscoa/data fixa);Ponto facultativo - só vale se a empresa ou a convenção coletiva conceder
2135-01-01;Confraternização Universal;nacional;BR;;lei;Lei federal;
2135-02-14;Segunda-feira de Carnaval;facultativo;BR;;previsto;Regra de cálculo (Páscoa/data fixa);Ponto facultativo - só vale se a empresa ou a convenção coletiva conceder
2135-02-15;Terça-feira de Carnaval;facultativo;BR;;previsto;Regra de cálculo (Páscoa/data fixa);Ponto facultativo - só vale se a empresa ou a convenção coletiva conceder
2135-04-01;Sexta-feira Santa;nacional;BR;;lei;Lei federal (Páscoa calculada);
2135-04-21;Tiradentes;nacional;BR;;lei;Lei federal;
2135-05-01;Dia do Trabalho;nacional;BR;;lei;Lei federal;
2135-05-13;Dia da Padroeira do Município;municipal;Cianorte-PR;;previsto;Padrão dos anos confirmados (TJPR 2025 e 2026);Previsão pela data fixa - confirmar o decreto do ano (pode haver transferência)
2135-06-02;Corpus Christi;facultativo;BR;;previsto;Regra de cálculo (Páscoa/data fixa);Ponto facultativo - só vale se a empresa ou a convenção coletiva conceder
2135-07-26;Aniversário / Emancipação Política do Município;municipal;Cianorte-PR;;previsto;Padrão dos anos confirmados (TJPR 2025 e 2026);Previsão pela data fixa - confirmar o decreto do ano (pode haver transferência)
2135-09-07;Independência do Brasil;nacional;BR;;lei;Lei federal;
2135-10-12;Nossa Senhora Aparecida;nacional;BR;;lei;Lei federal;
2135-11-02;Finados;nacional;BR;;lei;Lei federal;
2135-11-15;Proclamação da República;nacional;BR;;lei;Lei federal;
2135-11-20;Dia Nacional de Zumbi e da Consciência Negra;nacional;BR;;lei;Lei 14.759/2023;
2135-12-19;Emancipação Política do Paraná;estadual;PR;;previsto;Bem Paraná (decisão da Justiça do Trabalho);Segundo a Justiça do Trabalho não é feriado civil (só servidores) - confirmar na convenção coletiva
2135-12-24;Véspera de Natal;facultativo;BR;;previsto;Regra de cálculo (Páscoa/data fixa);Ponto facultativo - só vale se a empresa ou a convenção coletiva conceder
2135-12-25;Natal;nacional;BR;;lei;Lei federal;
2135-12-31;Véspera de Ano Novo;facultativo;BR;;previsto;Regra de cálculo (Páscoa/data fixa);Ponto facultativo - só vale se a empresa ou a convenção coletiva conceder
2136-01-01;Confraternização Universal;nacional;BR;;lei;Lei federal;
2136-03-05;Segunda-feira de Carnaval;facultativo;BR;;previsto;Regra de cálculo (Páscoa/data fixa);Ponto facultativo - só vale se a empresa ou a convenção coletiva conceder
2136-03-06;Terça-feira de Carnaval;facultativo;BR;;previsto;Regra de cálculo (Páscoa/data fixa);Ponto facultativo - só vale se a empresa ou a convenção coletiva conceder
2136-04-20;Sexta-feira Santa;nacional;BR;;lei;Lei federal (Páscoa calculada);
2136-04-21;Tiradentes;nacional;BR;;lei;Lei federal;
2136-05-01;Dia do Trabalho;nacional;BR;;lei;Lei federal;
2136-05-13;Dia da Padroeira do Município;municipal;Cianorte-PR;;previsto;Padrão dos anos confirmados (TJPR 2025 e 2026);Previsão pela data fixa - confirmar o decreto do ano (pode haver transferência)
2136-06-21;Corpus Christi;facultativo;BR;;previsto;Regra de cálculo (Páscoa/data fixa);Ponto facultativo - só vale se a empresa ou a convenção coletiva conceder
2136-07-26;Aniversário / Emancipação Política do Município;municipal;Cianorte-PR;;previsto;Padrão dos anos confirmados (TJPR 2025 e 2026);Previsão pela data fixa - confirmar o decreto do ano (pode haver transferência)
2136-09-07;Independência do Brasil;nacional;BR;;lei;Lei federal;
2136-10-12;Nossa Senhora Aparecida;nacional;BR;;lei;Lei federal;
2136-11-02;Finados;nacional;BR;;lei;Lei federal;
2136-11-15;Proclamação da República;nacional;BR;;lei;Lei federal;
2136-11-20;Dia Nacional de Zumbi e da Consciência Negra;nacional;BR;;lei;Lei 14.759/2023;
2136-12-19;Emancipação Política do Paraná;estadual;PR;;previsto;Bem Paraná (decisão da Justiça do Trabalho);Segundo a Justiça do Trabalho não é feriado civil (só servidores) - confirmar na convenção coletiva
2136-12-24;Véspera de Natal;facultativo;BR;;previsto;Regra de cálculo (Páscoa/data fixa);Ponto facultativo - só vale se a empresa ou a convenção coletiva conceder
2136-12-25;Natal;nacional;BR;;lei;Lei federal;
2136-12-31;Véspera de Ano Novo;facultativo;BR;;previsto;Regra de cálculo (Páscoa/data fixa);Ponto facultativo - só vale se a empresa ou a convenção coletiva conceder
2137-01-01;Confraternização Universal;nacional;BR;;lei;Lei federal;
2137-02-18;Segunda-feira de Carnaval;facultativo;BR;;previsto;Regra de cálculo (Páscoa/data fixa);Ponto facultativo - só vale se a empresa ou a convenção coletiva conceder
2137-02-19;Terça-feira de Carnaval;facultativo;BR;;previsto;Regra de cálculo (Páscoa/data fixa);Ponto facultativo - só vale se a empresa ou a convenção coletiva conceder
2137-04-05;Sexta-feira Santa;nacional;BR;;lei;Lei federal (Páscoa calculada);
2137-04-21;Tiradentes;nacional;BR;;lei;Lei federal;
2137-05-01;Dia do Trabalho;nacional;BR;;lei;Lei federal;
2137-05-13;Dia da Padroeira do Município;municipal;Cianorte-PR;;previsto;Padrão dos anos confirmados (TJPR 2025 e 2026);Previsão pela data fixa - confirmar o decreto do ano (pode haver transferência)
2137-06-06;Corpus Christi;facultativo;BR;;previsto;Regra de cálculo (Páscoa/data fixa);Ponto facultativo - só vale se a empresa ou a convenção coletiva conceder
2137-07-26;Aniversário / Emancipação Política do Município;municipal;Cianorte-PR;;previsto;Padrão dos anos confirmados (TJPR 2025 e 2026);Previsão pela data fixa - confirmar o decreto do ano (pode haver transferência)
2137-09-07;Independência do Brasil;nacional;BR;;lei;Lei federal;
2137-10-12;Nossa Senhora Aparecida;nacional;BR;;lei;Lei federal;
2137-11-02;Finados;nacional;BR;;lei;Lei federal;
2137-11-15;Proclamação da República;nacional;BR;;lei;Lei federal;
2137-11-20;Dia Nacional de Zumbi e da Consciência Negra;nacional;BR;;lei;Lei 14.759/2023;
2137-12-19;Emancipação Política do Paraná;estadual;PR;;previsto;Bem Paraná (decisão da Justiça do Trabalho);Segundo a Justiça do Trabalho não é feriado civil (só servidores) - confirmar na convenção coletiva
2137-12-24;Véspera de Natal;facultativo;BR;;previsto;Regra de cálculo (Páscoa/data fixa);Ponto facultativo - só vale se a empresa ou a convenção coletiva conceder
2137-12-25;Natal;nacional;BR;;lei;Lei federal;
2137-12-31;Véspera de Ano Novo;facultativo;BR;;previsto;Regra de cálculo (Páscoa/data fixa);Ponto facultativo - só vale se a empresa ou a convenção coletiva conceder
2138-01-01;Confraternização Universal;nacional;BR;;lei;Lei federal;
2138-02-10;Segunda-feira de Carnaval;facultativo;BR;;previsto;Regra de cálculo (Páscoa/data fixa);Ponto facultativo - só vale se a empresa ou a convenção coletiva conceder
2138-02-11;Terça-feira de Carnaval;facultativo;BR;;previsto;Regra de cálculo (Páscoa/data fixa);Ponto facultativo - só vale se a empresa ou a convenção coletiva conceder
2138-03-28;Sexta-feira Santa;nacional;BR;;lei;Lei federal (Páscoa calculada);
2138-04-21;Tiradentes;nacional;BR;;lei;Lei federal;
2138-05-01;Dia do Trabalho;nacional;BR;;lei;Lei federal;
2138-05-13;Dia da Padroeira do Município;municipal;Cianorte-PR;;previsto;Padrão dos anos confirmados (TJPR 2025 e 2026);Previsão pela data fixa - confirmar o decreto do ano (pode haver transferência)
2138-05-29;Corpus Christi;facultativo;BR;;previsto;Regra de cálculo (Páscoa/data fixa);Ponto facultativo - só vale se a empresa ou a convenção coletiva conceder
2138-07-26;Aniversário / Emancipação Política do Município;municipal;Cianorte-PR;;previsto;Padrão dos anos confirmados (TJPR 2025 e 2026);Previsão pela data fixa - confirmar o decreto do ano (pode haver transferência)
2138-09-07;Independência do Brasil;nacional;BR;;lei;Lei federal;
2138-10-12;Nossa Senhora Aparecida;nacional;BR;;lei;Lei federal;
2138-11-02;Finados;nacional;BR;;lei;Lei federal;
2138-11-15;Proclamação da República;nacional;BR;;lei;Lei federal;
2138-11-20;Dia Nacional de Zumbi e da Consciência Negra;nacional;BR;;lei;Lei 14.759/2023;
2138-12-19;Emancipação Política do Paraná;estadual;PR;;previsto;Bem Paraná (decisão da Justiça do Trabalho);Segundo a Justiça do Trabalho não é feriado civil (só servidores) - confirmar na convenção coletiva
2138-12-24;Véspera de Natal;facultativo;BR;;previsto;Regra de cálculo (Páscoa/data fixa);Ponto facultativo - só vale se a empresa ou a convenção coletiva conceder
2138-12-25;Natal;nacional;BR;;lei;Lei federal;
2138-12-31;Véspera de Ano Novo;facultativo;BR;;previsto;Regra de cálculo (Páscoa/data fixa);Ponto facultativo - só vale se a empresa ou a convenção coletiva conceder
2139-01-01;Confraternização Universal;nacional;BR;;lei;Lei federal;
2139-03-02;Segunda-feira de Carnaval;facultativo;BR;;previsto;Regra de cálculo (Páscoa/data fixa);Ponto facultativo - só vale se a empresa ou a convenção coletiva conceder
2139-03-03;Terça-feira de Carnaval;facultativo;BR;;previsto;Regra de cálculo (Páscoa/data fixa);Ponto facultativo - só vale se a empresa ou a convenção coletiva conceder
2139-04-17;Sexta-feira Santa;nacional;BR;;lei;Lei federal (Páscoa calculada);
2139-04-21;Tiradentes;nacional;BR;;lei;Lei federal;
2139-05-01;Dia do Trabalho;nacional;BR;;lei;Lei federal;
2139-05-13;Dia da Padroeira do Município;municipal;Cianorte-PR;;previsto;Padrão dos anos confirmados (TJPR 2025 e 2026);Previsão pela data fixa - confirmar o decreto do ano (pode haver transferência)
2139-06-18;Corpus Christi;facultativo;BR;;previsto;Regra de cálculo (Páscoa/data fixa);Ponto facultativo - só vale se a empresa ou a convenção coletiva conceder
2139-07-26;Aniversário / Emancipação Política do Município;municipal;Cianorte-PR;;previsto;Padrão dos anos confirmados (TJPR 2025 e 2026);Previsão pela data fixa - confirmar o decreto do ano (pode haver transferência)
2139-09-07;Independência do Brasil;nacional;BR;;lei;Lei federal;
2139-10-12;Nossa Senhora Aparecida;nacional;BR;;lei;Lei federal;
2139-11-02;Finados;nacional;BR;;lei;Lei federal;
2139-11-15;Proclamação da República;nacional;BR;;lei;Lei federal;
2139-11-20;Dia Nacional de Zumbi e da Consciência Negra;nacional;BR;;lei;Lei 14.759/2023;
2139-12-19;Emancipação Política do Paraná;estadual;PR;;previsto;Bem Paraná (decisão da Justiça do Trabalho);Segundo a Justiça do Trabalho não é feriado civil (só servidores) - confirmar na convenção coletiva
2139-12-24;Véspera de Natal;facultativo;BR;;previsto;Regra de cálculo (Páscoa/data fixa);Ponto facultativo - só vale se a empresa ou a convenção coletiva conceder
2139-12-25;Natal;nacional;BR;;lei;Lei federal;
2139-12-31;Véspera de Ano Novo;facultativo;BR;;previsto;Regra de cálculo (Páscoa/data fixa);Ponto facultativo - só vale se a empresa ou a convenção coletiva conceder
2140-01-01;Confraternização Universal;nacional;BR;;lei;Lei federal;
2140-02-15;Segunda-feira de Carnaval;facultativo;BR;;previsto;Regra de cálculo (Páscoa/data fixa);Ponto facultativo - só vale se a empresa ou a convenção coletiva conceder
2140-02-16;Terça-feira de Carnaval;facultativo;BR;;previsto;Regra de cálculo (Páscoa/data fixa);Ponto facultativo - só vale se a empresa ou a convenção coletiva conceder
2140-04-01;Sexta-feira Santa;nacional;BR;;lei;Lei federal (Páscoa calculada);
2140-04-21;Tiradentes;nacional;BR;;lei;Lei federal;
2140-05-01;Dia do Trabalho;nacional;BR;;lei;Lei federal;
2140-05-13;Dia da Padroeira do Município;municipal;Cianorte-PR;;previsto;Padrão dos anos confirmados (TJPR 2025 e 2026);Previsão pela data fixa - confirmar o decreto do ano (pode haver transferência)
2140-06-02;Corpus Christi;facultativo;BR;;previsto;Regra de cálculo (Páscoa/data fixa);Ponto facultativo - só vale se a empresa ou a convenção coletiva conceder
2140-07-26;Aniversário / Emancipação Política do Município;municipal;Cianorte-PR;;previsto;Padrão dos anos confirmados (TJPR 2025 e 2026);Previsão pela data fixa - confirmar o decreto do ano (pode haver transferência)
2140-09-07;Independência do Brasil;nacional;BR;;lei;Lei federal;
2140-10-12;Nossa Senhora Aparecida;nacional;BR;;lei;Lei federal;
2140-11-02;Finados;nacional;BR;;lei;Lei federal;
2140-11-15;Proclamação da República;nacional;BR;;lei;Lei federal;
2140-11-20;Dia Nacional de Zumbi e da Consciência Negra;nacional;BR;;lei;Lei 14.759/2023;
2140-12-19;Emancipação Política do Paraná;estadual;PR;;previsto;Bem Paraná (decisão da Justiça do Trabalho);Segundo a Justiça do Trabalho não é feriado civil (só servidores) - confirmar na convenção coletiva
2140-12-24;Véspera de Natal;facultativo;BR;;previsto;Regra de cálculo (Páscoa/data fixa);Ponto facultativo - só vale se a empresa ou a convenção coletiva conceder
2140-12-25;Natal;nacional;BR;;lei;Lei federal;
2140-12-31;Véspera de Ano Novo;facultativo;BR;;previsto;Regra de cálculo (Páscoa/data fixa);Ponto facultativo - só vale se a empresa ou a convenção coletiva conceder
2141-01-01;Confraternização Universal;nacional;BR;;lei;Lei federal;
2141-02-06;Segunda-feira de Carnaval;facultativo;BR;;previsto;Regra de cálculo (Páscoa/data fixa);Ponto facultativo - só vale se a empresa ou a convenção coletiva conceder
2141-02-07;Terça-feira de Carnaval;facultativo;BR;;previsto;Regra de cálculo (Páscoa/data fixa);Ponto facultativo - só vale se a empresa ou a convenção coletiva conceder
2141-03-24;Sexta-feira Santa;nacional;BR;;lei;Lei federal (Páscoa calculada);
2141-04-21;Tiradentes;nacional;BR;;lei;Lei federal;
2141-05-01;Dia do Trabalho;nacional;BR;;lei;Lei federal;
2141-05-13;Dia da Padroeira do Município;municipal;Cianorte-PR;;previsto;Padrão dos anos confirmados (TJPR 2025 e 2026);Previsão pela data fixa - confirmar o decreto do ano (pode haver transferência)
2141-05-25;Corpus Christi;facultativo;BR;;previsto;Regra de cálculo (Páscoa/data fixa);Ponto facultativo - só vale se a empresa ou a convenção coletiva conceder
2141-07-26;Aniversário / Emancipação Política do Município;municipal;Cianorte-PR;;previsto;Padrão dos anos confirmados (TJPR 2025 e 2026);Previsão pela data fixa - confirmar o decreto do ano (pode haver transferência)
2141-09-07;Independência do Brasil;nacional;BR;;lei;Lei federal;
2141-10-12;Nossa Senhora Aparecida;nacional;BR;;lei;Lei federal;
2141-11-02;Finados;nacional;BR;;lei;Lei federal;
2141-11-15;Proclamação da República;nacional;BR;;lei;Lei federal;
2141-11-20;Dia Nacional de Zumbi e da Consciência Negra;nacional;BR;;lei;Lei 14.759/2023;
2141-12-19;Emancipação Política do Paraná;estadual;PR;;previsto;Bem Paraná (decisão da Justiça do Trabalho);Segundo a Justiça do Trabalho não é feriado civil (só servidores) - confirmar na convenção coletiva
2141-12-24;Véspera de Natal;facultativo;BR;;previsto;Regra de cálculo (Páscoa/data fixa);Ponto facultativo - só vale se a empresa ou a convenção coletiva conceder
2141-12-25;Natal;nacional;BR;;lei;Lei federal;
2141-12-31;Véspera de Ano Novo;facultativo;BR;;previsto;Regra de cálculo (Páscoa/data fixa);Ponto facultativo - só vale se a empresa ou a convenção coletiva conceder
2142-01-01;Confraternização Universal;nacional;BR;;lei;Lei federal;
2142-02-26;Segunda-feira de Carnaval;facultativo;BR;;previsto;Regra de cálculo (Páscoa/data fixa);Ponto facultativo - só vale se a empresa ou a convenção coletiva conceder
2142-02-27;Terça-feira de Carnaval;facultativo;BR;;previsto;Regra de cálculo (Páscoa/data fixa);Ponto facultativo - só vale se a empresa ou a convenção coletiva conceder
2142-04-13;Sexta-feira Santa;nacional;BR;;lei;Lei federal (Páscoa calculada);
2142-04-21;Tiradentes;nacional;BR;;lei;Lei federal;
2142-05-01;Dia do Trabalho;nacional;BR;;lei;Lei federal;
2142-05-13;Dia da Padroeira do Município;municipal;Cianorte-PR;;previsto;Padrão dos anos confirmados (TJPR 2025 e 2026);Previsão pela data fixa - confirmar o decreto do ano (pode haver transferência)
2142-06-14;Corpus Christi;facultativo;BR;;previsto;Regra de cálculo (Páscoa/data fixa);Ponto facultativo - só vale se a empresa ou a convenção coletiva conceder
2142-07-26;Aniversário / Emancipação Política do Município;municipal;Cianorte-PR;;previsto;Padrão dos anos confirmados (TJPR 2025 e 2026);Previsão pela data fixa - confirmar o decreto do ano (pode haver transferência)
2142-09-07;Independência do Brasil;nacional;BR;;lei;Lei federal;
2142-10-12;Nossa Senhora Aparecida;nacional;BR;;lei;Lei federal;
2142-11-02;Finados;nacional;BR;;lei;Lei federal;
2142-11-15;Proclamação da República;nacional;BR;;lei;Lei federal;
2142-11-20;Dia Nacional de Zumbi e da Consciência Negra;nacional;BR;;lei;Lei 14.759/2023;
2142-12-19;Emancipação Política do Paraná;estadual;PR;;previsto;Bem Paraná (decisão da Justiça do Trabalho);Segundo a Justiça do Trabalho não é feriado civil (só servidores) - confirmar na convenção coletiva
2142-12-24;Véspera de Natal;facultativo;BR;;previsto;Regra de cálculo (Páscoa/data fixa);Ponto facultativo - só vale se a empresa ou a convenção coletiva conceder
2142-12-25;Natal;nacional;BR;;lei;Lei federal;
2142-12-31;Véspera de Ano Novo;facultativo;BR;;previsto;Regra de cálculo (Páscoa/data fixa);Ponto facultativo - só vale se a empresa ou a convenção coletiva conceder
2143-01-01;Confraternização Universal;nacional;BR;;lei;Lei federal;
2143-02-11;Segunda-feira de Carnaval;facultativo;BR;;previsto;Regra de cálculo (Páscoa/data fixa);Ponto facultativo - só vale se a empresa ou a convenção coletiva conceder
2143-02-12;Terça-feira de Carnaval;facultativo;BR;;previsto;Regra de cálculo (Páscoa/data fixa);Ponto facultativo - só vale se a empresa ou a convenção coletiva conceder
2143-03-29;Sexta-feira Santa;nacional;BR;;lei;Lei federal (Páscoa calculada);
2143-04-21;Tiradentes;nacional;BR;;lei;Lei federal;
2143-05-01;Dia do Trabalho;nacional;BR;;lei;Lei federal;
2143-05-13;Dia da Padroeira do Município;municipal;Cianorte-PR;;previsto;Padrão dos anos confirmados (TJPR 2025 e 2026);Previsão pela data fixa - confirmar o decreto do ano (pode haver transferência)
2143-05-30;Corpus Christi;facultativo;BR;;previsto;Regra de cálculo (Páscoa/data fixa);Ponto facultativo - só vale se a empresa ou a convenção coletiva conceder
2143-07-26;Aniversário / Emancipação Política do Município;municipal;Cianorte-PR;;previsto;Padrão dos anos confirmados (TJPR 2025 e 2026);Previsão pela data fixa - confirmar o decreto do ano (pode haver transferência)
2143-09-07;Independência do Brasil;nacional;BR;;lei;Lei federal;
2143-10-12;Nossa Senhora Aparecida;nacional;BR;;lei;Lei federal;
2143-11-02;Finados;nacional;BR;;lei;Lei federal;
2143-11-15;Proclamação da República;nacional;BR;;lei;Lei federal;
2143-11-20;Dia Nacional de Zumbi e da Consciência Negra;nacional;BR;;lei;Lei 14.759/2023;
2143-12-19;Emancipação Política do Paraná;estadual;PR;;previsto;Bem Paraná (decisão da Justiça do Trabalho);Segundo a Justiça do Trabalho não é feriado civil (só servidores) - confirmar na convenção coletiva
2143-12-24;Véspera de Natal;facultativo;BR;;previsto;Regra de cálculo (Páscoa/data fixa);Ponto facultativo - só vale se a empresa ou a convenção coletiva conceder
2143-12-25;Natal;nacional;BR;;lei;Lei federal;
2143-12-31;Véspera de Ano Novo;facultativo;BR;;previsto;Regra de cálculo (Páscoa/data fixa);Ponto facultativo - só vale se a empresa ou a convenção coletiva conceder
2144-01-01;Confraternização Universal;nacional;BR;;lei;Lei federal;
2144-03-02;Segunda-feira de Carnaval;facultativo;BR;;previsto;Regra de cálculo (Páscoa/data fixa);Ponto facultativo - só vale se a empresa ou a convenção coletiva conceder
2144-03-03;Terça-feira de Carnaval;facultativo;BR;;previsto;Regra de cálculo (Páscoa/data fixa);Ponto facultativo - só vale se a empresa ou a convenção coletiva conceder
2144-04-17;Sexta-feira Santa;nacional;BR;;lei;Lei federal (Páscoa calculada);
2144-04-21;Tiradentes;nacional;BR;;lei;Lei federal;
2144-05-01;Dia do Trabalho;nacional;BR;;lei;Lei federal;
2144-05-13;Dia da Padroeira do Município;municipal;Cianorte-PR;;previsto;Padrão dos anos confirmados (TJPR 2025 e 2026);Previsão pela data fixa - confirmar o decreto do ano (pode haver transferência)
2144-06-18;Corpus Christi;facultativo;BR;;previsto;Regra de cálculo (Páscoa/data fixa);Ponto facultativo - só vale se a empresa ou a convenção coletiva conceder
2144-07-26;Aniversário / Emancipação Política do Município;municipal;Cianorte-PR;;previsto;Padrão dos anos confirmados (TJPR 2025 e 2026);Previsão pela data fixa - confirmar o decreto do ano (pode haver transferência)
2144-09-07;Independência do Brasil;nacional;BR;;lei;Lei federal;
2144-10-12;Nossa Senhora Aparecida;nacional;BR;;lei;Lei federal;
2144-11-02;Finados;nacional;BR;;lei;Lei federal;
2144-11-15;Proclamação da República;nacional;BR;;lei;Lei federal;
2144-11-20;Dia Nacional de Zumbi e da Consciência Negra;nacional;BR;;lei;Lei 14.759/2023;
2144-12-19;Emancipação Política do Paraná;estadual;PR;;previsto;Bem Paraná (decisão da Justiça do Trabalho);Segundo a Justiça do Trabalho não é feriado civil (só servidores) - confirmar na convenção coletiva
2144-12-24;Véspera de Natal;facultativo;BR;;previsto;Regra de cálculo (Páscoa/data fixa);Ponto facultativo - só vale se a empresa ou a convenção coletiva conceder
2144-12-25;Natal;nacional;BR;;lei;Lei federal;
2144-12-31;Véspera de Ano Novo;facultativo;BR;;previsto;Regra de cálculo (Páscoa/data fixa);Ponto facultativo - só vale se a empresa ou a convenção coletiva conceder
2145-01-01;Confraternização Universal;nacional;BR;;lei;Lei federal;
2145-02-22;Segunda-feira de Carnaval;facultativo;BR;;previsto;Regra de cálculo (Páscoa/data fixa);Ponto facultativo - só vale se a empresa ou a convenção coletiva conceder
2145-02-23;Terça-feira de Carnaval;facultativo;BR;;previsto;Regra de cálculo (Páscoa/data fixa);Ponto facultativo - só vale se a empresa ou a convenção coletiva conceder
2145-04-09;Sexta-feira Santa;nacional;BR;;lei;Lei federal (Páscoa calculada);
2145-04-21;Tiradentes;nacional;BR;;lei;Lei federal;
2145-05-01;Dia do Trabalho;nacional;BR;;lei;Lei federal;
2145-05-13;Dia da Padroeira do Município;municipal;Cianorte-PR;;previsto;Padrão dos anos confirmados (TJPR 2025 e 2026);Previsão pela data fixa - confirmar o decreto do ano (pode haver transferência)
2145-06-10;Corpus Christi;facultativo;BR;;previsto;Regra de cálculo (Páscoa/data fixa);Ponto facultativo - só vale se a empresa ou a convenção coletiva conceder
2145-07-26;Aniversário / Emancipação Política do Município;municipal;Cianorte-PR;;previsto;Padrão dos anos confirmados (TJPR 2025 e 2026);Previsão pela data fixa - confirmar o decreto do ano (pode haver transferência)
2145-09-07;Independência do Brasil;nacional;BR;;lei;Lei federal;
2145-10-12;Nossa Senhora Aparecida;nacional;BR;;lei;Lei federal;
2145-11-02;Finados;nacional;BR;;lei;Lei federal;
2145-11-15;Proclamação da República;nacional;BR;;lei;Lei federal;
2145-11-20;Dia Nacional de Zumbi e da Consciência Negra;nacional;BR;;lei;Lei 14.759/2023;
2145-12-19;Emancipação Política do Paraná;estadual;PR;;previsto;Bem Paraná (decisão da Justiça do Trabalho);Segundo a Justiça do Trabalho não é feriado civil (só servidores) - confirmar na convenção coletiva
2145-12-24;Véspera de Natal;facultativo;BR;;previsto;Regra de cálculo (Páscoa/data fixa);Ponto facultativo - só vale se a empresa ou a convenção coletiva conceder
2145-12-25;Natal;nacional;BR;;lei;Lei federal;
2145-12-31;Véspera de Ano Novo;facultativo;BR;;previsto;Regra de cálculo (Páscoa/data fixa);Ponto facultativo - só vale se a empresa ou a convenção coletiva conceder
2146-01-01;Confraternização Universal;nacional;BR;;lei;Lei federal;
2146-02-14;Segunda-feira de Carnaval;facultativo;BR;;previsto;Regra de cálculo (Páscoa/data fixa);Ponto facultativo - só vale se a empresa ou a convenção coletiva conceder
2146-02-15;Terça-feira de Carnaval;facultativo;BR;;previsto;Regra de cálculo (Páscoa/data fixa);Ponto facultativo - só vale se a empresa ou a convenção coletiva conceder
2146-04-01;Sexta-feira Santa;nacional;BR;;lei;Lei federal (Páscoa calculada);
2146-04-21;Tiradentes;nacional;BR;;lei;Lei federal;
2146-05-01;Dia do Trabalho;nacional;BR;;lei;Lei federal;
2146-05-13;Dia da Padroeira do Município;municipal;Cianorte-PR;;previsto;Padrão dos anos confirmados (TJPR 2025 e 2026);Previsão pela data fixa - confirmar o decreto do ano (pode haver transferência)
2146-06-02;Corpus Christi;facultativo;BR;;previsto;Regra de cálculo (Páscoa/data fixa);Ponto facultativo - só vale se a empresa ou a convenção coletiva conceder
2146-07-26;Aniversário / Emancipação Política do Município;municipal;Cianorte-PR;;previsto;Padrão dos anos confirmados (TJPR 2025 e 2026);Previsão pela data fixa - confirmar o decreto do ano (pode haver transferência)
2146-09-07;Independência do Brasil;nacional;BR;;lei;Lei federal;
2146-10-12;Nossa Senhora Aparecida;nacional;BR;;lei;Lei federal;
2146-11-02;Finados;nacional;BR;;lei;Lei federal;
2146-11-15;Proclamação da República;nacional;BR;;lei;Lei federal;
2146-11-20;Dia Nacional de Zumbi e da Consciência Negra;nacional;BR;;lei;Lei 14.759/2023;
2146-12-19;Emancipação Política do Paraná;estadual;PR;;previsto;Bem Paraná (decisão da Justiça do Trabalho);Segundo a Justiça do Trabalho não é feriado civil (só servidores) - confirmar na convenção coletiva
2146-12-24;Véspera de Natal;facultativo;BR;;previsto;Regra de cálculo (Páscoa/data fixa);Ponto facultativo - só vale se a empresa ou a convenção coletiva conceder
2146-12-25;Natal;nacional;BR;;lei;Lei federal;
2146-12-31;Véspera de Ano Novo;facultativo;BR;;previsto;Regra de cálculo (Páscoa/data fixa);Ponto facultativo - só vale se a empresa ou a convenção coletiva conceder
2147-01-01;Confraternização Universal;nacional;BR;;lei;Lei federal;
2147-02-27;Segunda-feira de Carnaval;facultativo;BR;;previsto;Regra de cálculo (Páscoa/data fixa);Ponto facultativo - só vale se a empresa ou a convenção coletiva conceder
2147-02-28;Terça-feira de Carnaval;facultativo;BR;;previsto;Regra de cálculo (Páscoa/data fixa);Ponto facultativo - só vale se a empresa ou a convenção coletiva conceder
2147-04-14;Sexta-feira Santa;nacional;BR;;lei;Lei federal (Páscoa calculada);
2147-04-21;Tiradentes;nacional;BR;;lei;Lei federal;
2147-05-01;Dia do Trabalho;nacional;BR;;lei;Lei federal;
2147-05-13;Dia da Padroeira do Município;municipal;Cianorte-PR;;previsto;Padrão dos anos confirmados (TJPR 2025 e 2026);Previsão pela data fixa - confirmar o decreto do ano (pode haver transferência)
2147-06-15;Corpus Christi;facultativo;BR;;previsto;Regra de cálculo (Páscoa/data fixa);Ponto facultativo - só vale se a empresa ou a convenção coletiva conceder
2147-07-26;Aniversário / Emancipação Política do Município;municipal;Cianorte-PR;;previsto;Padrão dos anos confirmados (TJPR 2025 e 2026);Previsão pela data fixa - confirmar o decreto do ano (pode haver transferência)
2147-09-07;Independência do Brasil;nacional;BR;;lei;Lei federal;
2147-10-12;Nossa Senhora Aparecida;nacional;BR;;lei;Lei federal;
2147-11-02;Finados;nacional;BR;;lei;Lei federal;
2147-11-15;Proclamação da República;nacional;BR;;lei;Lei federal;
2147-11-20;Dia Nacional de Zumbi e da Consciência Negra;nacional;BR;;lei;Lei 14.759/2023;
2147-12-19;Emancipação Política do Paraná;estadual;PR;;previsto;Bem Paraná (decisão da Justiça do Trabalho);Segundo a Justiça do Trabalho não é feriado civil (só servidores) - confirmar na convenção coletiva
2147-12-24;Véspera de Natal;facultativo;BR;;previsto;Regra de cálculo (Páscoa/data fixa);Ponto facultativo - só vale se a empresa ou a convenção coletiva conceder
2147-12-25;Natal;nacional;BR;;lei;Lei federal;
2147-12-31;Véspera de Ano Novo;facultativo;BR;;previsto;Regra de cálculo (Páscoa/data fixa);Ponto facultativo - só vale se a empresa ou a convenção coletiva conceder
2148-01-01;Confraternização Universal;nacional;BR;;lei;Lei federal;
2148-02-19;Segunda-feira de Carnaval;facultativo;BR;;previsto;Regra de cálculo (Páscoa/data fixa);Ponto facultativo - só vale se a empresa ou a convenção coletiva conceder
2148-02-20;Terça-feira de Carnaval;facultativo;BR;;previsto;Regra de cálculo (Páscoa/data fixa);Ponto facultativo - só vale se a empresa ou a convenção coletiva conceder
2148-04-05;Sexta-feira Santa;nacional;BR;;lei;Lei federal (Páscoa calculada);
2148-04-21;Tiradentes;nacional;BR;;lei;Lei federal;
2148-05-01;Dia do Trabalho;nacional;BR;;lei;Lei federal;
2148-05-13;Dia da Padroeira do Município;municipal;Cianorte-PR;;previsto;Padrão dos anos confirmados (TJPR 2025 e 2026);Previsão pela data fixa - confirmar o decreto do ano (pode haver transferência)
2148-06-06;Corpus Christi;facultativo;BR;;previsto;Regra de cálculo (Páscoa/data fixa);Ponto facultativo - só vale se a empresa ou a convenção coletiva conceder
2148-07-26;Aniversário / Emancipação Política do Município;municipal;Cianorte-PR;;previsto;Padrão dos anos confirmados (TJPR 2025 e 2026);Previsão pela data fixa - confirmar o decreto do ano (pode haver transferência)
2148-09-07;Independência do Brasil;nacional;BR;;lei;Lei federal;
2148-10-12;Nossa Senhora Aparecida;nacional;BR;;lei;Lei federal;
2148-11-02;Finados;nacional;BR;;lei;Lei federal;
2148-11-15;Proclamação da República;nacional;BR;;lei;Lei federal;
2148-11-20;Dia Nacional de Zumbi e da Consciência Negra;nacional;BR;;lei;Lei 14.759/2023;
2148-12-19;Emancipação Política do Paraná;estadual;PR;;previsto;Bem Paraná (decisão da Justiça do Trabalho);Segundo a Justiça do Trabalho não é feriado civil (só servidores) - confirmar na convenção coletiva
2148-12-24;Véspera de Natal;facultativo;BR;;previsto;Regra de cálculo (Páscoa/data fixa);Ponto facultativo - só vale se a empresa ou a convenção coletiva conceder
2148-12-25;Natal;nacional;BR;;lei;Lei federal;
2148-12-31;Véspera de Ano Novo;facultativo;BR;;previsto;Regra de cálculo (Páscoa/data fixa);Ponto facultativo - só vale se a empresa ou a convenção coletiva conceder
2149-01-01;Confraternização Universal;nacional;BR;;lei;Lei federal;
2149-02-10;Segunda-feira de Carnaval;facultativo;BR;;previsto;Regra de cálculo (Páscoa/data fixa);Ponto facultativo - só vale se a empresa ou a convenção coletiva conceder
2149-02-11;Terça-feira de Carnaval;facultativo;BR;;previsto;Regra de cálculo (Páscoa/data fixa);Ponto facultativo - só vale se a empresa ou a convenção coletiva conceder
2149-03-28;Sexta-feira Santa;nacional;BR;;lei;Lei federal (Páscoa calculada);
2149-04-21;Tiradentes;nacional;BR;;lei;Lei federal;
2149-05-01;Dia do Trabalho;nacional;BR;;lei;Lei federal;
2149-05-13;Dia da Padroeira do Município;municipal;Cianorte-PR;;previsto;Padrão dos anos confirmados (TJPR 2025 e 2026);Previsão pela data fixa - confirmar o decreto do ano (pode haver transferência)
2149-05-29;Corpus Christi;facultativo;BR;;previsto;Regra de cálculo (Páscoa/data fixa);Ponto facultativo - só vale se a empresa ou a convenção coletiva conceder
2149-07-26;Aniversário / Emancipação Política do Município;municipal;Cianorte-PR;;previsto;Padrão dos anos confirmados (TJPR 2025 e 2026);Previsão pela data fixa - confirmar o decreto do ano (pode haver transferência)
2149-09-07;Independência do Brasil;nacional;BR;;lei;Lei federal;
2149-10-12;Nossa Senhora Aparecida;nacional;BR;;lei;Lei federal;
2149-11-02;Finados;nacional;BR;;lei;Lei federal;
2149-11-15;Proclamação da República;nacional;BR;;lei;Lei federal;
2149-11-20;Dia Nacional de Zumbi e da Consciência Negra;nacional;BR;;lei;Lei 14.759/2023;
2149-12-19;Emancipação Política do Paraná;estadual;PR;;previsto;Bem Paraná (decisão da Justiça do Trabalho);Segundo a Justiça do Trabalho não é feriado civil (só servidores) - confirmar na convenção coletiva
2149-12-24;Véspera de Natal;facultativo;BR;;previsto;Regra de cálculo (Páscoa/data fixa);Ponto facultativo - só vale se a empresa ou a convenção coletiva conceder
2149-12-25;Natal;nacional;BR;;lei;Lei federal;
2149-12-31;Véspera de Ano Novo;facultativo;BR;;previsto;Regra de cálculo (Páscoa/data fixa);Ponto facultativo - só vale se a empresa ou a convenção coletiva conceder
2150-01-01;Confraternização Universal;nacional;BR;;lei;Lei federal;
2150-02-23;Segunda-feira de Carnaval;facultativo;BR;;previsto;Regra de cálculo (Páscoa/data fixa);Ponto facultativo - só vale se a empresa ou a convenção coletiva conceder
2150-02-24;Terça-feira de Carnaval;facultativo;BR;;previsto;Regra de cálculo (Páscoa/data fixa);Ponto facultativo - só vale se a empresa ou a convenção coletiva conceder
2150-04-10;Sexta-feira Santa;nacional;BR;;lei;Lei federal (Páscoa calculada);
2150-04-21;Tiradentes;nacional;BR;;lei;Lei federal;
2150-05-01;Dia do Trabalho;nacional;BR;;lei;Lei federal;
2150-05-13;Dia da Padroeira do Município;municipal;Cianorte-PR;;previsto;Padrão dos anos confirmados (TJPR 2025 e 2026);Previsão pela data fixa - confirmar o decreto do ano (pode haver transferência)
2150-06-11;Corpus Christi;facultativo;BR;;previsto;Regra de cálculo (Páscoa/data fixa);Ponto facultativo - só vale se a empresa ou a convenção coletiva conceder
2150-07-26;Aniversário / Emancipação Política do Município;municipal;Cianorte-PR;;previsto;Padrão dos anos confirmados (TJPR 2025 e 2026);Previsão pela data fixa - confirmar o decreto do ano (pode haver transferência)
2150-09-07;Independência do Brasil;nacional;BR;;lei;Lei federal;
2150-10-12;Nossa Senhora Aparecida;nacional;BR;;lei;Lei federal;
2150-11-02;Finados;nacional;BR;;lei;Lei federal;
2150-11-15;Proclamação da República;nacional;BR;;lei;Lei federal;
2150-11-20;Dia Nacional de Zumbi e da Consciência Negra;nacional;BR;;lei;Lei 14.759/2023;
2150-12-19;Emancipação Política do Paraná;estadual;PR;;previsto;Bem Paraná (decisão da Justiça do Trabalho);Segundo a Justiça do Trabalho não é feriado civil (só servidores) - confirmar na convenção coletiva
2150-12-24;Véspera de Natal;facultativo;BR;;previsto;Regra de cálculo (Páscoa/data fixa);Ponto facultativo - só vale se a empresa ou a convenção coletiva conceder
2150-12-25;Natal;nacional;BR;;lei;Lei federal;
2150-12-31;Véspera de Ano Novo;facultativo;BR;;previsto;Regra de cálculo (Páscoa/data fixa);Ponto facultativo - só vale se a empresa ou a convenção coletiva conceder
2151-01-01;Confraternização Universal;nacional;BR;;lei;Lei federal;
2151-02-15;Segunda-feira de Carnaval;facultativo;BR;;previsto;Regra de cálculo (Páscoa/data fixa);Ponto facultativo - só vale se a empresa ou a convenção coletiva conceder
2151-02-16;Terça-feira de Carnaval;facultativo;BR;;previsto;Regra de cálculo (Páscoa/data fixa);Ponto facultativo - só vale se a empresa ou a convenção coletiva conceder
2151-04-02;Sexta-feira Santa;nacional;BR;;lei;Lei federal (Páscoa calculada);
2151-04-21;Tiradentes;nacional;BR;;lei;Lei federal;
2151-05-01;Dia do Trabalho;nacional;BR;;lei;Lei federal;
2151-05-13;Dia da Padroeira do Município;municipal;Cianorte-PR;;previsto;Padrão dos anos confirmados (TJPR 2025 e 2026);Previsão pela data fixa - confirmar o decreto do ano (pode haver transferência)
2151-06-03;Corpus Christi;facultativo;BR;;previsto;Regra de cálculo (Páscoa/data fixa);Ponto facultativo - só vale se a empresa ou a convenção coletiva conceder
2151-07-26;Aniversário / Emancipação Política do Município;municipal;Cianorte-PR;;previsto;Padrão dos anos confirmados (TJPR 2025 e 2026);Previsão pela data fixa - confirmar o decreto do ano (pode haver transferência)
2151-09-07;Independência do Brasil;nacional;BR;;lei;Lei federal;
2151-10-12;Nossa Senhora Aparecida;nacional;BR;;lei;Lei federal;
2151-11-02;Finados;nacional;BR;;lei;Lei federal;
2151-11-15;Proclamação da República;nacional;BR;;lei;Lei federal;
2151-11-20;Dia Nacional de Zumbi e da Consciência Negra;nacional;BR;;lei;Lei 14.759/2023;
2151-12-19;Emancipação Política do Paraná;estadual;PR;;previsto;Bem Paraná (decisão da Justiça do Trabalho);Segundo a Justiça do Trabalho não é feriado civil (só servidores) - confirmar na convenção coletiva
2151-12-24;Véspera de Natal;facultativo;BR;;previsto;Regra de cálculo (Páscoa/data fixa);Ponto facultativo - só vale se a empresa ou a convenção coletiva conceder
2151-12-25;Natal;nacional;BR;;lei;Lei federal;
2151-12-31;Véspera de Ano Novo;facultativo;BR;;previsto;Regra de cálculo (Páscoa/data fixa);Ponto facultativo - só vale se a empresa ou a convenção coletiva conceder
2152-01-01;Confraternização Universal;nacional;BR;;lei;Lei federal;
2152-03-06;Segunda-feira de Carnaval;facultativo;BR;;previsto;Regra de cálculo (Páscoa/data fixa);Ponto facultativo - só vale se a empresa ou a convenção coletiva conceder
2152-03-07;Terça-feira de Carnaval;facultativo;BR;;previsto;Regra de cálculo (Páscoa/data fixa);Ponto facultativo - só vale se a empresa ou a convenção coletiva conceder
2152-04-21;Sexta-feira Santa;nacional;BR;;lei;Lei federal (Páscoa calculada);
2152-04-21;Tiradentes;nacional;BR;;lei;Lei federal;
2152-05-01;Dia do Trabalho;nacional;BR;;lei;Lei federal;
2152-05-13;Dia da Padroeira do Município;municipal;Cianorte-PR;;previsto;Padrão dos anos confirmados (TJPR 2025 e 2026);Previsão pela data fixa - confirmar o decreto do ano (pode haver transferência)
2152-06-22;Corpus Christi;facultativo;BR;;previsto;Regra de cálculo (Páscoa/data fixa);Ponto facultativo - só vale se a empresa ou a convenção coletiva conceder
2152-07-26;Aniversário / Emancipação Política do Município;municipal;Cianorte-PR;;previsto;Padrão dos anos confirmados (TJPR 2025 e 2026);Previsão pela data fixa - confirmar o decreto do ano (pode haver transferência)
2152-09-07;Independência do Brasil;nacional;BR;;lei;Lei federal;
2152-10-12;Nossa Senhora Aparecida;nacional;BR;;lei;Lei federal;
2152-11-02;Finados;nacional;BR;;lei;Lei federal;
2152-11-15;Proclamação da República;nacional;BR;;lei;Lei federal;
2152-11-20;Dia Nacional de Zumbi e da Consciência Negra;nacional;BR;;lei;Lei 14.759/2023;
2152-12-19;Emancipação Política do Paraná;estadual;PR;;previsto;Bem Paraná (decisão da Justiça do Trabalho);Segundo a Justiça do Trabalho não é feriado civil (só servidores) - confirmar na convenção coletiva
2152-12-24;Véspera de Natal;facultativo;BR;;previsto;Regra de cálculo (Páscoa/data fixa);Ponto facultativo - só vale se a empresa ou a convenção coletiva conceder
2152-12-25;Natal;nacional;BR;;lei;Lei federal;
2152-12-31;Véspera de Ano Novo;facultativo;BR;;previsto;Regra de cálculo (Páscoa/data fixa);Ponto facultativo - só vale se a empresa ou a convenção coletiva conceder
2153-01-01;Confraternização Universal;nacional;BR;;lei;Lei federal;
2153-02-26;Segunda-feira de Carnaval;facultativo;BR;;previsto;Regra de cálculo (Páscoa/data fixa);Ponto facultativo - só vale se a empresa ou a convenção coletiva conceder
2153-02-27;Terça-feira de Carnaval;facultativo;BR;;previsto;Regra de cálculo (Páscoa/data fixa);Ponto facultativo - só vale se a empresa ou a convenção coletiva conceder
2153-04-13;Sexta-feira Santa;nacional;BR;;lei;Lei federal (Páscoa calculada);
2153-04-21;Tiradentes;nacional;BR;;lei;Lei federal;
2153-05-01;Dia do Trabalho;nacional;BR;;lei;Lei federal;
2153-05-13;Dia da Padroeira do Município;municipal;Cianorte-PR;;previsto;Padrão dos anos confirmados (TJPR 2025 e 2026);Previsão pela data fixa - confirmar o decreto do ano (pode haver transferência)
2153-06-14;Corpus Christi;facultativo;BR;;previsto;Regra de cálculo (Páscoa/data fixa);Ponto facultativo - só vale se a empresa ou a convenção coletiva conceder
2153-07-26;Aniversário / Emancipação Política do Município;municipal;Cianorte-PR;;previsto;Padrão dos anos confirmados (TJPR 2025 e 2026);Previsão pela data fixa - confirmar o decreto do ano (pode haver transferência)
2153-09-07;Independência do Brasil;nacional;BR;;lei;Lei federal;
2153-10-12;Nossa Senhora Aparecida;nacional;BR;;lei;Lei federal;
2153-11-02;Finados;nacional;BR;;lei;Lei federal;
2153-11-15;Proclamação da República;nacional;BR;;lei;Lei federal;
2153-11-20;Dia Nacional de Zumbi e da Consciência Negra;nacional;BR;;lei;Lei 14.759/2023;
2153-12-19;Emancipação Política do Paraná;estadual;PR;;previsto;Bem Paraná (decisão da Justiça do Trabalho);Segundo a Justiça do Trabalho não é feriado civil (só servidores) - confirmar na convenção coletiva
2153-12-24;Véspera de Natal;facultativo;BR;;previsto;Regra de cálculo (Páscoa/data fixa);Ponto facultativo - só vale se a empresa ou a convenção coletiva conceder
2153-12-25;Natal;nacional;BR;;lei;Lei federal;
2153-12-31;Véspera de Ano Novo;facultativo;BR;;previsto;Regra de cálculo (Páscoa/data fixa);Ponto facultativo - só vale se a empresa ou a convenção coletiva conceder
2154-01-01;Confraternização Universal;nacional;BR;;lei;Lei federal;
2154-02-11;Segunda-feira de Carnaval;facultativo;BR;;previsto;Regra de cálculo (Páscoa/data fixa);Ponto facultativo - só vale se a empresa ou a convenção coletiva conceder
2154-02-12;Terça-feira de Carnaval;facultativo;BR;;previsto;Regra de cálculo (Páscoa/data fixa);Ponto facultativo - só vale se a empresa ou a convenção coletiva conceder
2154-03-29;Sexta-feira Santa;nacional;BR;;lei;Lei federal (Páscoa calculada);
2154-04-21;Tiradentes;nacional;BR;;lei;Lei federal;
2154-05-01;Dia do Trabalho;nacional;BR;;lei;Lei federal;
2154-05-13;Dia da Padroeira do Município;municipal;Cianorte-PR;;previsto;Padrão dos anos confirmados (TJPR 2025 e 2026);Previsão pela data fixa - confirmar o decreto do ano (pode haver transferência)
2154-05-30;Corpus Christi;facultativo;BR;;previsto;Regra de cálculo (Páscoa/data fixa);Ponto facultativo - só vale se a empresa ou a convenção coletiva conceder
2154-07-26;Aniversário / Emancipação Política do Município;municipal;Cianorte-PR;;previsto;Padrão dos anos confirmados (TJPR 2025 e 2026);Previsão pela data fixa - confirmar o decreto do ano (pode haver transferência)
2154-09-07;Independência do Brasil;nacional;BR;;lei;Lei federal;
2154-10-12;Nossa Senhora Aparecida;nacional;BR;;lei;Lei federal;
2154-11-02;Finados;nacional;BR;;lei;Lei federal;
2154-11-15;Proclamação da República;nacional;BR;;lei;Lei federal;
2154-11-20;Dia Nacional de Zumbi e da Consciência Negra;nacional;BR;;lei;Lei 14.759/2023;
2154-12-19;Emancipação Política do Paraná;estadual;PR;;previsto;Bem Paraná (decisão da Justiça do Trabalho);Segundo a Justiça do Trabalho não é feriado civil (só servidores) - confirmar na convenção coletiva
2154-12-24;Véspera de Natal;facultativo;BR;;previsto;Regra de cálculo (Páscoa/data fixa);Ponto facultativo - só vale se a empresa ou a convenção coletiva conceder
2154-12-25;Natal;nacional;BR;;lei;Lei federal;
2154-12-31;Véspera de Ano Novo;facultativo;BR;;previsto;Regra de cálculo (Páscoa/data fixa);Ponto facultativo - só vale se a empresa ou a convenção coletiva conceder
2155-01-01;Confraternização Universal;nacional;BR;;lei;Lei federal;
2155-03-03;Segunda-feira de Carnaval;facultativo;BR;;previsto;Regra de cálculo (Páscoa/data fixa);Ponto facultativo - só vale se a empresa ou a convenção coletiva conceder
2155-03-04;Terça-feira de Carnaval;facultativo;BR;;previsto;Regra de cálculo (Páscoa/data fixa);Ponto facultativo - só vale se a empresa ou a convenção coletiva conceder
2155-04-18;Sexta-feira Santa;nacional;BR;;lei;Lei federal (Páscoa calculada);
2155-04-21;Tiradentes;nacional;BR;;lei;Lei federal;
2155-05-01;Dia do Trabalho;nacional;BR;;lei;Lei federal;
2155-05-13;Dia da Padroeira do Município;municipal;Cianorte-PR;;previsto;Padrão dos anos confirmados (TJPR 2025 e 2026);Previsão pela data fixa - confirmar o decreto do ano (pode haver transferência)
2155-06-19;Corpus Christi;facultativo;BR;;previsto;Regra de cálculo (Páscoa/data fixa);Ponto facultativo - só vale se a empresa ou a convenção coletiva conceder
2155-07-26;Aniversário / Emancipação Política do Município;municipal;Cianorte-PR;;previsto;Padrão dos anos confirmados (TJPR 2025 e 2026);Previsão pela data fixa - confirmar o decreto do ano (pode haver transferência)
2155-09-07;Independência do Brasil;nacional;BR;;lei;Lei federal;
2155-10-12;Nossa Senhora Aparecida;nacional;BR;;lei;Lei federal;
2155-11-02;Finados;nacional;BR;;lei;Lei federal;
2155-11-15;Proclamação da República;nacional;BR;;lei;Lei federal;
2155-11-20;Dia Nacional de Zumbi e da Consciência Negra;nacional;BR;;lei;Lei 14.759/2023;
2155-12-19;Emancipação Política do Paraná;estadual;PR;;previsto;Bem Paraná (decisão da Justiça do Trabalho);Segundo a Justiça do Trabalho não é feriado civil (só servidores) - confirmar na convenção coletiva
2155-12-24;Véspera de Natal;facultativo;BR;;previsto;Regra de cálculo (Páscoa/data fixa);Ponto facultativo - só vale se a empresa ou a convenção coletiva conceder
2155-12-25;Natal;nacional;BR;;lei;Lei federal;
2155-12-31;Véspera de Ano Novo;facultativo;BR;;previsto;Regra de cálculo (Páscoa/data fixa);Ponto facultativo - só vale se a empresa ou a convenção coletiva conceder
2156-01-01;Confraternização Universal;nacional;BR;;lei;Lei federal;
2156-02-23;Segunda-feira de Carnaval;facultativo;BR;;previsto;Regra de cálculo (Páscoa/data fixa);Ponto facultativo - só vale se a empresa ou a convenção coletiva conceder
2156-02-24;Terça-feira de Carnaval;facultativo;BR;;previsto;Regra de cálculo (Páscoa/data fixa);Ponto facultativo - só vale se a empresa ou a convenção coletiva conceder
2156-04-09;Sexta-feira Santa;nacional;BR;;lei;Lei federal (Páscoa calculada);
2156-04-21;Tiradentes;nacional;BR;;lei;Lei federal;
2156-05-01;Dia do Trabalho;nacional;BR;;lei;Lei federal;
2156-05-13;Dia da Padroeira do Município;municipal;Cianorte-PR;;previsto;Padrão dos anos confirmados (TJPR 2025 e 2026);Previsão pela data fixa - confirmar o decreto do ano (pode haver transferência)
2156-06-10;Corpus Christi;facultativo;BR;;previsto;Regra de cálculo (Páscoa/data fixa);Ponto facultativo - só vale se a empresa ou a convenção coletiva conceder
2156-07-26;Aniversário / Emancipação Política do Município;municipal;Cianorte-PR;;previsto;Padrão dos anos confirmados (TJPR 2025 e 2026);Previsão pela data fixa - confirmar o decreto do ano (pode haver transferência)
2156-09-07;Independência do Brasil;nacional;BR;;lei;Lei federal;
2156-10-12;Nossa Senhora Aparecida;nacional;BR;;lei;Lei federal;
2156-11-02;Finados;nacional;BR;;lei;Lei federal;
2156-11-15;Proclamação da República;nacional;BR;;lei;Lei federal;
2156-11-20;Dia Nacional de Zumbi e da Consciência Negra;nacional;BR;;lei;Lei 14.759/2023;
2156-12-19;Emancipação Política do Paraná;estadual;PR;;previsto;Bem Paraná (decisão da Justiça do Trabalho);Segundo a Justiça do Trabalho não é feriado civil (só servidores) - confirmar na convenção coletiva
2156-12-24;Véspera de Natal;facultativo;BR;;previsto;Regra de cálculo (Páscoa/data fixa);Ponto facultativo - só vale se a empresa ou a convenção coletiva conceder
2156-12-25;Natal;nacional;BR;;lei;Lei federal;
2156-12-31;Véspera de Ano Novo;facultativo;BR;;previsto;Regra de cálculo (Páscoa/data fixa);Ponto facultativo - só vale se a empresa ou a convenção coletiva conceder
2157-01-01;Confraternização Universal;nacional;BR;;lei;Lei federal;
2157-02-07;Segunda-feira de Carnaval;facultativo;BR;;previsto;Regra de cálculo (Páscoa/data fixa);Ponto facultativo - só vale se a empresa ou a convenção coletiva conceder
2157-02-08;Terça-feira de Carnaval;facultativo;BR;;previsto;Regra de cálculo (Páscoa/data fixa);Ponto facultativo - só vale se a empresa ou a convenção coletiva conceder
2157-03-25;Sexta-feira Santa;nacional;BR;;lei;Lei federal (Páscoa calculada);
2157-04-21;Tiradentes;nacional;BR;;lei;Lei federal;
2157-05-01;Dia do Trabalho;nacional;BR;;lei;Lei federal;
2157-05-13;Dia da Padroeira do Município;municipal;Cianorte-PR;;previsto;Padrão dos anos confirmados (TJPR 2025 e 2026);Previsão pela data fixa - confirmar o decreto do ano (pode haver transferência)
2157-05-26;Corpus Christi;facultativo;BR;;previsto;Regra de cálculo (Páscoa/data fixa);Ponto facultativo - só vale se a empresa ou a convenção coletiva conceder
2157-07-26;Aniversário / Emancipação Política do Município;municipal;Cianorte-PR;;previsto;Padrão dos anos confirmados (TJPR 2025 e 2026);Previsão pela data fixa - confirmar o decreto do ano (pode haver transferência)
2157-09-07;Independência do Brasil;nacional;BR;;lei;Lei federal;
2157-10-12;Nossa Senhora Aparecida;nacional;BR;;lei;Lei federal;
2157-11-02;Finados;nacional;BR;;lei;Lei federal;
2157-11-15;Proclamação da República;nacional;BR;;lei;Lei federal;
2157-11-20;Dia Nacional de Zumbi e da Consciência Negra;nacional;BR;;lei;Lei 14.759/2023;
2157-12-19;Emancipação Política do Paraná;estadual;PR;;previsto;Bem Paraná (decisão da Justiça do Trabalho);Segundo a Justiça do Trabalho não é feriado civil (só servidores) - confirmar na convenção coletiva
2157-12-24;Véspera de Natal;facultativo;BR;;previsto;Regra de cálculo (Páscoa/data fixa);Ponto facultativo - só vale se a empresa ou a convenção coletiva conceder
2157-12-25;Natal;nacional;BR;;lei;Lei federal;
2157-12-31;Véspera de Ano Novo;facultativo;BR;;previsto;Regra de cálculo (Páscoa/data fixa);Ponto facultativo - só vale se a empresa ou a convenção coletiva conceder
2158-01-01;Confraternização Universal;nacional;BR;;lei;Lei federal;
2158-02-27;Segunda-feira de Carnaval;facultativo;BR;;previsto;Regra de cálculo (Páscoa/data fixa);Ponto facultativo - só vale se a empresa ou a convenção coletiva conceder
2158-02-28;Terça-feira de Carnaval;facultativo;BR;;previsto;Regra de cálculo (Páscoa/data fixa);Ponto facultativo - só vale se a empresa ou a convenção coletiva conceder
2158-04-14;Sexta-feira Santa;nacional;BR;;lei;Lei federal (Páscoa calculada);
2158-04-21;Tiradentes;nacional;BR;;lei;Lei federal;
2158-05-01;Dia do Trabalho;nacional;BR;;lei;Lei federal;
2158-05-13;Dia da Padroeira do Município;municipal;Cianorte-PR;;previsto;Padrão dos anos confirmados (TJPR 2025 e 2026);Previsão pela data fixa - confirmar o decreto do ano (pode haver transferência)
2158-06-15;Corpus Christi;facultativo;BR;;previsto;Regra de cálculo (Páscoa/data fixa);Ponto facultativo - só vale se a empresa ou a convenção coletiva conceder
2158-07-26;Aniversário / Emancipação Política do Município;municipal;Cianorte-PR;;previsto;Padrão dos anos confirmados (TJPR 2025 e 2026);Previsão pela data fixa - confirmar o decreto do ano (pode haver transferência)
2158-09-07;Independência do Brasil;nacional;BR;;lei;Lei federal;
2158-10-12;Nossa Senhora Aparecida;nacional;BR;;lei;Lei federal;
2158-11-02;Finados;nacional;BR;;lei;Lei federal;
2158-11-15;Proclamação da República;nacional;BR;;lei;Lei federal;
2158-11-20;Dia Nacional de Zumbi e da Consciência Negra;nacional;BR;;lei;Lei 14.759/2023;
2158-12-19;Emancipação Política do Paraná;estadual;PR;;previsto;Bem Paraná (decisão da Justiça do Trabalho);Segundo a Justiça do Trabalho não é feriado civil (só servidores) - confirmar na convenção coletiva
2158-12-24;Véspera de Natal;facultativo;BR;;previsto;Regra de cálculo (Páscoa/data fixa);Ponto facultativo - só vale se a empresa ou a convenção coletiva conceder
2158-12-25;Natal;nacional;BR;;lei;Lei federal;
2158-12-31;Véspera de Ano Novo;facultativo;BR;;previsto;Regra de cálculo (Páscoa/data fixa);Ponto facultativo - só vale se a empresa ou a convenção coletiva conceder
2159-01-01;Confraternização Universal;nacional;BR;;lei;Lei federal;
2159-02-19;Segunda-feira de Carnaval;facultativo;BR;;previsto;Regra de cálculo (Páscoa/data fixa);Ponto facultativo - só vale se a empresa ou a convenção coletiva conceder
2159-02-20;Terça-feira de Carnaval;facultativo;BR;;previsto;Regra de cálculo (Páscoa/data fixa);Ponto facultativo - só vale se a empresa ou a convenção coletiva conceder
2159-04-06;Sexta-feira Santa;nacional;BR;;lei;Lei federal (Páscoa calculada);
2159-04-21;Tiradentes;nacional;BR;;lei;Lei federal;
2159-05-01;Dia do Trabalho;nacional;BR;;lei;Lei federal;
2159-05-13;Dia da Padroeira do Município;municipal;Cianorte-PR;;previsto;Padrão dos anos confirmados (TJPR 2025 e 2026);Previsão pela data fixa - confirmar o decreto do ano (pode haver transferência)
2159-06-07;Corpus Christi;facultativo;BR;;previsto;Regra de cálculo (Páscoa/data fixa);Ponto facultativo - só vale se a empresa ou a convenção coletiva conceder
2159-07-26;Aniversário / Emancipação Política do Município;municipal;Cianorte-PR;;previsto;Padrão dos anos confirmados (TJPR 2025 e 2026);Previsão pela data fixa - confirmar o decreto do ano (pode haver transferência)
2159-09-07;Independência do Brasil;nacional;BR;;lei;Lei federal;
2159-10-12;Nossa Senhora Aparecida;nacional;BR;;lei;Lei federal;
2159-11-02;Finados;nacional;BR;;lei;Lei federal;
2159-11-15;Proclamação da República;nacional;BR;;lei;Lei federal;
2159-11-20;Dia Nacional de Zumbi e da Consciência Negra;nacional;BR;;lei;Lei 14.759/2023;
2159-12-19;Emancipação Política do Paraná;estadual;PR;;previsto;Bem Paraná (decisão da Justiça do Trabalho);Segundo a Justiça do Trabalho não é feriado civil (só servidores) - confirmar na convenção coletiva
2159-12-24;Véspera de Natal;facultativo;BR;;previsto;Regra de cálculo (Páscoa/data fixa);Ponto facultativo - só vale se a empresa ou a convenção coletiva conceder
2159-12-25;Natal;nacional;BR;;lei;Lei federal;
2159-12-31;Véspera de Ano Novo;facultativo;BR;;previsto;Regra de cálculo (Páscoa/data fixa);Ponto facultativo - só vale se a empresa ou a convenção coletiva conceder
2160-01-01;Confraternização Universal;nacional;BR;;lei;Lei federal;
2160-02-04;Segunda-feira de Carnaval;facultativo;BR;;previsto;Regra de cálculo (Páscoa/data fixa);Ponto facultativo - só vale se a empresa ou a convenção coletiva conceder
2160-02-05;Terça-feira de Carnaval;facultativo;BR;;previsto;Regra de cálculo (Páscoa/data fixa);Ponto facultativo - só vale se a empresa ou a convenção coletiva conceder
2160-03-21;Sexta-feira Santa;nacional;BR;;lei;Lei federal (Páscoa calculada);
2160-04-21;Tiradentes;nacional;BR;;lei;Lei federal;
2160-05-01;Dia do Trabalho;nacional;BR;;lei;Lei federal;
2160-05-13;Dia da Padroeira do Município;municipal;Cianorte-PR;;previsto;Padrão dos anos confirmados (TJPR 2025 e 2026);Previsão pela data fixa - confirmar o decreto do ano (pode haver transferência)
2160-05-22;Corpus Christi;facultativo;BR;;previsto;Regra de cálculo (Páscoa/data fixa);Ponto facultativo - só vale se a empresa ou a convenção coletiva conceder
2160-07-26;Aniversário / Emancipação Política do Município;municipal;Cianorte-PR;;previsto;Padrão dos anos confirmados (TJPR 2025 e 2026);Previsão pela data fixa - confirmar o decreto do ano (pode haver transferência)
2160-09-07;Independência do Brasil;nacional;BR;;lei;Lei federal;
2160-10-12;Nossa Senhora Aparecida;nacional;BR;;lei;Lei federal;
2160-11-02;Finados;nacional;BR;;lei;Lei federal;
2160-11-15;Proclamação da República;nacional;BR;;lei;Lei federal;
2160-11-20;Dia Nacional de Zumbi e da Consciência Negra;nacional;BR;;lei;Lei 14.759/2023;
2160-12-19;Emancipação Política do Paraná;estadual;PR;;previsto;Bem Paraná (decisão da Justiça do Trabalho);Segundo a Justiça do Trabalho não é feriado civil (só servidores) - confirmar na convenção coletiva
2160-12-24;Véspera de Natal;facultativo;BR;;previsto;Regra de cálculo (Páscoa/data fixa);Ponto facultativo - só vale se a empresa ou a convenção coletiva conceder
2160-12-25;Natal;nacional;BR;;lei;Lei federal;
2160-12-31;Véspera de Ano Novo;facultativo;BR;;previsto;Regra de cálculo (Páscoa/data fixa);Ponto facultativo - só vale se a empresa ou a convenção coletiva conceder
2161-01-01;Confraternização Universal;nacional;BR;;lei;Lei federal;
2161-02-23;Segunda-feira de Carnaval;facultativo;BR;;previsto;Regra de cálculo (Páscoa/data fixa);Ponto facultativo - só vale se a empresa ou a convenção coletiva conceder
2161-02-24;Terça-feira de Carnaval;facultativo;BR;;previsto;Regra de cálculo (Páscoa/data fixa);Ponto facultativo - só vale se a empresa ou a convenção coletiva conceder
2161-04-10;Sexta-feira Santa;nacional;BR;;lei;Lei federal (Páscoa calculada);
2161-04-21;Tiradentes;nacional;BR;;lei;Lei federal;
2161-05-01;Dia do Trabalho;nacional;BR;;lei;Lei federal;
2161-05-13;Dia da Padroeira do Município;municipal;Cianorte-PR;;previsto;Padrão dos anos confirmados (TJPR 2025 e 2026);Previsão pela data fixa - confirmar o decreto do ano (pode haver transferência)
2161-06-11;Corpus Christi;facultativo;BR;;previsto;Regra de cálculo (Páscoa/data fixa);Ponto facultativo - só vale se a empresa ou a convenção coletiva conceder
2161-07-26;Aniversário / Emancipação Política do Município;municipal;Cianorte-PR;;previsto;Padrão dos anos confirmados (TJPR 2025 e 2026);Previsão pela data fixa - confirmar o decreto do ano (pode haver transferência)
2161-09-07;Independência do Brasil;nacional;BR;;lei;Lei federal;
2161-10-12;Nossa Senhora Aparecida;nacional;BR;;lei;Lei federal;
2161-11-02;Finados;nacional;BR;;lei;Lei federal;
2161-11-15;Proclamação da República;nacional;BR;;lei;Lei federal;
2161-11-20;Dia Nacional de Zumbi e da Consciência Negra;nacional;BR;;lei;Lei 14.759/2023;
2161-12-19;Emancipação Política do Paraná;estadual;PR;;previsto;Bem Paraná (decisão da Justiça do Trabalho);Segundo a Justiça do Trabalho não é feriado civil (só servidores) - confirmar na convenção coletiva
2161-12-24;Véspera de Natal;facultativo;BR;;previsto;Regra de cálculo (Páscoa/data fixa);Ponto facultativo - só vale se a empresa ou a convenção coletiva conceder
2161-12-25;Natal;nacional;BR;;lei;Lei federal;
2161-12-31;Véspera de Ano Novo;facultativo;BR;;previsto;Regra de cálculo (Páscoa/data fixa);Ponto facultativo - só vale se a empresa ou a convenção coletiva conceder
2162-01-01;Confraternização Universal;nacional;BR;;lei;Lei federal;
2162-02-15;Segunda-feira de Carnaval;facultativo;BR;;previsto;Regra de cálculo (Páscoa/data fixa);Ponto facultativo - só vale se a empresa ou a convenção coletiva conceder
2162-02-16;Terça-feira de Carnaval;facultativo;BR;;previsto;Regra de cálculo (Páscoa/data fixa);Ponto facultativo - só vale se a empresa ou a convenção coletiva conceder
2162-04-02;Sexta-feira Santa;nacional;BR;;lei;Lei federal (Páscoa calculada);
2162-04-21;Tiradentes;nacional;BR;;lei;Lei federal;
2162-05-01;Dia do Trabalho;nacional;BR;;lei;Lei federal;
2162-05-13;Dia da Padroeira do Município;municipal;Cianorte-PR;;previsto;Padrão dos anos confirmados (TJPR 2025 e 2026);Previsão pela data fixa - confirmar o decreto do ano (pode haver transferência)
2162-06-03;Corpus Christi;facultativo;BR;;previsto;Regra de cálculo (Páscoa/data fixa);Ponto facultativo - só vale se a empresa ou a convenção coletiva conceder
2162-07-26;Aniversário / Emancipação Política do Município;municipal;Cianorte-PR;;previsto;Padrão dos anos confirmados (TJPR 2025 e 2026);Previsão pela data fixa - confirmar o decreto do ano (pode haver transferência)
2162-09-07;Independência do Brasil;nacional;BR;;lei;Lei federal;
2162-10-12;Nossa Senhora Aparecida;nacional;BR;;lei;Lei federal;
2162-11-02;Finados;nacional;BR;;lei;Lei federal;
2162-11-15;Proclamação da República;nacional;BR;;lei;Lei federal;
2162-11-20;Dia Nacional de Zumbi e da Consciência Negra;nacional;BR;;lei;Lei 14.759/2023;
2162-12-19;Emancipação Política do Paraná;estadual;PR;;previsto;Bem Paraná (decisão da Justiça do Trabalho);Segundo a Justiça do Trabalho não é feriado civil (só servidores) - confirmar na convenção coletiva
2162-12-24;Véspera de Natal;facultativo;BR;;previsto;Regra de cálculo (Páscoa/data fixa);Ponto facultativo - só vale se a empresa ou a convenção coletiva conceder
2162-12-25;Natal;nacional;BR;;lei;Lei federal;
2162-12-31;Véspera de Ano Novo;facultativo;BR;;previsto;Regra de cálculo (Páscoa/data fixa);Ponto facultativo - só vale se a empresa ou a convenção coletiva conceder
2163-01-01;Confraternização Universal;nacional;BR;;lei;Lei federal;
2163-03-07;Segunda-feira de Carnaval;facultativo;BR;;previsto;Regra de cálculo (Páscoa/data fixa);Ponto facultativo - só vale se a empresa ou a convenção coletiva conceder
2163-03-08;Terça-feira de Carnaval;facultativo;BR;;previsto;Regra de cálculo (Páscoa/data fixa);Ponto facultativo - só vale se a empresa ou a convenção coletiva conceder
2163-04-21;Tiradentes;nacional;BR;;lei;Lei federal;
2163-04-22;Sexta-feira Santa;nacional;BR;;lei;Lei federal (Páscoa calculada);
2163-05-01;Dia do Trabalho;nacional;BR;;lei;Lei federal;
2163-05-13;Dia da Padroeira do Município;municipal;Cianorte-PR;;previsto;Padrão dos anos confirmados (TJPR 2025 e 2026);Previsão pela data fixa - confirmar o decreto do ano (pode haver transferência)
2163-06-23;Corpus Christi;facultativo;BR;;previsto;Regra de cálculo (Páscoa/data fixa);Ponto facultativo - só vale se a empresa ou a convenção coletiva conceder
2163-07-26;Aniversário / Emancipação Política do Município;municipal;Cianorte-PR;;previsto;Padrão dos anos confirmados (TJPR 2025 e 2026);Previsão pela data fixa - confirmar o decreto do ano (pode haver transferência)
2163-09-07;Independência do Brasil;nacional;BR;;lei;Lei federal;
2163-10-12;Nossa Senhora Aparecida;nacional;BR;;lei;Lei federal;
2163-11-02;Finados;nacional;BR;;lei;Lei federal;
2163-11-15;Proclamação da República;nacional;BR;;lei;Lei federal;
2163-11-20;Dia Nacional de Zumbi e da Consciência Negra;nacional;BR;;lei;Lei 14.759/2023;
2163-12-19;Emancipação Política do Paraná;estadual;PR;;previsto;Bem Paraná (decisão da Justiça do Trabalho);Segundo a Justiça do Trabalho não é feriado civil (só servidores) - confirmar na convenção coletiva
2163-12-24;Véspera de Natal;facultativo;BR;;previsto;Regra de cálculo (Páscoa/data fixa);Ponto facultativo - só vale se a empresa ou a convenção coletiva conceder
2163-12-25;Natal;nacional;BR;;lei;Lei federal;
2163-12-31;Véspera de Ano Novo;facultativo;BR;;previsto;Regra de cálculo (Páscoa/data fixa);Ponto facultativo - só vale se a empresa ou a convenção coletiva conceder
2164-01-01;Confraternização Universal;nacional;BR;;lei;Lei federal;
2164-02-20;Segunda-feira de Carnaval;facultativo;BR;;previsto;Regra de cálculo (Páscoa/data fixa);Ponto facultativo - só vale se a empresa ou a convenção coletiva conceder
2164-02-21;Terça-feira de Carnaval;facultativo;BR;;previsto;Regra de cálculo (Páscoa/data fixa);Ponto facultativo - só vale se a empresa ou a convenção coletiva conceder
2164-04-06;Sexta-feira Santa;nacional;BR;;lei;Lei federal (Páscoa calculada);
2164-04-21;Tiradentes;nacional;BR;;lei;Lei federal;
2164-05-01;Dia do Trabalho;nacional;BR;;lei;Lei federal;
2164-05-13;Dia da Padroeira do Município;municipal;Cianorte-PR;;previsto;Padrão dos anos confirmados (TJPR 2025 e 2026);Previsão pela data fixa - confirmar o decreto do ano (pode haver transferência)
2164-06-07;Corpus Christi;facultativo;BR;;previsto;Regra de cálculo (Páscoa/data fixa);Ponto facultativo - só vale se a empresa ou a convenção coletiva conceder
2164-07-26;Aniversário / Emancipação Política do Município;municipal;Cianorte-PR;;previsto;Padrão dos anos confirmados (TJPR 2025 e 2026);Previsão pela data fixa - confirmar o decreto do ano (pode haver transferência)
2164-09-07;Independência do Brasil;nacional;BR;;lei;Lei federal;
2164-10-12;Nossa Senhora Aparecida;nacional;BR;;lei;Lei federal;
2164-11-02;Finados;nacional;BR;;lei;Lei federal;
2164-11-15;Proclamação da República;nacional;BR;;lei;Lei federal;
2164-11-20;Dia Nacional de Zumbi e da Consciência Negra;nacional;BR;;lei;Lei 14.759/2023;
2164-12-19;Emancipação Política do Paraná;estadual;PR;;previsto;Bem Paraná (decisão da Justiça do Trabalho);Segundo a Justiça do Trabalho não é feriado civil (só servidores) - confirmar na convenção coletiva
2164-12-24;Véspera de Natal;facultativo;BR;;previsto;Regra de cálculo (Páscoa/data fixa);Ponto facultativo - só vale se a empresa ou a convenção coletiva conceder
2164-12-25;Natal;nacional;BR;;lei;Lei federal;
2164-12-31;Véspera de Ano Novo;facultativo;BR;;previsto;Regra de cálculo (Páscoa/data fixa);Ponto facultativo - só vale se a empresa ou a convenção coletiva conceder
2165-01-01;Confraternização Universal;nacional;BR;;lei;Lei federal;
2165-02-11;Segunda-feira de Carnaval;facultativo;BR;;previsto;Regra de cálculo (Páscoa/data fixa);Ponto facultativo - só vale se a empresa ou a convenção coletiva conceder
2165-02-12;Terça-feira de Carnaval;facultativo;BR;;previsto;Regra de cálculo (Páscoa/data fixa);Ponto facultativo - só vale se a empresa ou a convenção coletiva conceder
2165-03-29;Sexta-feira Santa;nacional;BR;;lei;Lei federal (Páscoa calculada);
2165-04-21;Tiradentes;nacional;BR;;lei;Lei federal;
2165-05-01;Dia do Trabalho;nacional;BR;;lei;Lei federal;
2165-05-13;Dia da Padroeira do Município;municipal;Cianorte-PR;;previsto;Padrão dos anos confirmados (TJPR 2025 e 2026);Previsão pela data fixa - confirmar o decreto do ano (pode haver transferência)
2165-05-30;Corpus Christi;facultativo;BR;;previsto;Regra de cálculo (Páscoa/data fixa);Ponto facultativo - só vale se a empresa ou a convenção coletiva conceder
2165-07-26;Aniversário / Emancipação Política do Município;municipal;Cianorte-PR;;previsto;Padrão dos anos confirmados (TJPR 2025 e 2026);Previsão pela data fixa - confirmar o decreto do ano (pode haver transferência)
2165-09-07;Independência do Brasil;nacional;BR;;lei;Lei federal;
2165-10-12;Nossa Senhora Aparecida;nacional;BR;;lei;Lei federal;
2165-11-02;Finados;nacional;BR;;lei;Lei federal;
2165-11-15;Proclamação da República;nacional;BR;;lei;Lei federal;
2165-11-20;Dia Nacional de Zumbi e da Consciência Negra;nacional;BR;;lei;Lei 14.759/2023;
2165-12-19;Emancipação Política do Paraná;estadual;PR;;previsto;Bem Paraná (decisão da Justiça do Trabalho);Segundo a Justiça do Trabalho não é feriado civil (só servidores) - confirmar na convenção coletiva
2165-12-24;Véspera de Natal;facultativo;BR;;previsto;Regra de cálculo (Páscoa/data fixa);Ponto facultativo - só vale se a empresa ou a convenção coletiva conceder
2165-12-25;Natal;nacional;BR;;lei;Lei federal;
2165-12-31;Véspera de Ano Novo;facultativo;BR;;previsto;Regra de cálculo (Páscoa/data fixa);Ponto facultativo - só vale se a empresa ou a convenção coletiva conceder
2166-01-01;Confraternização Universal;nacional;BR;;lei;Lei federal;
2166-03-03;Segunda-feira de Carnaval;facultativo;BR;;previsto;Regra de cálculo (Páscoa/data fixa);Ponto facultativo - só vale se a empresa ou a convenção coletiva conceder
2166-03-04;Terça-feira de Carnaval;facultativo;BR;;previsto;Regra de cálculo (Páscoa/data fixa);Ponto facultativo - só vale se a empresa ou a convenção coletiva conceder
2166-04-18;Sexta-feira Santa;nacional;BR;;lei;Lei federal (Páscoa calculada);
2166-04-21;Tiradentes;nacional;BR;;lei;Lei federal;
2166-05-01;Dia do Trabalho;nacional;BR;;lei;Lei federal;
2166-05-13;Dia da Padroeira do Município;municipal;Cianorte-PR;;previsto;Padrão dos anos confirmados (TJPR 2025 e 2026);Previsão pela data fixa - confirmar o decreto do ano (pode haver transferência)
2166-06-19;Corpus Christi;facultativo;BR;;previsto;Regra de cálculo (Páscoa/data fixa);Ponto facultativo - só vale se a empresa ou a convenção coletiva conceder
2166-07-26;Aniversário / Emancipação Política do Município;municipal;Cianorte-PR;;previsto;Padrão dos anos confirmados (TJPR 2025 e 2026);Previsão pela data fixa - confirmar o decreto do ano (pode haver transferência)
2166-09-07;Independência do Brasil;nacional;BR;;lei;Lei federal;
2166-10-12;Nossa Senhora Aparecida;nacional;BR;;lei;Lei federal;
2166-11-02;Finados;nacional;BR;;lei;Lei federal;
2166-11-15;Proclamação da República;nacional;BR;;lei;Lei federal;
2166-11-20;Dia Nacional de Zumbi e da Consciência Negra;nacional;BR;;lei;Lei 14.759/2023;
2166-12-19;Emancipação Política do Paraná;estadual;PR;;previsto;Bem Paraná (decisão da Justiça do Trabalho);Segundo a Justiça do Trabalho não é feriado civil (só servidores) - confirmar na convenção coletiva
2166-12-24;Véspera de Natal;facultativo;BR;;previsto;Regra de cálculo (Páscoa/data fixa);Ponto facultativo - só vale se a empresa ou a convenção coletiva conceder
2166-12-25;Natal;nacional;BR;;lei;Lei federal;
2166-12-31;Véspera de Ano Novo;facultativo;BR;;previsto;Regra de cálculo (Páscoa/data fixa);Ponto facultativo - só vale se a empresa ou a convenção coletiva conceder
2167-01-01;Confraternização Universal;nacional;BR;;lei;Lei federal;
2167-02-16;Segunda-feira de Carnaval;facultativo;BR;;previsto;Regra de cálculo (Páscoa/data fixa);Ponto facultativo - só vale se a empresa ou a convenção coletiva conceder
2167-02-17;Terça-feira de Carnaval;facultativo;BR;;previsto;Regra de cálculo (Páscoa/data fixa);Ponto facultativo - só vale se a empresa ou a convenção coletiva conceder
2167-04-03;Sexta-feira Santa;nacional;BR;;lei;Lei federal (Páscoa calculada);
2167-04-21;Tiradentes;nacional;BR;;lei;Lei federal;
2167-05-01;Dia do Trabalho;nacional;BR;;lei;Lei federal;
2167-05-13;Dia da Padroeira do Município;municipal;Cianorte-PR;;previsto;Padrão dos anos confirmados (TJPR 2025 e 2026);Previsão pela data fixa - confirmar o decreto do ano (pode haver transferência)
2167-06-04;Corpus Christi;facultativo;BR;;previsto;Regra de cálculo (Páscoa/data fixa);Ponto facultativo - só vale se a empresa ou a convenção coletiva conceder
2167-07-26;Aniversário / Emancipação Política do Município;municipal;Cianorte-PR;;previsto;Padrão dos anos confirmados (TJPR 2025 e 2026);Previsão pela data fixa - confirmar o decreto do ano (pode haver transferência)
2167-09-07;Independência do Brasil;nacional;BR;;lei;Lei federal;
2167-10-12;Nossa Senhora Aparecida;nacional;BR;;lei;Lei federal;
2167-11-02;Finados;nacional;BR;;lei;Lei federal;
2167-11-15;Proclamação da República;nacional;BR;;lei;Lei federal;
2167-11-20;Dia Nacional de Zumbi e da Consciência Negra;nacional;BR;;lei;Lei 14.759/2023;
2167-12-19;Emancipação Política do Paraná;estadual;PR;;previsto;Bem Paraná (decisão da Justiça do Trabalho);Segundo a Justiça do Trabalho não é feriado civil (só servidores) - confirmar na convenção coletiva
2167-12-24;Véspera de Natal;facultativo;BR;;previsto;Regra de cálculo (Páscoa/data fixa);Ponto facultativo - só vale se a empresa ou a convenção coletiva conceder
2167-12-25;Natal;nacional;BR;;lei;Lei federal;
2167-12-31;Véspera de Ano Novo;facultativo;BR;;previsto;Regra de cálculo (Páscoa/data fixa);Ponto facultativo - só vale se a empresa ou a convenção coletiva conceder
2168-01-01;Confraternização Universal;nacional;BR;;lei;Lei federal;
2168-02-08;Segunda-feira de Carnaval;facultativo;BR;;previsto;Regra de cálculo (Páscoa/data fixa);Ponto facultativo - só vale se a empresa ou a convenção coletiva conceder
2168-02-09;Terça-feira de Carnaval;facultativo;BR;;previsto;Regra de cálculo (Páscoa/data fixa);Ponto facultativo - só vale se a empresa ou a convenção coletiva conceder
2168-03-25;Sexta-feira Santa;nacional;BR;;lei;Lei federal (Páscoa calculada);
2168-04-21;Tiradentes;nacional;BR;;lei;Lei federal;
2168-05-01;Dia do Trabalho;nacional;BR;;lei;Lei federal;
2168-05-13;Dia da Padroeira do Município;municipal;Cianorte-PR;;previsto;Padrão dos anos confirmados (TJPR 2025 e 2026);Previsão pela data fixa - confirmar o decreto do ano (pode haver transferência)
2168-05-26;Corpus Christi;facultativo;BR;;previsto;Regra de cálculo (Páscoa/data fixa);Ponto facultativo - só vale se a empresa ou a convenção coletiva conceder
2168-07-26;Aniversário / Emancipação Política do Município;municipal;Cianorte-PR;;previsto;Padrão dos anos confirmados (TJPR 2025 e 2026);Previsão pela data fixa - confirmar o decreto do ano (pode haver transferência)
2168-09-07;Independência do Brasil;nacional;BR;;lei;Lei federal;
2168-10-12;Nossa Senhora Aparecida;nacional;BR;;lei;Lei federal;
2168-11-02;Finados;nacional;BR;;lei;Lei federal;
2168-11-15;Proclamação da República;nacional;BR;;lei;Lei federal;
2168-11-20;Dia Nacional de Zumbi e da Consciência Negra;nacional;BR;;lei;Lei 14.759/2023;
2168-12-19;Emancipação Política do Paraná;estadual;PR;;previsto;Bem Paraná (decisão da Justiça do Trabalho);Segundo a Justiça do Trabalho não é feriado civil (só servidores) - confirmar na convenção coletiva
2168-12-24;Véspera de Natal;facultativo;BR;;previsto;Regra de cálculo (Páscoa/data fixa);Ponto facultativo - só vale se a empresa ou a convenção coletiva conceder
2168-12-25;Natal;nacional;BR;;lei;Lei federal;
2168-12-31;Véspera de Ano Novo;facultativo;BR;;previsto;Regra de cálculo (Páscoa/data fixa);Ponto facultativo - só vale se a empresa ou a convenção coletiva conceder
2169-01-01;Confraternização Universal;nacional;BR;;lei;Lei federal;
2169-02-27;Segunda-feira de Carnaval;facultativo;BR;;previsto;Regra de cálculo (Páscoa/data fixa);Ponto facultativo - só vale se a empresa ou a convenção coletiva conceder
2169-02-28;Terça-feira de Carnaval;facultativo;BR;;previsto;Regra de cálculo (Páscoa/data fixa);Ponto facultativo - só vale se a empresa ou a convenção coletiva conceder
2169-04-14;Sexta-feira Santa;nacional;BR;;lei;Lei federal (Páscoa calculada);
2169-04-21;Tiradentes;nacional;BR;;lei;Lei federal;
2169-05-01;Dia do Trabalho;nacional;BR;;lei;Lei federal;
2169-05-13;Dia da Padroeira do Município;municipal;Cianorte-PR;;previsto;Padrão dos anos confirmados (TJPR 2025 e 2026);Previsão pela data fixa - confirmar o decreto do ano (pode haver transferência)
2169-06-15;Corpus Christi;facultativo;BR;;previsto;Regra de cálculo (Páscoa/data fixa);Ponto facultativo - só vale se a empresa ou a convenção coletiva conceder
2169-07-26;Aniversário / Emancipação Política do Município;municipal;Cianorte-PR;;previsto;Padrão dos anos confirmados (TJPR 2025 e 2026);Previsão pela data fixa - confirmar o decreto do ano (pode haver transferência)
2169-09-07;Independência do Brasil;nacional;BR;;lei;Lei federal;
2169-10-12;Nossa Senhora Aparecida;nacional;BR;;lei;Lei federal;
2169-11-02;Finados;nacional;BR;;lei;Lei federal;
2169-11-15;Proclamação da República;nacional;BR;;lei;Lei federal;
2169-11-20;Dia Nacional de Zumbi e da Consciência Negra;nacional;BR;;lei;Lei 14.759/2023;
2169-12-19;Emancipação Política do Paraná;estadual;PR;;previsto;Bem Paraná (decisão da Justiça do Trabalho);Segundo a Justiça do Trabalho não é feriado civil (só servidores) - confirmar na convenção coletiva
2169-12-24;Véspera de Natal;facultativo;BR;;previsto;Regra de cálculo (Páscoa/data fixa);Ponto facultativo - só vale se a empresa ou a convenção coletiva conceder
2169-12-25;Natal;nacional;BR;;lei;Lei federal;
2169-12-31;Véspera de Ano Novo;facultativo;BR;;previsto;Regra de cálculo (Páscoa/data fixa);Ponto facultativo - só vale se a empresa ou a convenção coletiva conceder
2170-01-01;Confraternização Universal;nacional;BR;;lei;Lei federal;
2170-02-12;Segunda-feira de Carnaval;facultativo;BR;;previsto;Regra de cálculo (Páscoa/data fixa);Ponto facultativo - só vale se a empresa ou a convenção coletiva conceder
2170-02-13;Terça-feira de Carnaval;facultativo;BR;;previsto;Regra de cálculo (Páscoa/data fixa);Ponto facultativo - só vale se a empresa ou a convenção coletiva conceder
2170-03-30;Sexta-feira Santa;nacional;BR;;lei;Lei federal (Páscoa calculada);
2170-04-21;Tiradentes;nacional;BR;;lei;Lei federal;
2170-05-01;Dia do Trabalho;nacional;BR;;lei;Lei federal;
2170-05-13;Dia da Padroeira do Município;municipal;Cianorte-PR;;previsto;Padrão dos anos confirmados (TJPR 2025 e 2026);Previsão pela data fixa - confirmar o decreto do ano (pode haver transferência)
2170-05-31;Corpus Christi;facultativo;BR;;previsto;Regra de cálculo (Páscoa/data fixa);Ponto facultativo - só vale se a empresa ou a convenção coletiva conceder
2170-07-26;Aniversário / Emancipação Política do Município;municipal;Cianorte-PR;;previsto;Padrão dos anos confirmados (TJPR 2025 e 2026);Previsão pela data fixa - confirmar o decreto do ano (pode haver transferência)
2170-09-07;Independência do Brasil;nacional;BR;;lei;Lei federal;
2170-10-12;Nossa Senhora Aparecida;nacional;BR;;lei;Lei federal;
2170-11-02;Finados;nacional;BR;;lei;Lei federal;
2170-11-15;Proclamação da República;nacional;BR;;lei;Lei federal;
2170-11-20;Dia Nacional de Zumbi e da Consciência Negra;nacional;BR;;lei;Lei 14.759/2023;
2170-12-19;Emancipação Política do Paraná;estadual;PR;;previsto;Bem Paraná (decisão da Justiça do Trabalho);Segundo a Justiça do Trabalho não é feriado civil (só servidores) - confirmar na convenção coletiva
2170-12-24;Véspera de Natal;facultativo;BR;;previsto;Regra de cálculo (Páscoa/data fixa);Ponto facultativo - só vale se a empresa ou a convenção coletiva conceder
2170-12-25;Natal;nacional;BR;;lei;Lei federal;
2170-12-31;Véspera de Ano Novo;facultativo;BR;;previsto;Regra de cálculo (Páscoa/data fixa);Ponto facultativo - só vale se a empresa ou a convenção coletiva conceder
2171-01-01;Confraternização Universal;nacional;BR;;lei;Lei federal;
2171-03-04;Segunda-feira de Carnaval;facultativo;BR;;previsto;Regra de cálculo (Páscoa/data fixa);Ponto facultativo - só vale se a empresa ou a convenção coletiva conceder
2171-03-05;Terça-feira de Carnaval;facultativo;BR;;previsto;Regra de cálculo (Páscoa/data fixa);Ponto facultativo - só vale se a empresa ou a convenção coletiva conceder
2171-04-19;Sexta-feira Santa;nacional;BR;;lei;Lei federal (Páscoa calculada);
2171-04-21;Tiradentes;nacional;BR;;lei;Lei federal;
2171-05-01;Dia do Trabalho;nacional;BR;;lei;Lei federal;
2171-05-13;Dia da Padroeira do Município;municipal;Cianorte-PR;;previsto;Padrão dos anos confirmados (TJPR 2025 e 2026);Previsão pela data fixa - confirmar o decreto do ano (pode haver transferência)
2171-06-20;Corpus Christi;facultativo;BR;;previsto;Regra de cálculo (Páscoa/data fixa);Ponto facultativo - só vale se a empresa ou a convenção coletiva conceder
2171-07-26;Aniversário / Emancipação Política do Município;municipal;Cianorte-PR;;previsto;Padrão dos anos confirmados (TJPR 2025 e 2026);Previsão pela data fixa - confirmar o decreto do ano (pode haver transferência)
2171-09-07;Independência do Brasil;nacional;BR;;lei;Lei federal;
2171-10-12;Nossa Senhora Aparecida;nacional;BR;;lei;Lei federal;
2171-11-02;Finados;nacional;BR;;lei;Lei federal;
2171-11-15;Proclamação da República;nacional;BR;;lei;Lei federal;
2171-11-20;Dia Nacional de Zumbi e da Consciência Negra;nacional;BR;;lei;Lei 14.759/2023;
2171-12-19;Emancipação Política do Paraná;estadual;PR;;previsto;Bem Paraná (decisão da Justiça do Trabalho);Segundo a Justiça do Trabalho não é feriado civil (só servidores) - confirmar na convenção coletiva
2171-12-24;Véspera de Natal;facultativo;BR;;previsto;Regra de cálculo (Páscoa/data fixa);Ponto facultativo - só vale se a empresa ou a convenção coletiva conceder
2171-12-25;Natal;nacional;BR;;lei;Lei federal;
2171-12-31;Véspera de Ano Novo;facultativo;BR;;previsto;Regra de cálculo (Páscoa/data fixa);Ponto facultativo - só vale se a empresa ou a convenção coletiva conceder
2172-01-01;Confraternização Universal;nacional;BR;;lei;Lei federal;
2172-02-24;Segunda-feira de Carnaval;facultativo;BR;;previsto;Regra de cálculo (Páscoa/data fixa);Ponto facultativo - só vale se a empresa ou a convenção coletiva conceder
2172-02-25;Terça-feira de Carnaval;facultativo;BR;;previsto;Regra de cálculo (Páscoa/data fixa);Ponto facultativo - só vale se a empresa ou a convenção coletiva conceder
2172-04-10;Sexta-feira Santa;nacional;BR;;lei;Lei federal (Páscoa calculada);
2172-04-21;Tiradentes;nacional;BR;;lei;Lei federal;
2172-05-01;Dia do Trabalho;nacional;BR;;lei;Lei federal;
2172-05-13;Dia da Padroeira do Município;municipal;Cianorte-PR;;previsto;Padrão dos anos confirmados (TJPR 2025 e 2026);Previsão pela data fixa - confirmar o decreto do ano (pode haver transferência)
2172-06-11;Corpus Christi;facultativo;BR;;previsto;Regra de cálculo (Páscoa/data fixa);Ponto facultativo - só vale se a empresa ou a convenção coletiva conceder
2172-07-26;Aniversário / Emancipação Política do Município;municipal;Cianorte-PR;;previsto;Padrão dos anos confirmados (TJPR 2025 e 2026);Previsão pela data fixa - confirmar o decreto do ano (pode haver transferência)
2172-09-07;Independência do Brasil;nacional;BR;;lei;Lei federal;
2172-10-12;Nossa Senhora Aparecida;nacional;BR;;lei;Lei federal;
2172-11-02;Finados;nacional;BR;;lei;Lei federal;
2172-11-15;Proclamação da República;nacional;BR;;lei;Lei federal;
2172-11-20;Dia Nacional de Zumbi e da Consciência Negra;nacional;BR;;lei;Lei 14.759/2023;
2172-12-19;Emancipação Política do Paraná;estadual;PR;;previsto;Bem Paraná (decisão da Justiça do Trabalho);Segundo a Justiça do Trabalho não é feriado civil (só servidores) - confirmar na convenção coletiva
2172-12-24;Véspera de Natal;facultativo;BR;;previsto;Regra de cálculo (Páscoa/data fixa);Ponto facultativo - só vale se a empresa ou a convenção coletiva conceder
2172-12-25;Natal;nacional;BR;;lei;Lei federal;
2172-12-31;Véspera de Ano Novo;facultativo;BR;;previsto;Regra de cálculo (Páscoa/data fixa);Ponto facultativo - só vale se a empresa ou a convenção coletiva conceder
2173-01-01;Confraternização Universal;nacional;BR;;lei;Lei federal;
2173-02-15;Segunda-feira de Carnaval;facultativo;BR;;previsto;Regra de cálculo (Páscoa/data fixa);Ponto facultativo - só vale se a empresa ou a convenção coletiva conceder
2173-02-16;Terça-feira de Carnaval;facultativo;BR;;previsto;Regra de cálculo (Páscoa/data fixa);Ponto facultativo - só vale se a empresa ou a convenção coletiva conceder
2173-04-02;Sexta-feira Santa;nacional;BR;;lei;Lei federal (Páscoa calculada);
2173-04-21;Tiradentes;nacional;BR;;lei;Lei federal;
2173-05-01;Dia do Trabalho;nacional;BR;;lei;Lei federal;
2173-05-13;Dia da Padroeira do Município;municipal;Cianorte-PR;;previsto;Padrão dos anos confirmados (TJPR 2025 e 2026);Previsão pela data fixa - confirmar o decreto do ano (pode haver transferência)
2173-06-03;Corpus Christi;facultativo;BR;;previsto;Regra de cálculo (Páscoa/data fixa);Ponto facultativo - só vale se a empresa ou a convenção coletiva conceder
2173-07-26;Aniversário / Emancipação Política do Município;municipal;Cianorte-PR;;previsto;Padrão dos anos confirmados (TJPR 2025 e 2026);Previsão pela data fixa - confirmar o decreto do ano (pode haver transferência)
2173-09-07;Independência do Brasil;nacional;BR;;lei;Lei federal;
2173-10-12;Nossa Senhora Aparecida;nacional;BR;;lei;Lei federal;
2173-11-02;Finados;nacional;BR;;lei;Lei federal;
2173-11-15;Proclamação da República;nacional;BR;;lei;Lei federal;
2173-11-20;Dia Nacional de Zumbi e da Consciência Negra;nacional;BR;;lei;Lei 14.759/2023;
2173-12-19;Emancipação Política do Paraná;estadual;PR;;previsto;Bem Paraná (decisão da Justiça do Trabalho);Segundo a Justiça do Trabalho não é feriado civil (só servidores) - confirmar na convenção coletiva
2173-12-24;Véspera de Natal;facultativo;BR;;previsto;Regra de cálculo (Páscoa/data fixa);Ponto facultativo - só vale se a empresa ou a convenção coletiva conceder
2173-12-25;Natal;nacional;BR;;lei;Lei federal;
2173-12-31;Véspera de Ano Novo;facultativo;BR;;previsto;Regra de cálculo (Páscoa/data fixa);Ponto facultativo - só vale se a empresa ou a convenção coletiva conceder
2174-01-01;Confraternização Universal;nacional;BR;;lei;Lei federal;
2174-02-28;Segunda-feira de Carnaval;facultativo;BR;;previsto;Regra de cálculo (Páscoa/data fixa);Ponto facultativo - só vale se a empresa ou a convenção coletiva conceder
2174-03-01;Terça-feira de Carnaval;facultativo;BR;;previsto;Regra de cálculo (Páscoa/data fixa);Ponto facultativo - só vale se a empresa ou a convenção coletiva conceder
2174-04-15;Sexta-feira Santa;nacional;BR;;lei;Lei federal (Páscoa calculada);
2174-04-21;Tiradentes;nacional;BR;;lei;Lei federal;
2174-05-01;Dia do Trabalho;nacional;BR;;lei;Lei federal;
2174-05-13;Dia da Padroeira do Município;municipal;Cianorte-PR;;previsto;Padrão dos anos confirmados (TJPR 2025 e 2026);Previsão pela data fixa - confirmar o decreto do ano (pode haver transferência)
2174-06-16;Corpus Christi;facultativo;BR;;previsto;Regra de cálculo (Páscoa/data fixa);Ponto facultativo - só vale se a empresa ou a convenção coletiva conceder
2174-07-26;Aniversário / Emancipação Política do Município;municipal;Cianorte-PR;;previsto;Padrão dos anos confirmados (TJPR 2025 e 2026);Previsão pela data fixa - confirmar o decreto do ano (pode haver transferência)
2174-09-07;Independência do Brasil;nacional;BR;;lei;Lei federal;
2174-10-12;Nossa Senhora Aparecida;nacional;BR;;lei;Lei federal;
2174-11-02;Finados;nacional;BR;;lei;Lei federal;
2174-11-15;Proclamação da República;nacional;BR;;lei;Lei federal;
2174-11-20;Dia Nacional de Zumbi e da Consciência Negra;nacional;BR;;lei;Lei 14.759/2023;
2174-12-19;Emancipação Política do Paraná;estadual;PR;;previsto;Bem Paraná (decisão da Justiça do Trabalho);Segundo a Justiça do Trabalho não é feriado civil (só servidores) - confirmar na convenção coletiva
2174-12-24;Véspera de Natal;facultativo;BR;;previsto;Regra de cálculo (Páscoa/data fixa);Ponto facultativo - só vale se a empresa ou a convenção coletiva conceder
2174-12-25;Natal;nacional;BR;;lei;Lei federal;
2174-12-31;Véspera de Ano Novo;facultativo;BR;;previsto;Regra de cálculo (Páscoa/data fixa);Ponto facultativo - só vale se a empresa ou a convenção coletiva conceder
2175-01-01;Confraternização Universal;nacional;BR;;lei;Lei federal;
2175-02-20;Segunda-feira de Carnaval;facultativo;BR;;previsto;Regra de cálculo (Páscoa/data fixa);Ponto facultativo - só vale se a empresa ou a convenção coletiva conceder
2175-02-21;Terça-feira de Carnaval;facultativo;BR;;previsto;Regra de cálculo (Páscoa/data fixa);Ponto facultativo - só vale se a empresa ou a convenção coletiva conceder
2175-04-07;Sexta-feira Santa;nacional;BR;;lei;Lei federal (Páscoa calculada);
2175-04-21;Tiradentes;nacional;BR;;lei;Lei federal;
2175-05-01;Dia do Trabalho;nacional;BR;;lei;Lei federal;
2175-05-13;Dia da Padroeira do Município;municipal;Cianorte-PR;;previsto;Padrão dos anos confirmados (TJPR 2025 e 2026);Previsão pela data fixa - confirmar o decreto do ano (pode haver transferência)
2175-06-08;Corpus Christi;facultativo;BR;;previsto;Regra de cálculo (Páscoa/data fixa);Ponto facultativo - só vale se a empresa ou a convenção coletiva conceder
2175-07-26;Aniversário / Emancipação Política do Município;municipal;Cianorte-PR;;previsto;Padrão dos anos confirmados (TJPR 2025 e 2026);Previsão pela data fixa - confirmar o decreto do ano (pode haver transferência)
2175-09-07;Independência do Brasil;nacional;BR;;lei;Lei federal;
2175-10-12;Nossa Senhora Aparecida;nacional;BR;;lei;Lei federal;
2175-11-02;Finados;nacional;BR;;lei;Lei federal;
2175-11-15;Proclamação da República;nacional;BR;;lei;Lei federal;
2175-11-20;Dia Nacional de Zumbi e da Consciência Negra;nacional;BR;;lei;Lei 14.759/2023;
2175-12-19;Emancipação Política do Paraná;estadual;PR;;previsto;Bem Paraná (decisão da Justiça do Trabalho);Segundo a Justiça do Trabalho não é feriado civil (só servidores) - confirmar na convenção coletiva
2175-12-24;Véspera de Natal;facultativo;BR;;previsto;Regra de cálculo (Páscoa/data fixa);Ponto facultativo - só vale se a empresa ou a convenção coletiva conceder
2175-12-25;Natal;nacional;BR;;lei;Lei federal;
2175-12-31;Véspera de Ano Novo;facultativo;BR;;previsto;Regra de cálculo (Páscoa/data fixa);Ponto facultativo - só vale se a empresa ou a convenção coletiva conceder
2176-01-01;Confraternização Universal;nacional;BR;;lei;Lei federal;
2176-02-12;Segunda-feira de Carnaval;facultativo;BR;;previsto;Regra de cálculo (Páscoa/data fixa);Ponto facultativo - só vale se a empresa ou a convenção coletiva conceder
2176-02-13;Terça-feira de Carnaval;facultativo;BR;;previsto;Regra de cálculo (Páscoa/data fixa);Ponto facultativo - só vale se a empresa ou a convenção coletiva conceder
2176-03-29;Sexta-feira Santa;nacional;BR;;lei;Lei federal (Páscoa calculada);
2176-04-21;Tiradentes;nacional;BR;;lei;Lei federal;
2176-05-01;Dia do Trabalho;nacional;BR;;lei;Lei federal;
2176-05-13;Dia da Padroeira do Município;municipal;Cianorte-PR;;previsto;Padrão dos anos confirmados (TJPR 2025 e 2026);Previsão pela data fixa - confirmar o decreto do ano (pode haver transferência)
2176-05-30;Corpus Christi;facultativo;BR;;previsto;Regra de cálculo (Páscoa/data fixa);Ponto facultativo - só vale se a empresa ou a convenção coletiva conceder
2176-07-26;Aniversário / Emancipação Política do Município;municipal;Cianorte-PR;;previsto;Padrão dos anos confirmados (TJPR 2025 e 2026);Previsão pela data fixa - confirmar o decreto do ano (pode haver transferência)
2176-09-07;Independência do Brasil;nacional;BR;;lei;Lei federal;
2176-10-12;Nossa Senhora Aparecida;nacional;BR;;lei;Lei federal;
2176-11-02;Finados;nacional;BR;;lei;Lei federal;
2176-11-15;Proclamação da República;nacional;BR;;lei;Lei federal;
2176-11-20;Dia Nacional de Zumbi e da Consciência Negra;nacional;BR;;lei;Lei 14.759/2023;
2176-12-19;Emancipação Política do Paraná;estadual;PR;;previsto;Bem Paraná (decisão da Justiça do Trabalho);Segundo a Justiça do Trabalho não é feriado civil (só servidores) - confirmar na convenção coletiva
2176-12-24;Véspera de Natal;facultativo;BR;;previsto;Regra de cálculo (Páscoa/data fixa);Ponto facultativo - só vale se a empresa ou a convenção coletiva conceder
2176-12-25;Natal;nacional;BR;;lei;Lei federal;
2176-12-31;Véspera de Ano Novo;facultativo;BR;;previsto;Regra de cálculo (Páscoa/data fixa);Ponto facultativo - só vale se a empresa ou a convenção coletiva conceder
2177-01-01;Confraternização Universal;nacional;BR;;lei;Lei federal;
2177-03-03;Segunda-feira de Carnaval;facultativo;BR;;previsto;Regra de cálculo (Páscoa/data fixa);Ponto facultativo - só vale se a empresa ou a convenção coletiva conceder
2177-03-04;Terça-feira de Carnaval;facultativo;BR;;previsto;Regra de cálculo (Páscoa/data fixa);Ponto facultativo - só vale se a empresa ou a convenção coletiva conceder
2177-04-18;Sexta-feira Santa;nacional;BR;;lei;Lei federal (Páscoa calculada);
2177-04-21;Tiradentes;nacional;BR;;lei;Lei federal;
2177-05-01;Dia do Trabalho;nacional;BR;;lei;Lei federal;
2177-05-13;Dia da Padroeira do Município;municipal;Cianorte-PR;;previsto;Padrão dos anos confirmados (TJPR 2025 e 2026);Previsão pela data fixa - confirmar o decreto do ano (pode haver transferência)
2177-06-19;Corpus Christi;facultativo;BR;;previsto;Regra de cálculo (Páscoa/data fixa);Ponto facultativo - só vale se a empresa ou a convenção coletiva conceder
2177-07-26;Aniversário / Emancipação Política do Município;municipal;Cianorte-PR;;previsto;Padrão dos anos confirmados (TJPR 2025 e 2026);Previsão pela data fixa - confirmar o decreto do ano (pode haver transferência)
2177-09-07;Independência do Brasil;nacional;BR;;lei;Lei federal;
2177-10-12;Nossa Senhora Aparecida;nacional;BR;;lei;Lei federal;
2177-11-02;Finados;nacional;BR;;lei;Lei federal;
2177-11-15;Proclamação da República;nacional;BR;;lei;Lei federal;
2177-11-20;Dia Nacional de Zumbi e da Consciência Negra;nacional;BR;;lei;Lei 14.759/2023;
2177-12-19;Emancipação Política do Paraná;estadual;PR;;previsto;Bem Paraná (decisão da Justiça do Trabalho);Segundo a Justiça do Trabalho não é feriado civil (só servidores) - confirmar na convenção coletiva
2177-12-24;Véspera de Natal;facultativo;BR;;previsto;Regra de cálculo (Páscoa/data fixa);Ponto facultativo - só vale se a empresa ou a convenção coletiva conceder
2177-12-25;Natal;nacional;BR;;lei;Lei federal;
2177-12-31;Véspera de Ano Novo;facultativo;BR;;previsto;Regra de cálculo (Páscoa/data fixa);Ponto facultativo - só vale se a empresa ou a convenção coletiva conceder
2178-01-01;Confraternização Universal;nacional;BR;;lei;Lei federal;
2178-02-16;Segunda-feira de Carnaval;facultativo;BR;;previsto;Regra de cálculo (Páscoa/data fixa);Ponto facultativo - só vale se a empresa ou a convenção coletiva conceder
2178-02-17;Terça-feira de Carnaval;facultativo;BR;;previsto;Regra de cálculo (Páscoa/data fixa);Ponto facultativo - só vale se a empresa ou a convenção coletiva conceder
2178-04-03;Sexta-feira Santa;nacional;BR;;lei;Lei federal (Páscoa calculada);
2178-04-21;Tiradentes;nacional;BR;;lei;Lei federal;
2178-05-01;Dia do Trabalho;nacional;BR;;lei;Lei federal;
2178-05-13;Dia da Padroeira do Município;municipal;Cianorte-PR;;previsto;Padrão dos anos confirmados (TJPR 2025 e 2026);Previsão pela data fixa - confirmar o decreto do ano (pode haver transferência)
2178-06-04;Corpus Christi;facultativo;BR;;previsto;Regra de cálculo (Páscoa/data fixa);Ponto facultativo - só vale se a empresa ou a convenção coletiva conceder
2178-07-26;Aniversário / Emancipação Política do Município;municipal;Cianorte-PR;;previsto;Padrão dos anos confirmados (TJPR 2025 e 2026);Previsão pela data fixa - confirmar o decreto do ano (pode haver transferência)
2178-09-07;Independência do Brasil;nacional;BR;;lei;Lei federal;
2178-10-12;Nossa Senhora Aparecida;nacional;BR;;lei;Lei federal;
2178-11-02;Finados;nacional;BR;;lei;Lei federal;
2178-11-15;Proclamação da República;nacional;BR;;lei;Lei federal;
2178-11-20;Dia Nacional de Zumbi e da Consciência Negra;nacional;BR;;lei;Lei 14.759/2023;
2178-12-19;Emancipação Política do Paraná;estadual;PR;;previsto;Bem Paraná (decisão da Justiça do Trabalho);Segundo a Justiça do Trabalho não é feriado civil (só servidores) - confirmar na convenção coletiva
2178-12-24;Véspera de Natal;facultativo;BR;;previsto;Regra de cálculo (Páscoa/data fixa);Ponto facultativo - só vale se a empresa ou a convenção coletiva conceder
2178-12-25;Natal;nacional;BR;;lei;Lei federal;
2178-12-31;Véspera de Ano Novo;facultativo;BR;;previsto;Regra de cálculo (Páscoa/data fixa);Ponto facultativo - só vale se a empresa ou a convenção coletiva conceder
2179-01-01;Confraternização Universal;nacional;BR;;lei;Lei federal;
2179-02-08;Segunda-feira de Carnaval;facultativo;BR;;previsto;Regra de cálculo (Páscoa/data fixa);Ponto facultativo - só vale se a empresa ou a convenção coletiva conceder
2179-02-09;Terça-feira de Carnaval;facultativo;BR;;previsto;Regra de cálculo (Páscoa/data fixa);Ponto facultativo - só vale se a empresa ou a convenção coletiva conceder
2179-03-26;Sexta-feira Santa;nacional;BR;;lei;Lei federal (Páscoa calculada);
2179-04-21;Tiradentes;nacional;BR;;lei;Lei federal;
2179-05-01;Dia do Trabalho;nacional;BR;;lei;Lei federal;
2179-05-13;Dia da Padroeira do Município;municipal;Cianorte-PR;;previsto;Padrão dos anos confirmados (TJPR 2025 e 2026);Previsão pela data fixa - confirmar o decreto do ano (pode haver transferência)
2179-05-27;Corpus Christi;facultativo;BR;;previsto;Regra de cálculo (Páscoa/data fixa);Ponto facultativo - só vale se a empresa ou a convenção coletiva conceder
2179-07-26;Aniversário / Emancipação Política do Município;municipal;Cianorte-PR;;previsto;Padrão dos anos confirmados (TJPR 2025 e 2026);Previsão pela data fixa - confirmar o decreto do ano (pode haver transferência)
2179-09-07;Independência do Brasil;nacional;BR;;lei;Lei federal;
2179-10-12;Nossa Senhora Aparecida;nacional;BR;;lei;Lei federal;
2179-11-02;Finados;nacional;BR;;lei;Lei federal;
2179-11-15;Proclamação da República;nacional;BR;;lei;Lei federal;
2179-11-20;Dia Nacional de Zumbi e da Consciência Negra;nacional;BR;;lei;Lei 14.759/2023;
2179-12-19;Emancipação Política do Paraná;estadual;PR;;previsto;Bem Paraná (decisão da Justiça do Trabalho);Segundo a Justiça do Trabalho não é feriado civil (só servidores) - confirmar na convenção coletiva
2179-12-24;Véspera de Natal;facultativo;BR;;previsto;Regra de cálculo (Páscoa/data fixa);Ponto facultativo - só vale se a empresa ou a convenção coletiva conceder
2179-12-25;Natal;nacional;BR;;lei;Lei federal;
2179-12-31;Véspera de Ano Novo;facultativo;BR;;previsto;Regra de cálculo (Páscoa/data fixa);Ponto facultativo - só vale se a empresa ou a convenção coletiva conceder
2180-01-01;Confraternização Universal;nacional;BR;;lei;Lei federal;
2180-02-28;Segunda-feira de Carnaval;facultativo;BR;;previsto;Regra de cálculo (Páscoa/data fixa);Ponto facultativo - só vale se a empresa ou a convenção coletiva conceder
2180-02-29;Terça-feira de Carnaval;facultativo;BR;;previsto;Regra de cálculo (Páscoa/data fixa);Ponto facultativo - só vale se a empresa ou a convenção coletiva conceder
2180-04-14;Sexta-feira Santa;nacional;BR;;lei;Lei federal (Páscoa calculada);
2180-04-21;Tiradentes;nacional;BR;;lei;Lei federal;
2180-05-01;Dia do Trabalho;nacional;BR;;lei;Lei federal;
2180-05-13;Dia da Padroeira do Município;municipal;Cianorte-PR;;previsto;Padrão dos anos confirmados (TJPR 2025 e 2026);Previsão pela data fixa - confirmar o decreto do ano (pode haver transferência)
2180-06-15;Corpus Christi;facultativo;BR;;previsto;Regra de cálculo (Páscoa/data fixa);Ponto facultativo - só vale se a empresa ou a convenção coletiva conceder
2180-07-26;Aniversário / Emancipação Política do Município;municipal;Cianorte-PR;;previsto;Padrão dos anos confirmados (TJPR 2025 e 2026);Previsão pela data fixa - confirmar o decreto do ano (pode haver transferência)
2180-09-07;Independência do Brasil;nacional;BR;;lei;Lei federal;
2180-10-12;Nossa Senhora Aparecida;nacional;BR;;lei;Lei federal;
2180-11-02;Finados;nacional;BR;;lei;Lei federal;
2180-11-15;Proclamação da República;nacional;BR;;lei;Lei federal;
2180-11-20;Dia Nacional de Zumbi e da Consciência Negra;nacional;BR;;lei;Lei 14.759/2023;
2180-12-19;Emancipação Política do Paraná;estadual;PR;;previsto;Bem Paraná (decisão da Justiça do Trabalho);Segundo a Justiça do Trabalho não é feriado civil (só servidores) - confirmar na convenção coletiva
2180-12-24;Véspera de Natal;facultativo;BR;;previsto;Regra de cálculo (Páscoa/data fixa);Ponto facultativo - só vale se a empresa ou a convenção coletiva conceder
2180-12-25;Natal;nacional;BR;;lei;Lei federal;
2180-12-31;Véspera de Ano Novo;facultativo;BR;;previsto;Regra de cálculo (Páscoa/data fixa);Ponto facultativo - só vale se a empresa ou a convenção coletiva conceder
2181-01-01;Confraternização Universal;nacional;BR;;lei;Lei federal;
2181-02-12;Segunda-feira de Carnaval;facultativo;BR;;previsto;Regra de cálculo (Páscoa/data fixa);Ponto facultativo - só vale se a empresa ou a convenção coletiva conceder
2181-02-13;Terça-feira de Carnaval;facultativo;BR;;previsto;Regra de cálculo (Páscoa/data fixa);Ponto facultativo - só vale se a empresa ou a convenção coletiva conceder
2181-03-30;Sexta-feira Santa;nacional;BR;;lei;Lei federal (Páscoa calculada);
2181-04-21;Tiradentes;nacional;BR;;lei;Lei federal;
2181-05-01;Dia do Trabalho;nacional;BR;;lei;Lei federal;
2181-05-13;Dia da Padroeira do Município;municipal;Cianorte-PR;;previsto;Padrão dos anos confirmados (TJPR 2025 e 2026);Previsão pela data fixa - confirmar o decreto do ano (pode haver transferência)
2181-05-31;Corpus Christi;facultativo;BR;;previsto;Regra de cálculo (Páscoa/data fixa);Ponto facultativo - só vale se a empresa ou a convenção coletiva conceder
2181-07-26;Aniversário / Emancipação Política do Município;municipal;Cianorte-PR;;previsto;Padrão dos anos confirmados (TJPR 2025 e 2026);Previsão pela data fixa - confirmar o decreto do ano (pode haver transferência)
2181-09-07;Independência do Brasil;nacional;BR;;lei;Lei federal;
2181-10-12;Nossa Senhora Aparecida;nacional;BR;;lei;Lei federal;
2181-11-02;Finados;nacional;BR;;lei;Lei federal;
2181-11-15;Proclamação da República;nacional;BR;;lei;Lei federal;
2181-11-20;Dia Nacional de Zumbi e da Consciência Negra;nacional;BR;;lei;Lei 14.759/2023;
2181-12-19;Emancipação Política do Paraná;estadual;PR;;previsto;Bem Paraná (decisão da Justiça do Trabalho);Segundo a Justiça do Trabalho não é feriado civil (só servidores) - confirmar na convenção coletiva
2181-12-24;Véspera de Natal;facultativo;BR;;previsto;Regra de cálculo (Páscoa/data fixa);Ponto facultativo - só vale se a empresa ou a convenção coletiva conceder
2181-12-25;Natal;nacional;BR;;lei;Lei federal;
2181-12-31;Véspera de Ano Novo;facultativo;BR;;previsto;Regra de cálculo (Páscoa/data fixa);Ponto facultativo - só vale se a empresa ou a convenção coletiva conceder
2182-01-01;Confraternização Universal;nacional;BR;;lei;Lei federal;
2182-03-04;Segunda-feira de Carnaval;facultativo;BR;;previsto;Regra de cálculo (Páscoa/data fixa);Ponto facultativo - só vale se a empresa ou a convenção coletiva conceder
2182-03-05;Terça-feira de Carnaval;facultativo;BR;;previsto;Regra de cálculo (Páscoa/data fixa);Ponto facultativo - só vale se a empresa ou a convenção coletiva conceder
2182-04-19;Sexta-feira Santa;nacional;BR;;lei;Lei federal (Páscoa calculada);
2182-04-21;Tiradentes;nacional;BR;;lei;Lei federal;
2182-05-01;Dia do Trabalho;nacional;BR;;lei;Lei federal;
2182-05-13;Dia da Padroeira do Município;municipal;Cianorte-PR;;previsto;Padrão dos anos confirmados (TJPR 2025 e 2026);Previsão pela data fixa - confirmar o decreto do ano (pode haver transferência)
2182-06-20;Corpus Christi;facultativo;BR;;previsto;Regra de cálculo (Páscoa/data fixa);Ponto facultativo - só vale se a empresa ou a convenção coletiva conceder
2182-07-26;Aniversário / Emancipação Política do Município;municipal;Cianorte-PR;;previsto;Padrão dos anos confirmados (TJPR 2025 e 2026);Previsão pela data fixa - confirmar o decreto do ano (pode haver transferência)
2182-09-07;Independência do Brasil;nacional;BR;;lei;Lei federal;
2182-10-12;Nossa Senhora Aparecida;nacional;BR;;lei;Lei federal;
2182-11-02;Finados;nacional;BR;;lei;Lei federal;
2182-11-15;Proclamação da República;nacional;BR;;lei;Lei federal;
2182-11-20;Dia Nacional de Zumbi e da Consciência Negra;nacional;BR;;lei;Lei 14.759/2023;
2182-12-19;Emancipação Política do Paraná;estadual;PR;;previsto;Bem Paraná (decisão da Justiça do Trabalho);Segundo a Justiça do Trabalho não é feriado civil (só servidores) - confirmar na convenção coletiva
2182-12-24;Véspera de Natal;facultativo;BR;;previsto;Regra de cálculo (Páscoa/data fixa);Ponto facultativo - só vale se a empresa ou a convenção coletiva conceder
2182-12-25;Natal;nacional;BR;;lei;Lei federal;
2182-12-31;Véspera de Ano Novo;facultativo;BR;;previsto;Regra de cálculo (Páscoa/data fixa);Ponto facultativo - só vale se a empresa ou a convenção coletiva conceder
2183-01-01;Confraternização Universal;nacional;BR;;lei;Lei federal;
2183-02-24;Segunda-feira de Carnaval;facultativo;BR;;previsto;Regra de cálculo (Páscoa/data fixa);Ponto facultativo - só vale se a empresa ou a convenção coletiva conceder
2183-02-25;Terça-feira de Carnaval;facultativo;BR;;previsto;Regra de cálculo (Páscoa/data fixa);Ponto facultativo - só vale se a empresa ou a convenção coletiva conceder
2183-04-11;Sexta-feira Santa;nacional;BR;;lei;Lei federal (Páscoa calculada);
2183-04-21;Tiradentes;nacional;BR;;lei;Lei federal;
2183-05-01;Dia do Trabalho;nacional;BR;;lei;Lei federal;
2183-05-13;Dia da Padroeira do Município;municipal;Cianorte-PR;;previsto;Padrão dos anos confirmados (TJPR 2025 e 2026);Previsão pela data fixa - confirmar o decreto do ano (pode haver transferência)
2183-06-12;Corpus Christi;facultativo;BR;;previsto;Regra de cálculo (Páscoa/data fixa);Ponto facultativo - só vale se a empresa ou a convenção coletiva conceder
2183-07-26;Aniversário / Emancipação Política do Município;municipal;Cianorte-PR;;previsto;Padrão dos anos confirmados (TJPR 2025 e 2026);Previsão pela data fixa - confirmar o decreto do ano (pode haver transferência)
2183-09-07;Independência do Brasil;nacional;BR;;lei;Lei federal;
2183-10-12;Nossa Senhora Aparecida;nacional;BR;;lei;Lei federal;
2183-11-02;Finados;nacional;BR;;lei;Lei federal;
2183-11-15;Proclamação da República;nacional;BR;;lei;Lei federal;
2183-11-20;Dia Nacional de Zumbi e da Consciência Negra;nacional;BR;;lei;Lei 14.759/2023;
2183-12-19;Emancipação Política do Paraná;estadual;PR;;previsto;Bem Paraná (decisão da Justiça do Trabalho);Segundo a Justiça do Trabalho não é feriado civil (só servidores) - confirmar na convenção coletiva
2183-12-24;Véspera de Natal;facultativo;BR;;previsto;Regra de cálculo (Páscoa/data fixa);Ponto facultativo - só vale se a empresa ou a convenção coletiva conceder
2183-12-25;Natal;nacional;BR;;lei;Lei federal;
2183-12-31;Véspera de Ano Novo;facultativo;BR;;previsto;Regra de cálculo (Páscoa/data fixa);Ponto facultativo - só vale se a empresa ou a convenção coletiva conceder
2184-01-01;Confraternização Universal;nacional;BR;;lei;Lei federal;
2184-02-09;Segunda-feira de Carnaval;facultativo;BR;;previsto;Regra de cálculo (Páscoa/data fixa);Ponto facultativo - só vale se a empresa ou a convenção coletiva conceder
2184-02-10;Terça-feira de Carnaval;facultativo;BR;;previsto;Regra de cálculo (Páscoa/data fixa);Ponto facultativo - só vale se a empresa ou a convenção coletiva conceder
2184-03-26;Sexta-feira Santa;nacional;BR;;lei;Lei federal (Páscoa calculada);
2184-04-21;Tiradentes;nacional;BR;;lei;Lei federal;
2184-05-01;Dia do Trabalho;nacional;BR;;lei;Lei federal;
2184-05-13;Dia da Padroeira do Município;municipal;Cianorte-PR;;previsto;Padrão dos anos confirmados (TJPR 2025 e 2026);Previsão pela data fixa - confirmar o decreto do ano (pode haver transferência)
2184-05-27;Corpus Christi;facultativo;BR;;previsto;Regra de cálculo (Páscoa/data fixa);Ponto facultativo - só vale se a empresa ou a convenção coletiva conceder
2184-07-26;Aniversário / Emancipação Política do Município;municipal;Cianorte-PR;;previsto;Padrão dos anos confirmados (TJPR 2025 e 2026);Previsão pela data fixa - confirmar o decreto do ano (pode haver transferência)
2184-09-07;Independência do Brasil;nacional;BR;;lei;Lei federal;
2184-10-12;Nossa Senhora Aparecida;nacional;BR;;lei;Lei federal;
2184-11-02;Finados;nacional;BR;;lei;Lei federal;
2184-11-15;Proclamação da República;nacional;BR;;lei;Lei federal;
2184-11-20;Dia Nacional de Zumbi e da Consciência Negra;nacional;BR;;lei;Lei 14.759/2023;
2184-12-19;Emancipação Política do Paraná;estadual;PR;;previsto;Bem Paraná (decisão da Justiça do Trabalho);Segundo a Justiça do Trabalho não é feriado civil (só servidores) - confirmar na convenção coletiva
2184-12-24;Véspera de Natal;facultativo;BR;;previsto;Regra de cálculo (Páscoa/data fixa);Ponto facultativo - só vale se a empresa ou a convenção coletiva conceder
2184-12-25;Natal;nacional;BR;;lei;Lei federal;
2184-12-31;Véspera de Ano Novo;facultativo;BR;;previsto;Regra de cálculo (Páscoa/data fixa);Ponto facultativo - só vale se a empresa ou a convenção coletiva conceder
2185-01-01;Confraternização Universal;nacional;BR;;lei;Lei federal;
2185-02-28;Segunda-feira de Carnaval;facultativo;BR;;previsto;Regra de cálculo (Páscoa/data fixa);Ponto facultativo - só vale se a empresa ou a convenção coletiva conceder
2185-03-01;Terça-feira de Carnaval;facultativo;BR;;previsto;Regra de cálculo (Páscoa/data fixa);Ponto facultativo - só vale se a empresa ou a convenção coletiva conceder
2185-04-15;Sexta-feira Santa;nacional;BR;;lei;Lei federal (Páscoa calculada);
2185-04-21;Tiradentes;nacional;BR;;lei;Lei federal;
2185-05-01;Dia do Trabalho;nacional;BR;;lei;Lei federal;
2185-05-13;Dia da Padroeira do Município;municipal;Cianorte-PR;;previsto;Padrão dos anos confirmados (TJPR 2025 e 2026);Previsão pela data fixa - confirmar o decreto do ano (pode haver transferência)
2185-06-16;Corpus Christi;facultativo;BR;;previsto;Regra de cálculo (Páscoa/data fixa);Ponto facultativo - só vale se a empresa ou a convenção coletiva conceder
2185-07-26;Aniversário / Emancipação Política do Município;municipal;Cianorte-PR;;previsto;Padrão dos anos confirmados (TJPR 2025 e 2026);Previsão pela data fixa - confirmar o decreto do ano (pode haver transferência)
2185-09-07;Independência do Brasil;nacional;BR;;lei;Lei federal;
2185-10-12;Nossa Senhora Aparecida;nacional;BR;;lei;Lei federal;
2185-11-02;Finados;nacional;BR;;lei;Lei federal;
2185-11-15;Proclamação da República;nacional;BR;;lei;Lei federal;
2185-11-20;Dia Nacional de Zumbi e da Consciência Negra;nacional;BR;;lei;Lei 14.759/2023;
2185-12-19;Emancipação Política do Paraná;estadual;PR;;previsto;Bem Paraná (decisão da Justiça do Trabalho);Segundo a Justiça do Trabalho não é feriado civil (só servidores) - confirmar na convenção coletiva
2185-12-24;Véspera de Natal;facultativo;BR;;previsto;Regra de cálculo (Páscoa/data fixa);Ponto facultativo - só vale se a empresa ou a convenção coletiva conceder
2185-12-25;Natal;nacional;BR;;lei;Lei federal;
2185-12-31;Véspera de Ano Novo;facultativo;BR;;previsto;Regra de cálculo (Páscoa/data fixa);Ponto facultativo - só vale se a empresa ou a convenção coletiva conceder
2186-01-01;Confraternização Universal;nacional;BR;;lei;Lei federal;
2186-02-20;Segunda-feira de Carnaval;facultativo;BR;;previsto;Regra de cálculo (Páscoa/data fixa);Ponto facultativo - só vale se a empresa ou a convenção coletiva conceder
2186-02-21;Terça-feira de Carnaval;facultativo;BR;;previsto;Regra de cálculo (Páscoa/data fixa);Ponto facultativo - só vale se a empresa ou a convenção coletiva conceder
2186-04-07;Sexta-feira Santa;nacional;BR;;lei;Lei federal (Páscoa calculada);
2186-04-21;Tiradentes;nacional;BR;;lei;Lei federal;
2186-05-01;Dia do Trabalho;nacional;BR;;lei;Lei federal;
2186-05-13;Dia da Padroeira do Município;municipal;Cianorte-PR;;previsto;Padrão dos anos confirmados (TJPR 2025 e 2026);Previsão pela data fixa - confirmar o decreto do ano (pode haver transferência)
2186-06-08;Corpus Christi;facultativo;BR;;previsto;Regra de cálculo (Páscoa/data fixa);Ponto facultativo - só vale se a empresa ou a convenção coletiva conceder
2186-07-26;Aniversário / Emancipação Política do Município;municipal;Cianorte-PR;;previsto;Padrão dos anos confirmados (TJPR 2025 e 2026);Previsão pela data fixa - confirmar o decreto do ano (pode haver transferência)
2186-09-07;Independência do Brasil;nacional;BR;;lei;Lei federal;
2186-10-12;Nossa Senhora Aparecida;nacional;BR;;lei;Lei federal;
2186-11-02;Finados;nacional;BR;;lei;Lei federal;
2186-11-15;Proclamação da República;nacional;BR;;lei;Lei federal;
2186-11-20;Dia Nacional de Zumbi e da Consciência Negra;nacional;BR;;lei;Lei 14.759/2023;
2186-12-19;Emancipação Política do Paraná;estadual;PR;;previsto;Bem Paraná (decisão da Justiça do Trabalho);Segundo a Justiça do Trabalho não é feriado civil (só servidores) - confirmar na convenção coletiva
2186-12-24;Véspera de Natal;facultativo;BR;;previsto;Regra de cálculo (Páscoa/data fixa);Ponto facultativo - só vale se a empresa ou a convenção coletiva conceder
2186-12-25;Natal;nacional;BR;;lei;Lei federal;
2186-12-31;Véspera de Ano Novo;facultativo;BR;;previsto;Regra de cálculo (Páscoa/data fixa);Ponto facultativo - só vale se a empresa ou a convenção coletiva conceder
2187-01-01;Confraternização Universal;nacional;BR;;lei;Lei federal;
2187-02-05;Segunda-feira de Carnaval;facultativo;BR;;previsto;Regra de cálculo (Páscoa/data fixa);Ponto facultativo - só vale se a empresa ou a convenção coletiva conceder
2187-02-06;Terça-feira de Carnaval;facultativo;BR;;previsto;Regra de cálculo (Páscoa/data fixa);Ponto facultativo - só vale se a empresa ou a convenção coletiva conceder
2187-03-23;Sexta-feira Santa;nacional;BR;;lei;Lei federal (Páscoa calculada);
2187-04-21;Tiradentes;nacional;BR;;lei;Lei federal;
2187-05-01;Dia do Trabalho;nacional;BR;;lei;Lei federal;
2187-05-13;Dia da Padroeira do Município;municipal;Cianorte-PR;;previsto;Padrão dos anos confirmados (TJPR 2025 e 2026);Previsão pela data fixa - confirmar o decreto do ano (pode haver transferência)
2187-05-24;Corpus Christi;facultativo;BR;;previsto;Regra de cálculo (Páscoa/data fixa);Ponto facultativo - só vale se a empresa ou a convenção coletiva conceder
2187-07-26;Aniversário / Emancipação Política do Município;municipal;Cianorte-PR;;previsto;Padrão dos anos confirmados (TJPR 2025 e 2026);Previsão pela data fixa - confirmar o decreto do ano (pode haver transferência)
2187-09-07;Independência do Brasil;nacional;BR;;lei;Lei federal;
2187-10-12;Nossa Senhora Aparecida;nacional;BR;;lei;Lei federal;
2187-11-02;Finados;nacional;BR;;lei;Lei federal;
2187-11-15;Proclamação da República;nacional;BR;;lei;Lei federal;
2187-11-20;Dia Nacional de Zumbi e da Consciência Negra;nacional;BR;;lei;Lei 14.759/2023;
2187-12-19;Emancipação Política do Paraná;estadual;PR;;previsto;Bem Paraná (decisão da Justiça do Trabalho);Segundo a Justiça do Trabalho não é feriado civil (só servidores) - confirmar na convenção coletiva
2187-12-24;Véspera de Natal;facultativo;BR;;previsto;Regra de cálculo (Páscoa/data fixa);Ponto facultativo - só vale se a empresa ou a convenção coletiva conceder
2187-12-25;Natal;nacional;BR;;lei;Lei federal;
2187-12-31;Véspera de Ano Novo;facultativo;BR;;previsto;Regra de cálculo (Páscoa/data fixa);Ponto facultativo - só vale se a empresa ou a convenção coletiva conceder
2188-01-01;Confraternização Universal;nacional;BR;;lei;Lei federal;
2188-02-25;Segunda-feira de Carnaval;facultativo;BR;;previsto;Regra de cálculo (Páscoa/data fixa);Ponto facultativo - só vale se a empresa ou a convenção coletiva conceder
2188-02-26;Terça-feira de Carnaval;facultativo;BR;;previsto;Regra de cálculo (Páscoa/data fixa);Ponto facultativo - só vale se a empresa ou a convenção coletiva conceder
2188-04-11;Sexta-feira Santa;nacional;BR;;lei;Lei federal (Páscoa calculada);
2188-04-21;Tiradentes;nacional;BR;;lei;Lei federal;
2188-05-01;Dia do Trabalho;nacional;BR;;lei;Lei federal;
2188-05-13;Dia da Padroeira do Município;municipal;Cianorte-PR;;previsto;Padrão dos anos confirmados (TJPR 2025 e 2026);Previsão pela data fixa - confirmar o decreto do ano (pode haver transferência)
2188-06-12;Corpus Christi;facultativo;BR;;previsto;Regra de cálculo (Páscoa/data fixa);Ponto facultativo - só vale se a empresa ou a convenção coletiva conceder
2188-07-26;Aniversário / Emancipação Política do Município;municipal;Cianorte-PR;;previsto;Padrão dos anos confirmados (TJPR 2025 e 2026);Previsão pela data fixa - confirmar o decreto do ano (pode haver transferência)
2188-09-07;Independência do Brasil;nacional;BR;;lei;Lei federal;
2188-10-12;Nossa Senhora Aparecida;nacional;BR;;lei;Lei federal;
2188-11-02;Finados;nacional;BR;;lei;Lei federal;
2188-11-15;Proclamação da República;nacional;BR;;lei;Lei federal;
2188-11-20;Dia Nacional de Zumbi e da Consciência Negra;nacional;BR;;lei;Lei 14.759/2023;
2188-12-19;Emancipação Política do Paraná;estadual;PR;;previsto;Bem Paraná (decisão da Justiça do Trabalho);Segundo a Justiça do Trabalho não é feriado civil (só servidores) - confirmar na convenção coletiva
2188-12-24;Véspera de Natal;facultativo;BR;;previsto;Regra de cálculo (Páscoa/data fixa);Ponto facultativo - só vale se a empresa ou a convenção coletiva conceder
2188-12-25;Natal;nacional;BR;;lei;Lei federal;
2188-12-31;Véspera de Ano Novo;facultativo;BR;;previsto;Regra de cálculo (Páscoa/data fixa);Ponto facultativo - só vale se a empresa ou a convenção coletiva conceder
2189-01-01;Confraternização Universal;nacional;BR;;lei;Lei federal;
2189-02-16;Segunda-feira de Carnaval;facultativo;BR;;previsto;Regra de cálculo (Páscoa/data fixa);Ponto facultativo - só vale se a empresa ou a convenção coletiva conceder
2189-02-17;Terça-feira de Carnaval;facultativo;BR;;previsto;Regra de cálculo (Páscoa/data fixa);Ponto facultativo - só vale se a empresa ou a convenção coletiva conceder
2189-04-03;Sexta-feira Santa;nacional;BR;;lei;Lei federal (Páscoa calculada);
2189-04-21;Tiradentes;nacional;BR;;lei;Lei federal;
2189-05-01;Dia do Trabalho;nacional;BR;;lei;Lei federal;
2189-05-13;Dia da Padroeira do Município;municipal;Cianorte-PR;;previsto;Padrão dos anos confirmados (TJPR 2025 e 2026);Previsão pela data fixa - confirmar o decreto do ano (pode haver transferência)
2189-06-04;Corpus Christi;facultativo;BR;;previsto;Regra de cálculo (Páscoa/data fixa);Ponto facultativo - só vale se a empresa ou a convenção coletiva conceder
2189-07-26;Aniversário / Emancipação Política do Município;municipal;Cianorte-PR;;previsto;Padrão dos anos confirmados (TJPR 2025 e 2026);Previsão pela data fixa - confirmar o decreto do ano (pode haver transferência)
2189-09-07;Independência do Brasil;nacional;BR;;lei;Lei federal;
2189-10-12;Nossa Senhora Aparecida;nacional;BR;;lei;Lei federal;
2189-11-02;Finados;nacional;BR;;lei;Lei federal;
2189-11-15;Proclamação da República;nacional;BR;;lei;Lei federal;
2189-11-20;Dia Nacional de Zumbi e da Consciência Negra;nacional;BR;;lei;Lei 14.759/2023;
2189-12-19;Emancipação Política do Paraná;estadual;PR;;previsto;Bem Paraná (decisão da Justiça do Trabalho);Segundo a Justiça do Trabalho não é feriado civil (só servidores) - confirmar na convenção coletiva
2189-12-24;Véspera de Natal;facultativo;BR;;previsto;Regra de cálculo (Páscoa/data fixa);Ponto facultativo - só vale se a empresa ou a convenção coletiva conceder
2189-12-25;Natal;nacional;BR;;lei;Lei federal;
2189-12-31;Véspera de Ano Novo;facultativo;BR;;previsto;Regra de cálculo (Páscoa/data fixa);Ponto facultativo - só vale se a empresa ou a convenção coletiva conceder
2190-01-01;Confraternização Universal;nacional;BR;;lei;Lei federal;
2190-03-08;Segunda-feira de Carnaval;facultativo;BR;;previsto;Regra de cálculo (Páscoa/data fixa);Ponto facultativo - só vale se a empresa ou a convenção coletiva conceder
2190-03-09;Terça-feira de Carnaval;facultativo;BR;;previsto;Regra de cálculo (Páscoa/data fixa);Ponto facultativo - só vale se a empresa ou a convenção coletiva conceder
2190-04-21;Tiradentes;nacional;BR;;lei;Lei federal;
2190-04-23;Sexta-feira Santa;nacional;BR;;lei;Lei federal (Páscoa calculada);
2190-05-01;Dia do Trabalho;nacional;BR;;lei;Lei federal;
2190-05-13;Dia da Padroeira do Município;municipal;Cianorte-PR;;previsto;Padrão dos anos confirmados (TJPR 2025 e 2026);Previsão pela data fixa - confirmar o decreto do ano (pode haver transferência)
2190-06-24;Corpus Christi;facultativo;BR;;previsto;Regra de cálculo (Páscoa/data fixa);Ponto facultativo - só vale se a empresa ou a convenção coletiva conceder
2190-07-26;Aniversário / Emancipação Política do Município;municipal;Cianorte-PR;;previsto;Padrão dos anos confirmados (TJPR 2025 e 2026);Previsão pela data fixa - confirmar o decreto do ano (pode haver transferência)
2190-09-07;Independência do Brasil;nacional;BR;;lei;Lei federal;
2190-10-12;Nossa Senhora Aparecida;nacional;BR;;lei;Lei federal;
2190-11-02;Finados;nacional;BR;;lei;Lei federal;
2190-11-15;Proclamação da República;nacional;BR;;lei;Lei federal;
2190-11-20;Dia Nacional de Zumbi e da Consciência Negra;nacional;BR;;lei;Lei 14.759/2023;
2190-12-19;Emancipação Política do Paraná;estadual;PR;;previsto;Bem Paraná (decisão da Justiça do Trabalho);Segundo a Justiça do Trabalho não é feriado civil (só servidores) - confirmar na convenção coletiva
2190-12-24;Véspera de Natal;facultativo;BR;;previsto;Regra de cálculo (Páscoa/data fixa);Ponto facultativo - só vale se a empresa ou a convenção coletiva conceder
2190-12-25;Natal;nacional;BR;;lei;Lei federal;
2190-12-31;Véspera de Ano Novo;facultativo;BR;;previsto;Regra de cálculo (Páscoa/data fixa);Ponto facultativo - só vale se a empresa ou a convenção coletiva conceder
2191-01-01;Confraternização Universal;nacional;BR;;lei;Lei federal;
2191-02-21;Segunda-feira de Carnaval;facultativo;BR;;previsto;Regra de cálculo (Páscoa/data fixa);Ponto facultativo - só vale se a empresa ou a convenção coletiva conceder
2191-02-22;Terça-feira de Carnaval;facultativo;BR;;previsto;Regra de cálculo (Páscoa/data fixa);Ponto facultativo - só vale se a empresa ou a convenção coletiva conceder
2191-04-08;Sexta-feira Santa;nacional;BR;;lei;Lei federal (Páscoa calculada);
2191-04-21;Tiradentes;nacional;BR;;lei;Lei federal;
2191-05-01;Dia do Trabalho;nacional;BR;;lei;Lei federal;
2191-05-13;Dia da Padroeira do Município;municipal;Cianorte-PR;;previsto;Padrão dos anos confirmados (TJPR 2025 e 2026);Previsão pela data fixa - confirmar o decreto do ano (pode haver transferência)
2191-06-09;Corpus Christi;facultativo;BR;;previsto;Regra de cálculo (Páscoa/data fixa);Ponto facultativo - só vale se a empresa ou a convenção coletiva conceder
2191-07-26;Aniversário / Emancipação Política do Município;municipal;Cianorte-PR;;previsto;Padrão dos anos confirmados (TJPR 2025 e 2026);Previsão pela data fixa - confirmar o decreto do ano (pode haver transferência)
2191-09-07;Independência do Brasil;nacional;BR;;lei;Lei federal;
2191-10-12;Nossa Senhora Aparecida;nacional;BR;;lei;Lei federal;
2191-11-02;Finados;nacional;BR;;lei;Lei federal;
2191-11-15;Proclamação da República;nacional;BR;;lei;Lei federal;
2191-11-20;Dia Nacional de Zumbi e da Consciência Negra;nacional;BR;;lei;Lei 14.759/2023;
2191-12-19;Emancipação Política do Paraná;estadual;PR;;previsto;Bem Paraná (decisão da Justiça do Trabalho);Segundo a Justiça do Trabalho não é feriado civil (só servidores) - confirmar na convenção coletiva
2191-12-24;Véspera de Natal;facultativo;BR;;previsto;Regra de cálculo (Páscoa/data fixa);Ponto facultativo - só vale se a empresa ou a convenção coletiva conceder
2191-12-25;Natal;nacional;BR;;lei;Lei federal;
2191-12-31;Véspera de Ano Novo;facultativo;BR;;previsto;Regra de cálculo (Páscoa/data fixa);Ponto facultativo - só vale se a empresa ou a convenção coletiva conceder
2192-01-01;Confraternização Universal;nacional;BR;;lei;Lei federal;
2192-02-13;Segunda-feira de Carnaval;facultativo;BR;;previsto;Regra de cálculo (Páscoa/data fixa);Ponto facultativo - só vale se a empresa ou a convenção coletiva conceder
2192-02-14;Terça-feira de Carnaval;facultativo;BR;;previsto;Regra de cálculo (Páscoa/data fixa);Ponto facultativo - só vale se a empresa ou a convenção coletiva conceder
2192-03-30;Sexta-feira Santa;nacional;BR;;lei;Lei federal (Páscoa calculada);
2192-04-21;Tiradentes;nacional;BR;;lei;Lei federal;
2192-05-01;Dia do Trabalho;nacional;BR;;lei;Lei federal;
2192-05-13;Dia da Padroeira do Município;municipal;Cianorte-PR;;previsto;Padrão dos anos confirmados (TJPR 2025 e 2026);Previsão pela data fixa - confirmar o decreto do ano (pode haver transferência)
2192-05-31;Corpus Christi;facultativo;BR;;previsto;Regra de cálculo (Páscoa/data fixa);Ponto facultativo - só vale se a empresa ou a convenção coletiva conceder
2192-07-26;Aniversário / Emancipação Política do Município;municipal;Cianorte-PR;;previsto;Padrão dos anos confirmados (TJPR 2025 e 2026);Previsão pela data fixa - confirmar o decreto do ano (pode haver transferência)
2192-09-07;Independência do Brasil;nacional;BR;;lei;Lei federal;
2192-10-12;Nossa Senhora Aparecida;nacional;BR;;lei;Lei federal;
2192-11-02;Finados;nacional;BR;;lei;Lei federal;
2192-11-15;Proclamação da República;nacional;BR;;lei;Lei federal;
2192-11-20;Dia Nacional de Zumbi e da Consciência Negra;nacional;BR;;lei;Lei 14.759/2023;
2192-12-19;Emancipação Política do Paraná;estadual;PR;;previsto;Bem Paraná (decisão da Justiça do Trabalho);Segundo a Justiça do Trabalho não é feriado civil (só servidores) - confirmar na convenção coletiva
2192-12-24;Véspera de Natal;facultativo;BR;;previsto;Regra de cálculo (Páscoa/data fixa);Ponto facultativo - só vale se a empresa ou a convenção coletiva conceder
2192-12-25;Natal;nacional;BR;;lei;Lei federal;
2192-12-31;Véspera de Ano Novo;facultativo;BR;;previsto;Regra de cálculo (Páscoa/data fixa);Ponto facultativo - só vale se a empresa ou a convenção coletiva conceder
2193-01-01;Confraternização Universal;nacional;BR;;lei;Lei federal;
2193-03-04;Segunda-feira de Carnaval;facultativo;BR;;previsto;Regra de cálculo (Páscoa/data fixa);Ponto facultativo - só vale se a empresa ou a convenção coletiva conceder
2193-03-05;Terça-feira de Carnaval;facultativo;BR;;previsto;Regra de cálculo (Páscoa/data fixa);Ponto facultativo - só vale se a empresa ou a convenção coletiva conceder
2193-04-19;Sexta-feira Santa;nacional;BR;;lei;Lei federal (Páscoa calculada);
2193-04-21;Tiradentes;nacional;BR;;lei;Lei federal;
2193-05-01;Dia do Trabalho;nacional;BR;;lei;Lei federal;
2193-05-13;Dia da Padroeira do Município;municipal;Cianorte-PR;;previsto;Padrão dos anos confirmados (TJPR 2025 e 2026);Previsão pela data fixa - confirmar o decreto do ano (pode haver transferência)
2193-06-20;Corpus Christi;facultativo;BR;;previsto;Regra de cálculo (Páscoa/data fixa);Ponto facultativo - só vale se a empresa ou a convenção coletiva conceder
2193-07-26;Aniversário / Emancipação Política do Município;municipal;Cianorte-PR;;previsto;Padrão dos anos confirmados (TJPR 2025 e 2026);Previsão pela data fixa - confirmar o decreto do ano (pode haver transferência)
2193-09-07;Independência do Brasil;nacional;BR;;lei;Lei federal;
2193-10-12;Nossa Senhora Aparecida;nacional;BR;;lei;Lei federal;
2193-11-02;Finados;nacional;BR;;lei;Lei federal;
2193-11-15;Proclamação da República;nacional;BR;;lei;Lei federal;
2193-11-20;Dia Nacional de Zumbi e da Consciência Negra;nacional;BR;;lei;Lei 14.759/2023;
2193-12-19;Emancipação Política do Paraná;estadual;PR;;previsto;Bem Paraná (decisão da Justiça do Trabalho);Segundo a Justiça do Trabalho não é feriado civil (só servidores) - confirmar na convenção coletiva
2193-12-24;Véspera de Natal;facultativo;BR;;previsto;Regra de cálculo (Páscoa/data fixa);Ponto facultativo - só vale se a empresa ou a convenção coletiva conceder
2193-12-25;Natal;nacional;BR;;lei;Lei federal;
2193-12-31;Véspera de Ano Novo;facultativo;BR;;previsto;Regra de cálculo (Páscoa/data fixa);Ponto facultativo - só vale se a empresa ou a convenção coletiva conceder
2194-01-01;Confraternização Universal;nacional;BR;;lei;Lei federal;
2194-02-17;Segunda-feira de Carnaval;facultativo;BR;;previsto;Regra de cálculo (Páscoa/data fixa);Ponto facultativo - só vale se a empresa ou a convenção coletiva conceder
2194-02-18;Terça-feira de Carnaval;facultativo;BR;;previsto;Regra de cálculo (Páscoa/data fixa);Ponto facultativo - só vale se a empresa ou a convenção coletiva conceder
2194-04-04;Sexta-feira Santa;nacional;BR;;lei;Lei federal (Páscoa calculada);
2194-04-21;Tiradentes;nacional;BR;;lei;Lei federal;
2194-05-01;Dia do Trabalho;nacional;BR;;lei;Lei federal;
2194-05-13;Dia da Padroeira do Município;municipal;Cianorte-PR;;previsto;Padrão dos anos confirmados (TJPR 2025 e 2026);Previsão pela data fixa - confirmar o decreto do ano (pode haver transferência)
2194-06-05;Corpus Christi;facultativo;BR;;previsto;Regra de cálculo (Páscoa/data fixa);Ponto facultativo - só vale se a empresa ou a convenção coletiva conceder
2194-07-26;Aniversário / Emancipação Política do Município;municipal;Cianorte-PR;;previsto;Padrão dos anos confirmados (TJPR 2025 e 2026);Previsão pela data fixa - confirmar o decreto do ano (pode haver transferência)
2194-09-07;Independência do Brasil;nacional;BR;;lei;Lei federal;
2194-10-12;Nossa Senhora Aparecida;nacional;BR;;lei;Lei federal;
2194-11-02;Finados;nacional;BR;;lei;Lei federal;
2194-11-15;Proclamação da República;nacional;BR;;lei;Lei federal;
2194-11-20;Dia Nacional de Zumbi e da Consciência Negra;nacional;BR;;lei;Lei 14.759/2023;
2194-12-19;Emancipação Política do Paraná;estadual;PR;;previsto;Bem Paraná (decisão da Justiça do Trabalho);Segundo a Justiça do Trabalho não é feriado civil (só servidores) - confirmar na convenção coletiva
2194-12-24;Véspera de Natal;facultativo;BR;;previsto;Regra de cálculo (Páscoa/data fixa);Ponto facultativo - só vale se a empresa ou a convenção coletiva conceder
2194-12-25;Natal;nacional;BR;;lei;Lei federal;
2194-12-31;Véspera de Ano Novo;facultativo;BR;;previsto;Regra de cálculo (Páscoa/data fixa);Ponto facultativo - só vale se a empresa ou a convenção coletiva conceder
2195-01-01;Confraternização Universal;nacional;BR;;lei;Lei federal;
2195-02-09;Segunda-feira de Carnaval;facultativo;BR;;previsto;Regra de cálculo (Páscoa/data fixa);Ponto facultativo - só vale se a empresa ou a convenção coletiva conceder
2195-02-10;Terça-feira de Carnaval;facultativo;BR;;previsto;Regra de cálculo (Páscoa/data fixa);Ponto facultativo - só vale se a empresa ou a convenção coletiva conceder
2195-03-27;Sexta-feira Santa;nacional;BR;;lei;Lei federal (Páscoa calculada);
2195-04-21;Tiradentes;nacional;BR;;lei;Lei federal;
2195-05-01;Dia do Trabalho;nacional;BR;;lei;Lei federal;
2195-05-13;Dia da Padroeira do Município;municipal;Cianorte-PR;;previsto;Padrão dos anos confirmados (TJPR 2025 e 2026);Previsão pela data fixa - confirmar o decreto do ano (pode haver transferência)
2195-05-28;Corpus Christi;facultativo;BR;;previsto;Regra de cálculo (Páscoa/data fixa);Ponto facultativo - só vale se a empresa ou a convenção coletiva conceder
2195-07-26;Aniversário / Emancipação Política do Município;municipal;Cianorte-PR;;previsto;Padrão dos anos confirmados (TJPR 2025 e 2026);Previsão pela data fixa - confirmar o decreto do ano (pode haver transferência)
2195-09-07;Independência do Brasil;nacional;BR;;lei;Lei federal;
2195-10-12;Nossa Senhora Aparecida;nacional;BR;;lei;Lei federal;
2195-11-02;Finados;nacional;BR;;lei;Lei federal;
2195-11-15;Proclamação da República;nacional;BR;;lei;Lei federal;
2195-11-20;Dia Nacional de Zumbi e da Consciência Negra;nacional;BR;;lei;Lei 14.759/2023;
2195-12-19;Emancipação Política do Paraná;estadual;PR;;previsto;Bem Paraná (decisão da Justiça do Trabalho);Segundo a Justiça do Trabalho não é feriado civil (só servidores) - confirmar na convenção coletiva
2195-12-24;Véspera de Natal;facultativo;BR;;previsto;Regra de cálculo (Páscoa/data fixa);Ponto facultativo - só vale se a empresa ou a convenção coletiva conceder
2195-12-25;Natal;nacional;BR;;lei;Lei federal;
2195-12-31;Véspera de Ano Novo;facultativo;BR;;previsto;Regra de cálculo (Páscoa/data fixa);Ponto facultativo - só vale se a empresa ou a convenção coletiva conceder
2196-01-01;Confraternização Universal;nacional;BR;;lei;Lei federal;
2196-02-29;Segunda-feira de Carnaval;facultativo;BR;;previsto;Regra de cálculo (Páscoa/data fixa);Ponto facultativo - só vale se a empresa ou a convenção coletiva conceder
2196-03-01;Terça-feira de Carnaval;facultativo;BR;;previsto;Regra de cálculo (Páscoa/data fixa);Ponto facultativo - só vale se a empresa ou a convenção coletiva conceder
2196-04-15;Sexta-feira Santa;nacional;BR;;lei;Lei federal (Páscoa calculada);
2196-04-21;Tiradentes;nacional;BR;;lei;Lei federal;
2196-05-01;Dia do Trabalho;nacional;BR;;lei;Lei federal;
2196-05-13;Dia da Padroeira do Município;municipal;Cianorte-PR;;previsto;Padrão dos anos confirmados (TJPR 2025 e 2026);Previsão pela data fixa - confirmar o decreto do ano (pode haver transferência)
2196-06-16;Corpus Christi;facultativo;BR;;previsto;Regra de cálculo (Páscoa/data fixa);Ponto facultativo - só vale se a empresa ou a convenção coletiva conceder
2196-07-26;Aniversário / Emancipação Política do Município;municipal;Cianorte-PR;;previsto;Padrão dos anos confirmados (TJPR 2025 e 2026);Previsão pela data fixa - confirmar o decreto do ano (pode haver transferência)
2196-09-07;Independência do Brasil;nacional;BR;;lei;Lei federal;
2196-10-12;Nossa Senhora Aparecida;nacional;BR;;lei;Lei federal;
2196-11-02;Finados;nacional;BR;;lei;Lei federal;
2196-11-15;Proclamação da República;nacional;BR;;lei;Lei federal;
2196-11-20;Dia Nacional de Zumbi e da Consciência Negra;nacional;BR;;lei;Lei 14.759/2023;
2196-12-19;Emancipação Política do Paraná;estadual;PR;;previsto;Bem Paraná (decisão da Justiça do Trabalho);Segundo a Justiça do Trabalho não é feriado civil (só servidores) - confirmar na convenção coletiva
2196-12-24;Véspera de Natal;facultativo;BR;;previsto;Regra de cálculo (Páscoa/data fixa);Ponto facultativo - só vale se a empresa ou a convenção coletiva conceder
2196-12-25;Natal;nacional;BR;;lei;Lei federal;
2196-12-31;Véspera de Ano Novo;facultativo;BR;;previsto;Regra de cálculo (Páscoa/data fixa);Ponto facultativo - só vale se a empresa ou a convenção coletiva conceder
2197-01-01;Confraternização Universal;nacional;BR;;lei;Lei federal;
2197-02-20;Segunda-feira de Carnaval;facultativo;BR;;previsto;Regra de cálculo (Páscoa/data fixa);Ponto facultativo - só vale se a empresa ou a convenção coletiva conceder
2197-02-21;Terça-feira de Carnaval;facultativo;BR;;previsto;Regra de cálculo (Páscoa/data fixa);Ponto facultativo - só vale se a empresa ou a convenção coletiva conceder
2197-04-07;Sexta-feira Santa;nacional;BR;;lei;Lei federal (Páscoa calculada);
2197-04-21;Tiradentes;nacional;BR;;lei;Lei federal;
2197-05-01;Dia do Trabalho;nacional;BR;;lei;Lei federal;
2197-05-13;Dia da Padroeira do Município;municipal;Cianorte-PR;;previsto;Padrão dos anos confirmados (TJPR 2025 e 2026);Previsão pela data fixa - confirmar o decreto do ano (pode haver transferência)
2197-06-08;Corpus Christi;facultativo;BR;;previsto;Regra de cálculo (Páscoa/data fixa);Ponto facultativo - só vale se a empresa ou a convenção coletiva conceder
2197-07-26;Aniversário / Emancipação Política do Município;municipal;Cianorte-PR;;previsto;Padrão dos anos confirmados (TJPR 2025 e 2026);Previsão pela data fixa - confirmar o decreto do ano (pode haver transferência)
2197-09-07;Independência do Brasil;nacional;BR;;lei;Lei federal;
2197-10-12;Nossa Senhora Aparecida;nacional;BR;;lei;Lei federal;
2197-11-02;Finados;nacional;BR;;lei;Lei federal;
2197-11-15;Proclamação da República;nacional;BR;;lei;Lei federal;
2197-11-20;Dia Nacional de Zumbi e da Consciência Negra;nacional;BR;;lei;Lei 14.759/2023;
2197-12-19;Emancipação Política do Paraná;estadual;PR;;previsto;Bem Paraná (decisão da Justiça do Trabalho);Segundo a Justiça do Trabalho não é feriado civil (só servidores) - confirmar na convenção coletiva
2197-12-24;Véspera de Natal;facultativo;BR;;previsto;Regra de cálculo (Páscoa/data fixa);Ponto facultativo - só vale se a empresa ou a convenção coletiva conceder
2197-12-25;Natal;nacional;BR;;lei;Lei federal;
2197-12-31;Véspera de Ano Novo;facultativo;BR;;previsto;Regra de cálculo (Páscoa/data fixa);Ponto facultativo - só vale se a empresa ou a convenção coletiva conceder
2198-01-01;Confraternização Universal;nacional;BR;;lei;Lei federal;
2198-02-05;Segunda-feira de Carnaval;facultativo;BR;;previsto;Regra de cálculo (Páscoa/data fixa);Ponto facultativo - só vale se a empresa ou a convenção coletiva conceder
2198-02-06;Terça-feira de Carnaval;facultativo;BR;;previsto;Regra de cálculo (Páscoa/data fixa);Ponto facultativo - só vale se a empresa ou a convenção coletiva conceder
2198-03-23;Sexta-feira Santa;nacional;BR;;lei;Lei federal (Páscoa calculada);
2198-04-21;Tiradentes;nacional;BR;;lei;Lei federal;
2198-05-01;Dia do Trabalho;nacional;BR;;lei;Lei federal;
2198-05-13;Dia da Padroeira do Município;municipal;Cianorte-PR;;previsto;Padrão dos anos confirmados (TJPR 2025 e 2026);Previsão pela data fixa - confirmar o decreto do ano (pode haver transferência)
2198-05-24;Corpus Christi;facultativo;BR;;previsto;Regra de cálculo (Páscoa/data fixa);Ponto facultativo - só vale se a empresa ou a convenção coletiva conceder
2198-07-26;Aniversário / Emancipação Política do Município;municipal;Cianorte-PR;;previsto;Padrão dos anos confirmados (TJPR 2025 e 2026);Previsão pela data fixa - confirmar o decreto do ano (pode haver transferência)
2198-09-07;Independência do Brasil;nacional;BR;;lei;Lei federal;
2198-10-12;Nossa Senhora Aparecida;nacional;BR;;lei;Lei federal;
2198-11-02;Finados;nacional;BR;;lei;Lei federal;
2198-11-15;Proclamação da República;nacional;BR;;lei;Lei federal;
2198-11-20;Dia Nacional de Zumbi e da Consciência Negra;nacional;BR;;lei;Lei 14.759/2023;
2198-12-19;Emancipação Política do Paraná;estadual;PR;;previsto;Bem Paraná (decisão da Justiça do Trabalho);Segundo a Justiça do Trabalho não é feriado civil (só servidores) - confirmar na convenção coletiva
2198-12-24;Véspera de Natal;facultativo;BR;;previsto;Regra de cálculo (Páscoa/data fixa);Ponto facultativo - só vale se a empresa ou a convenção coletiva conceder
2198-12-25;Natal;nacional;BR;;lei;Lei federal;
2198-12-31;Véspera de Ano Novo;facultativo;BR;;previsto;Regra de cálculo (Páscoa/data fixa);Ponto facultativo - só vale se a empresa ou a convenção coletiva conceder
2199-01-01;Confraternização Universal;nacional;BR;;lei;Lei federal;
2199-02-25;Segunda-feira de Carnaval;facultativo;BR;;previsto;Regra de cálculo (Páscoa/data fixa);Ponto facultativo - só vale se a empresa ou a convenção coletiva conceder
2199-02-26;Terça-feira de Carnaval;facultativo;BR;;previsto;Regra de cálculo (Páscoa/data fixa);Ponto facultativo - só vale se a empresa ou a convenção coletiva conceder
2199-04-12;Sexta-feira Santa;nacional;BR;;lei;Lei federal (Páscoa calculada);
2199-04-21;Tiradentes;nacional;BR;;lei;Lei federal;
2199-05-01;Dia do Trabalho;nacional;BR;;lei;Lei federal;
2199-05-13;Dia da Padroeira do Município;municipal;Cianorte-PR;;previsto;Padrão dos anos confirmados (TJPR 2025 e 2026);Previsão pela data fixa - confirmar o decreto do ano (pode haver transferência)
2199-06-13;Corpus Christi;facultativo;BR;;previsto;Regra de cálculo (Páscoa/data fixa);Ponto facultativo - só vale se a empresa ou a convenção coletiva conceder
2199-07-26;Aniversário / Emancipação Política do Município;municipal;Cianorte-PR;;previsto;Padrão dos anos confirmados (TJPR 2025 e 2026);Previsão pela data fixa - confirmar o decreto do ano (pode haver transferência)
2199-09-07;Independência do Brasil;nacional;BR;;lei;Lei federal;
2199-10-12;Nossa Senhora Aparecida;nacional;BR;;lei;Lei federal;
2199-11-02;Finados;nacional;BR;;lei;Lei federal;
2199-11-15;Proclamação da República;nacional;BR;;lei;Lei federal;
2199-11-20;Dia Nacional de Zumbi e da Consciência Negra;nacional;BR;;lei;Lei 14.759/2023;
2199-12-19;Emancipação Política do Paraná;estadual;PR;;previsto;Bem Paraná (decisão da Justiça do Trabalho);Segundo a Justiça do Trabalho não é feriado civil (só servidores) - confirmar na convenção coletiva
2199-12-24;Véspera de Natal;facultativo;BR;;previsto;Regra de cálculo (Páscoa/data fixa);Ponto facultativo - só vale se a empresa ou a convenção coletiva conceder
2199-12-25;Natal;nacional;BR;;lei;Lei federal;
2199-12-31;Véspera de Ano Novo;facultativo;BR;;previsto;Regra de cálculo (Páscoa/data fixa);Ponto facultativo - só vale se a empresa ou a convenção coletiva conceder
